,,,,,,,,,
OCLC Number,Title,Author Name,Publisher Name,Publication Date,Title ISSN,Title eISSN,Conspectus Subject,Material Subformat,URL
48530106,Publishing research quarterly.,N/A,"Transaction Publishers,Springer",1985,N/A,1936-4792, Books & Reading,EJOURNALS/EMAGAZINES,https://libswu.on.worldcat.org/oclc/48530106
568687212,The back page /,"Ott, Bill.","American Library Association,",2009,N/A,N/A, Books & Reading,EBOOKS,https://libswu.on.worldcat.org/oclc/568687212
644147222,Book research quarterly.,University of Scranton.Transaction Periodicals Consortium.,"Transaction Periodicals Consortium, Rutgers University,",1985,N/A,N/A, Books & Reading,EJOURNALS/EMAGAZINES,https://libswu.on.worldcat.org/oclc/644147222
809589035,New England Reading Association newsletter.,N/A,New England Reading Association,2011,N/A,N/A, Books & Reading,EJOURNALS/EMAGAZINES,https://libswu.on.worldcat.org/oclc/809589035
1036244793,GREEN BOOKSHOPRECOMMENDED READING FOR DOCTORS AND OTHERS FROM THE MEDICAL JOURNAL EDUCATION FOR PRIMARY CARE.,"SALINSKY, JOHN;HEATH, IONA;WALTERS, MATTHEW.","CRC Press,",2018,N/A,N/A, Books & Reading,EBOOKS,https://libswu.on.worldcat.org/oclc/1036244793
1117837615,"How We ReadTales, Fury, Nothing, Sound /","Wilson, Anna.; Schut, Kirsty.Hsy, Jonathan Horng.Piuma, Chris.Jordan, Jennifer.Heller, Kaitlin.Hammer, Jessica.Dumitrescu, Irina.Conklin Akbari, Suzanne.Bryant, Brantley.Brouillard, Lochin.Bahr, Stephanie.Atiya, Alexandra.","Punctum Books,",2019,N/A,N/A, Books & Reading,EBOOKS,https://libswu.on.worldcat.org/oclc/1117837615
47180329,Business communication quarterly.,"Association for Business Communication (U.S.),",Sage Publications,1995,N/A,1552-4191, Business Communication,EJOURNALS/EMAGAZINES,https://libswu.on.worldcat.org/oclc/47180329
48070482,The Journal of business communication.,"Association for Business Communication (U.S.),",Sage Publications,1973,N/A,1552-4582, Business Communication,EJOURNALS/EMAGAZINES,https://libswu.on.worldcat.org/oclc/48070482
51796726,Crystal reports 9 :the complete reference /,"Peck, George","McGraw-Hill/Osborne,",2003,N/A,N/A, Business Communication,EBOOKS,https://libswu.on.worldcat.org/oclc/51796726
52344376,"Bids, tenders & proposals /","Lewis, Harold,","Kogan Page,",2003,N/A,N/A, Business Communication,EBOOKS,https://libswu.on.worldcat.org/oclc/52344376
52687145,Business writing for results :how to create a sense of urgency and increase response to all of your business communications /,"Cleland, Jane K.","McGraw-Hill,",2003,N/A,N/A, Business Communication,EBOOKS,https://libswu.on.worldcat.org/oclc/52687145
53094727,Write to the point :how to communicate in business with style and purpose /,"Iacone, Salvatore J.; Brandon, Jodi.","Career Press,",2003,N/A,N/A, Business Communication,EBOOKS,https://libswu.on.worldcat.org/oclc/53094727
53204735,Crystal Reports /,"Peck, George","McGraw-Hill/Osborne,",2003,N/A,N/A, Business Communication,EBOOKS,https://libswu.on.worldcat.org/oclc/53204735
53243927,"Writing at work :a guide to better writing in administration, business and management /","Barrass, Robert.","Routledge,",2003,N/A,N/A, Business Communication,EBOOKS,https://libswu.on.worldcat.org/oclc/53243927
54864132,"How to prepare, stage, and deliver winning presentations /","Leech, Thomas.; Leech, Thomas.","American Management Association,",2004,N/A,N/A, Business Communication,EBOOKS,https://libswu.on.worldcat.org/oclc/54864132
54936968,Business across cultures /,"Trompenaars, Alfons.; Woolliams, Peter.","Capstone,",2003,N/A,N/A, Business Communication,EBOOKS,https://libswu.on.worldcat.org/oclc/54936968
54938325,Death by meeting :a leadership fable-- about solving the most painful problem in business /,"Lencioni, Patrick,","Jossey-Bass,",2004,N/A,N/A, Business Communication,EBOOKS,https://libswu.on.worldcat.org/oclc/54938325
62858327,"Proceedings, 2005 International Symposium on Collaborative Technologies and Systems :May 15-20, 2005, Adam's Mark Hotel, Saint Louis, Missouri, USA /","International Symposium on Collaborative Technologies and Systems; McQuay, William.Smari, Waleed W.Kim, Seung Yun,; Institute of Electrical and Electronics Engineers.IEEE Computer Society.IEEE Systems, Man, and Cybernetics Society.","IEEE Computer Society,",2005,N/A,N/A, Business Communication,EBOOKS,https://libswu.on.worldcat.org/oclc/62858327
123532644,Presentations.,EBSCO Publishing (Firm),"Lakewood Publications,",1993,N/A,1072-7531, Business Communication,EJOURNALS/EMAGAZINES,https://libswu.on.worldcat.org/oclc/123532644
173502857,Video communications :the whole picture /,"Wilcox, James R.; Gibson, David K.Wilcox, James R.","CMP Books,",2005,N/A,N/A, Business Communication,EBOOKS,https://libswu.on.worldcat.org/oclc/173502857
270933398,Writing marketing :literary lessons from academic authorities /,"Brown, Stephen,","SAGE,",2005,N/A,N/A, Business Communication,EBOOKS,https://libswu.on.worldcat.org/oclc/270933398
272139900,Journal of business and technical communication.,N/A,CSA.,1999,N/A,N/A, Business Communication,EJOURNALS/EMAGAZINES,https://libswu.on.worldcat.org/oclc/272139900
480613609,"Corporate communications :convention, complexity, and critique /","Christensen, Lars Thøger,; Morsing, Mette.Cheney, George.","Sage Pub.,",2008,N/A,N/A, Business Communication,EBOOKS,https://libswu.on.worldcat.org/oclc/480613609
712119338,Fundamentals of writing for marketing and public relations :a step-by-step guide for quick and effective results /,"Mizrahi, Janet.; Business Expert Press.","Business Expert Press,",2010,N/A,N/A, Business Communication,EBOOKS,https://libswu.on.worldcat.org/oclc/712119338
774870173,Corporate communication :tactical guidelines for strategic practice /,"Goodman, Michael B.,; Hirsch, Peter B.; Business Expert Press.","Business Expert Press,",2012,N/A,N/A, Business Communication,EBOOKS,https://libswu.on.worldcat.org/oclc/774870173
793979297,The diary :100 days and lessons in corporate communications /,"Maier, Simon.","Marshall Cavendish Business,",2012,N/A,N/A, Business Communication,EBOOKS,https://libswu.on.worldcat.org/oclc/793979297
811117870,"Improving writing skills :memos, letters, reports, and proposals /","Berger, Arthur Asa,","Sage Publications,",1993,N/A,N/A, Business Communication,EBOOKS,https://libswu.on.worldcat.org/oclc/811117870
811153672,"Bids, proposals and tenders :succeeding with effective writing.","Nickson, David.","BCS, The Chartered Institute for IT,",2012,N/A,N/A, Business Communication,EBOOKS,https://libswu.on.worldcat.org/oclc/811153672
812620051,"Enabling Technologies, 6th Workshop :Infrastructure for Collaborative Enterprises.",N/A,"IEEE Computer Society Press,",1997,N/A,N/A, Business Communication,EBOOKS,https://libswu.on.worldcat.org/oclc/812620051
828868904,How to write reports & proposals /,"Forsyth, Patrick.","Kogan Page Limited,",2013,N/A,N/A, Business Communication,EBOOKS,https://libswu.on.worldcat.org/oclc/828868904
828869690,Develop your presentation skills /,"Theobald, Theo,","Kogan Page Ltd,",2013,N/A,N/A, Business Communication,EBOOKS,https://libswu.on.worldcat.org/oclc/828869690
842840238,Taking minutes of meetings /,"Gutmann, Joanna,","Kogan Page Limited,",2013,N/A,N/A, Business Communication,EBOOKS,https://libswu.on.worldcat.org/oclc/842840238
847514253,International journal of business communication.,N/A,"Sage Publications,",2014,N/A,2329-4892, Business Communication,EJOURNALS/EMAGAZINES,https://libswu.on.worldcat.org/oclc/847514253
847515052,Business and professional communication quarterly.,"Association for Business Communication (U.S.),","[Sage Publications],",2014,N/A,2329-4922, Business Communication,EJOURNALS/EMAGAZINES,https://libswu.on.worldcat.org/oclc/847515052
875098633,The presentation lab :learn the formula behind powerful presentations /,"Morton, Simon,","Wiley,",2014,N/A,N/A, Business Communication,EBOOKS,https://libswu.on.worldcat.org/oclc/875098633
893627117,"Bilingual guide to business and professional correspondence, German-English =Zweisprachen-Briefsteller für das Geschäft und den Beruf, Englisch-Deutsch /","Harvard, Joseph,","Pergamon Press,",1965,N/A,N/A, Business Communication,EBOOKS,https://libswu.on.worldcat.org/oclc/893627117
895700078,Improve your communication skills /,"Barker, Alan,","Kogan Page Ltd,",2013,N/A,N/A, Business Communication,EBOOKS,https://libswu.on.worldcat.org/oclc/895700078
990612825,"Persuasive Business Proposals :Writing to Win More Customers, Clients, and Contracts.","Sant, Tom.","AMACOM,",2003,N/A,N/A, Business Communication,EBOOKS,https://libswu.on.worldcat.org/oclc/990612825
1058424088,Business communications review.,N/A,[publisher not identified],1971,N/A,0162-3885, Business Communication,EJOURNALS/EMAGAZINES,https://libswu.on.worldcat.org/oclc/1058424088
1058476659,The AMA handbook of business documents :guidelines and sample documents that make business writing easy /,"Wilson, K.; Wauson, Jennifer.","AMACOM, American Management Association,",2011,N/A,N/A, Business Communication,EBOOKS,https://libswu.on.worldcat.org/oclc/1058476659
1116175652,Communication world,International Association of Business Communicators.,"International Association of Business Communicators,",1994,N/A,0744-7612, Business Communication,EJOURNALS/EMAGAZINES,https://libswu.on.worldcat.org/oclc/1116175652
1240582943,Impactful Communication :Communicate to Conquer.,"Sethi, Deepa.","SAGE Publications,",2021,N/A,N/A, Business Communication,EBOOKS,https://libswu.on.worldcat.org/oclc/1240582943
1281707862,How to write successful business & management essays /,"Tissington, Patrick,; Hasel, Markus,",": Sage,",2017,N/A,N/A, Business Communication,EBOOKS,https://libswu.on.worldcat.org/oclc/1281707862
1284919707,Writing on the job :best practices for communicating in the digital age /,"Coven, Martha B.,","Princeton University Press,",2022,N/A,N/A, Business Communication,EBOOKS,https://libswu.on.worldcat.org/oclc/1284919707
1309959838,"Globalisation, Geopolitics, and Gender in Professional Communication /","Mullany, Louise,Schnurr, Stephanie,","Routledge,",2022,N/A,N/A, Business Communication,EBOOKS,https://libswu.on.worldcat.org/oclc/1309959838
1350437907,The a-ha! method :communicating powerfully in a time of distraction /,"Zichermann, Gabe,","Rowman & Littlefield,",2023,N/A,N/A, Business Communication,EBOOKS,https://libswu.on.worldcat.org/oclc/1350437907
1381183041,Communication climate at work :fostering friendly friction in organisations /,"Kvalnes, Øyvin,","Palgrave Macmillan,",2023,N/A,N/A, Business Communication,EBOOKS,https://libswu.on.worldcat.org/oclc/1381183041
1410138541,Kommunikation und Bildverarbeitung in der AutomationAusgewählte Beiträge der Jahreskolloquien KommA und BVAu 2018.,"Jasperneite, Jürgen.; Jasperneite, Jürgen.Lohweg, Volker.Lohweg, Volker.",Springer Nature,2020,N/A,N/A, Business Communication,EBOOKS,https://libswu.on.worldcat.org/oclc/1410138541
1410140246,Kommunikation und Bildverarbeitung in der AutomationAusgewählte Beiträge der Jahreskolloquien KommA und BVAu 2020.,"Jasperneite, Jürgen.; Jasperneite, Jürgen.Lohweg, Volker.Lohweg, Volker.",Springer Nature,2022,N/A,N/A, Business Communication,EBOOKS,https://libswu.on.worldcat.org/oclc/1410140246
1411228996,"Video conferencing :infrastructures, practices, aesthetics /","Volmar, Axel,Moskatova, Olga,Distelmeyer, Jan,","Transcript Verlag,",2023,N/A,N/A, Business Communication,EBOOKS,https://libswu.on.worldcat.org/oclc/1411228996
298788759,Supporting language and communication :a guide for school support staff /,"Sage, Rosemary","Paul Chapman,",2006,N/A,N/A, Communication in Education,EBOOKS,https://libswu.on.worldcat.org/oclc/298788759
606834160,Transmediation in the classroom :a semiotics-based media literacy framework /,"Semali, Ladislaus,","P. Lang,",2002,N/A,N/A, Communication in Education,EBOOKS,https://libswu.on.worldcat.org/oclc/606834160
607619091,Dialogue is not just talk :a new ground for educational leadership /,"Shields, Carolyn M.; Edwards, Mark M.,","P. Lang,",2005,N/A,N/A, Communication in Education,EBOOKS,https://libswu.on.worldcat.org/oclc/607619091
648159353,"Communicating in school science :groups, tasks, and problem solving, 5-16 /","Bentley, Di.; Watts, Mike.","Falmer Press,",1992,N/A,N/A, Communication in Education,EBOOKS,https://libswu.on.worldcat.org/oclc/648159353
797817928,Managing effective relationships in education /,"Cardno, Carol E. M.","SAGE,",2012,N/A,N/A, Communication in Education,EBOOKS,https://libswu.on.worldcat.org/oclc/797817928
860441939,Exploring talk in school /,"Mercer, Neil.Hodgkinson, Steve.","SAGE,",2008,N/A,N/A, Communication in Education,EBOOKS,https://libswu.on.worldcat.org/oclc/860441939
885123029,Foucault and a Politics of Confession in Education.,"Fejes, Andreas,; Nicoll, Katherine.","Taylor and Francis,",2014,N/A,N/A, Communication in Education,EBOOKS,https://libswu.on.worldcat.org/oclc/885123029
900540186,"The multigenerational workplace :communicate, collaborate, and create community /","Abrams, Jennifer,; Von Frank, Valerie,","Corwin,",2014,N/A,N/A, Communication in Education,EBOOKS,https://libswu.on.worldcat.org/oclc/900540186
955187673,Lehrkraft-Eltern-Interaktionen am Elternsprechtag :eine gesprächs- und gattungsanalytische Untersuchung /,"Wegner, Lars,","De Gruyter,",2016,N/A,N/A, Communication in Education,EBOOKS,https://libswu.on.worldcat.org/oclc/955187673
961181747,Teacher voice :amplifying success /,"Quaglia, Russell J.,; Lande, Lisa L.,","Corwin, a SAGE Company,",2017,N/A,N/A, Communication in Education,EBOOKS,https://libswu.on.worldcat.org/oclc/961181747
1181841301,"The Astonishing Power of Storytelling  :Leading, Teaching, and Transforming in a New Way.","Garmston, Robert John.","SAGE Publications,",2018,N/A,N/A, Communication in Education,EBOOKS,https://libswu.on.worldcat.org/oclc/1181841301
1282775763,"Morning Classroom Conversations :Build Your Students′ Social-Emotional, Character, and Communication Skills Every Day /","Elias, Maurice J.,; Murphy, Nina A.,McClain, Kellie A.,","Corwin,",2021,N/A,N/A, Communication in Education,EBOOKS,https://libswu.on.worldcat.org/oclc/1282775763
52841407,"Telematic embrace :visionary theories of art, technology, and consciousness /","Ascott, Roy.; Shanken, Edward A.,","University of California Press,",2003,N/A,N/A, Computer Art. Digital Art,EBOOKS,https://libswu.on.worldcat.org/oclc/52841407
500579282,Digital art masters.,3DTotal.com (Firm),"Elsevier/Focal,",2009,N/A,N/A, Computer Art. Digital Art,EBOOKS,https://libswu.on.worldcat.org/oclc/500579282
528550726,Digital painting techniques.,3DTotal.com (Firm),"Elsevier ;Focal Press,",2009,N/A,N/A, Computer Art. Digital Art,EBOOKS,https://libswu.on.worldcat.org/oclc/528550726
652759269,Digital art masters.,3DTotal.com (Firm),"Focal,",2010,N/A,N/A, Computer Art. Digital Art,EBOOKS,https://libswu.on.worldcat.org/oclc/652759269
794665989,Digital painting techniques.,"Greenway, Tom.; 3DTotal.com (Firm)","Focal Press/Elsevier,",2009,N/A,N/A, Computer Art. Digital Art,EBOOKS,https://libswu.on.worldcat.org/oclc/794665989
981021015,2016 IEEE International Workshop on Mixed Reality Art (MRA).,"IEEE International Workshop on Mixed Reality Art; Institute of Electrical and Electronics Engineers,; IEEE Virtual Reality Conference","IEEE,",2016,N/A,N/A, Computer Art. Digital Art,EBOOKS,https://libswu.on.worldcat.org/oclc/981021015
1049173611,"ICDAMT, International Conference on Digital Arts, Media and Technology.25-28 Feb 2018, University of Phayao, Chiangrai Campus, Thailand.","ICDAMT (Conference); Mahāwitthayālai Phayao,IEEE Thailand Section,Electrical Engineering/Electronics, Computer, Telecommunications, and Information Technology Association (Thailand),Institute of Electrical and Electronics Engineers,","IEEE,",2018,N/A,N/A, Computer Art. Digital Art,EBOOKS,https://libswu.on.worldcat.org/oclc/1049173611
1067240836,Digital art masters /,3DTotal.com (Firm),"Focal Press,",2007,N/A,N/A, Computer Art. Digital Art,EBOOKS,https://libswu.on.worldcat.org/oclc/1067240836
1103713329,"ECTI DAMT & NCON 2019 :the 4th International Conference on Digital Arts, Media and Technology and 2nd ECTI Northern Section Conference on Electrical, Electronics, Computer and Telecommunications Engineering : January 30 - February 2, 2019, Nan, Thailand.","ICDAMT (Conference); Electrical Engineering/Electronics, Computer, Telecommunications, and Information Technology Association (Thailand).IEEE Thailand Section.Institute of Electrical and Electronics Engineers,; ECTI-NCON (Conference)","IEEE,",2019,N/A,N/A, Computer Art. Digital Art,EBOOKS,https://libswu.on.worldcat.org/oclc/1103713329
1114282729,"High-tech trash :glitch, noise, and aesthetic failure /","Kane, Carolyn L.,","University of California Press,",2019,N/A,N/A, Computer Art. Digital Art,EBOOKS,https://libswu.on.worldcat.org/oclc/1114282729
1159139667,"DAMT & NCON 2020 :International Conference on Digital Arts, Media and Technology (DAMT) and ECTI Northern Section Conference on Electrical, Electronics, Computer and Telecommunications Engineering (NCON) : 11-14 March 2020 at Pattaya, Thailand.","ICDAMT (Conference); Electrical Engineering/Electronics, Computer, Telecommunications, and Information Technology Association (Thailand).IEEE Thailand Section.Institute of Electrical and Electronics Engineers,; ECTI-NCON (Conference)","IEEE,",2020,N/A,N/A, Computer Art. Digital Art,EBOOKS,https://libswu.on.worldcat.org/oclc/1159139667
1306539860,"Atlas der Datenkörper 1 :Körperbilder in Kunst, Design und Wissenschaft im Zeitalter digitaler Medien /","Bart, Marlene,Bart, Marlene,Bencicova, Evelyn,Blasius, Clara Maria,Breuer, Johannes,Breuer, Johannes,Demnard, Joris,Esther, Arielle,Farfán, Vanessa,Freier, Alex Leo,Freier, Alex Leo,Held, Tobias,Holzheu, Stefanie,Lee, Sang,Moses, Gabriel S,Richter, Fabian,Rückeis, Julia,Rünker, Maximilian,Spång, Fanny,Swanson, Tabitha,Thurow, Katharina,Toland, Alexandra,","transcript Verlag,",2022,N/A,N/A, Computer Art. Digital Art,EBOOKS,https://libswu.on.worldcat.org/oclc/1306539860
1482827342,"Urban Screens :Situations, Practices, Concepts.","Verhoeff, Nanna.","Amsterdam University Press,",2024,N/A,N/A, Computer Art. Digital Art,EBOOKS,https://libswu.on.worldcat.org/oclc/1482827342
1579000664,Six critical lenses on AI-generated images /,"Bouko, Catherine,Laba, Nataliia,","CRC Press,",2026,N/A,N/A, Computer Art. Digital Art,EBOOKS,https://libswu.on.worldcat.org/oclc/1579000664
19901592,Dr. Dobb's journal :software tools for the professional programmer.,N/A,"M & T Pub.,",1989,1044-789X,N/A," Digital Computers, General",N/A,https://libswu.on.worldcat.org/oclc/19901592
38172045,"Software, practice & experience.",Wiley InterScience (Online service),John Wiley & Sons,1971,N/A,1097-024X," Digital Computers, General",EJOURNALS/EMAGAZINES,https://libswu.on.worldcat.org/oclc/38172045
39975951,Numerische Mathematik.,N/A,"Springer-Verlag Heidelberg,",1959,N/A,0945-3245," Digital Computers, General",EJOURNALS/EMAGAZINES,https://libswu.on.worldcat.org/oclc/39975951
40095711,The international journal of high performance computing applications.,N/A,Sage Publications,1998,N/A,1741-2846," Digital Computers, General",EJOURNALS/EMAGAZINES,https://libswu.on.worldcat.org/oclc/40095711
46682272,Personal and ubiquitous computing.,N/A,"Springer-Verlag,",2001,N/A,1617-4917," Digital Computers, General",EJOURNALS/EMAGAZINES,https://libswu.on.worldcat.org/oclc/46682272
47876599,"IJCNN, International Joint Conference on Neural Networks :Sheraton Washington Hotel.",International Joint Conference on Neural Networks; Institute of Electrical and Electronics Engineers.International Neural Network Society.,"IEEE TAB Neural Network Conference ;Order from IEEE Service Center,",1989,N/A,N/A," Digital Computers, General",EBOOKS,https://libswu.on.worldcat.org/oclc/47876599
47880509,"WMCSA '99 :Second IEEE Workshop on Mobile Computing Systems and Applications, February 25-26, 1999, New Orleans, Louisiana : proceedings /",IEEE Workshop on Mobile Computing Systems and Applications; IEEE Computer Society.IEEE Computer Society.,"IEEE Computer Society,",1999,N/A,N/A," Digital Computers, General",EBOOKS,https://libswu.on.worldcat.org/oclc/47880509
47880729,"COMPEURO'90 :proceedings of the 1990 IEEE International Conference on Computer Systems and Software Engineering, May 8-10, 1990, Tel-Aviv, Israel /",Comp Euro; Institute of Electrical and Electronics Engineers.,"IEEE Computer Society Press,",1990,N/A,N/A," Digital Computers, General",EBOOKS,https://libswu.on.worldcat.org/oclc/47880729
47881053,"1990 Winter Simulation Conference proceedings :2-12 December, 1990, the Fairmont Hotel, New Orleans, Louisiana /","Winter Simulation Conference; Balci, Osman.Sadowski, Randall P.Nance, Richard E.; American Statistical Association.","Association for Computing Machinery,",1990,N/A,N/A," Digital Computers, General",EBOOKS,https://libswu.on.worldcat.org/oclc/47881053
47881258,"Digest of papers :the Twenty-First International Symposium on Fault-Tolerant Computing, June 25-27, 1991, Montréal, Canada /",International Symposium on Fault-Tolerant Computing; IEEE Computer Society.,"IEEE Computer Society Press,",1991,N/A,N/A," Digital Computers, General",EBOOKS,https://libswu.on.worldcat.org/oclc/47881258
47882141,"CompEuro 1992 proceedings :computer systems and software engineering, May 4-8, 1992, the Netherlands /","Comp Euro; Dewilde, P.Vandewalle, J.; IEEE Computer Society.Institute of Electrical and Electronics Engineers.IEEE Benelux.","IEEE Computer Society Press,",1992,N/A,N/A," Digital Computers, General",EBOOKS,https://libswu.on.worldcat.org/oclc/47882141
49830287,"Proceedings :Third International Conference on Mobile Data Management : 8-11 January 2002, Singapore.",International Conference on Mobile Data Management; IEEE Computer Society.,"IEEE Computer Society,",2002,N/A,N/A," Digital Computers, General",EBOOKS,https://libswu.on.worldcat.org/oclc/49830287
51305256,"Proceedings of the 27th International Symposium on Computer Architecture :June 12-14, 2000, Vancouver, British Columbia /",International Symposium on Computer Architecture; IEEE Computer Society.Association for Computing Machinery.ACM Digital Library.,"Association for Computing Machinery,",2000,N/A,N/A," Digital Computers, General",EBOOKS,https://libswu.on.worldcat.org/oclc/51305256
52223783,"Proceedings of the First IEEE International Conference on Pervasive Computing and Communications :(PerCom 2003) : Fort Worth, Texas, 23-26 March 2003 /",IEEE International Conference on Pervasive Computing and Communications; IEEE Computer Society.University of Texas at Arlington.,"IEEE,",2003,N/A,N/A," Digital Computers, General",EBOOKS,https://libswu.on.worldcat.org/oclc/52223783
52578358,Computing information technology :the human side /,"Gordon, Steven R.","IRM Press,",2003,N/A,N/A," Digital Computers, General",EBOOKS,https://libswu.on.worldcat.org/oclc/52578358
52751718,GPRS :gateway to third generation mobile networks /,"Heine, Gunnar.; Sagkob, Holger.","Artech House,",2003,N/A,N/A," Digital Computers, General",EBOOKS,https://libswu.on.worldcat.org/oclc/52751718
52816712,"Fifth International Symposium on Wearable Computers :proceedings : 8-9 October, 2001, Zürich, Switzerland /",International Symposium on Wearable Computers; IEEE Computer Society.,"IEEE Computer Society,",2001,N/A,N/A," Digital Computers, General",EBOOKS,https://libswu.on.worldcat.org/oclc/52816712
52995451,"Sixth International Symposium on Wearable Computers (ISWC 2002) :proceedings : 7-10 October, 2002, Seattle, Washington /",International Symposium on Wearable Computers; IEEE Computer Society.,"IEEE Computer Society,",2002,N/A,N/A," Digital Computers, General",EBOOKS,https://libswu.on.worldcat.org/oclc/52995451
53292246,"29th Annual International Symposium on Computer Architecture :proceedings : 25-29 May, 2002, Anchorage, Alaska /",International Symposium on Computer Architecture; IEEE Computer Society.Sigarch.,"IEEE Computer Society,",2002,N/A,N/A," Digital Computers, General",EBOOKS,https://libswu.on.worldcat.org/oclc/53292246
53438128,"Proceedings of the 2002 Winter Simulation Conference :Manchester Grand Hyatt San Diego, San Diego, CA, U.S.A., December 8-11, 2002 /","Winter Simulation Conference; Yücesan, Enver.; Association for Computing Machinery.Institute of Electrical and Electronics Engineers.","Association for Computing Machinery ;IEEE,",2002,N/A,N/A," Digital Computers, General",EBOOKS,https://libswu.on.worldcat.org/oclc/53438128
55976831,"31st Annual International Symposium on Computer Architecture :proceedings : München, Germany, June 19-23, 2004 /",International Symposium on Computer Architecture; IEEE Computer Society.,"IEEE Computer Society,",2004,N/A,N/A," Digital Computers, General",EBOOKS,https://libswu.on.worldcat.org/oclc/55976831
56344457,Location-based services /,"Schiller, Jochen H.Voisard, Agnès.","Morgan Kaufmann Publishers,",2004,N/A,N/A," Digital Computers, General",EBOOKS,https://libswu.on.worldcat.org/oclc/56344457
57229563,"ISWC 2004 :Eighth International Symposium on Wearable Computers : proceedings : 31 October-3 November, 2004, Arlington, Virginia /",International Symposium on Wearable Computers; IEEE Computer Society.,"IEEE Computer Society,",2004,N/A,N/A," Digital Computers, General",EBOOKS,https://libswu.on.worldcat.org/oclc/57229563
58547406,"Third IEEE International Conference on Pervasive Computing and Communications Workshops :proceedings : PerCom 2005 Workshops : Kauai Island, Hawaii, 8-12 March, 2005 /",IEEE International Conference on Pervasive Computing and Communications; IEEE Computer Society.University of Texas at Arlington.,"IEEE Computer Society,",2005,N/A,N/A," Digital Computers, General",EBOOKS,https://libswu.on.worldcat.org/oclc/58547406
58548768,"Third IEEE International Conference on Pervasive Computing and Communications :PerCom 2005 : proceedings : 8-12 March 2005, Kauai Island, Hawaii /",IEEE International Conference on Pervasive Computing and Communications; IEEE Computer Society.University of Texas at Arlington.,"IEEE Computer Society,",2005,N/A,N/A," Digital Computers, General",EBOOKS,https://libswu.on.worldcat.org/oclc/58548768
62294877,Location-based services :fundamentals and operation /,"Küpper, Axel.","John Wiley,",2005,N/A,N/A," Digital Computers, General",EBOOKS,https://libswu.on.worldcat.org/oclc/62294877
62773602,"Ninth IEEE International Symposium on Wearable Computers :proceedings : Osaka, Japan : October 18-21, 2005 /",International Symposium on Wearable Computers; IEEE Computer Society.,"IEEE Computer Society,",2005,N/A,N/A," Digital Computers, General",EBOOKS,https://libswu.on.worldcat.org/oclc/62773602
71376859,"MDM 2006 Japan :7th International Conference on mobile data management : May 10-12, 2006, Nara, Japan.",IEEE International Conference on Mobile Data Management,"IEEE Computer Society,",2006,N/A,N/A," Digital Computers, General",EBOOKS,https://libswu.on.worldcat.org/oclc/71376859
71487079,"Proceedings, Seventh IEEE International Conference on Engineering of Complex Computer Systems :Skhovde, Sweden, June 11-13, 2001 /","IEEE International Conference on Engineering of Complex Computer Systems; Andler, Sten F.,Hinchey, Michael G.Offutt, Jeff,; IEEE Computer Society.IEEE Computer Society.","IEEE,",2001,N/A,N/A," Digital Computers, General",EBOOKS,https://libswu.on.worldcat.org/oclc/71487079
71493424,"Proceedings : second IEEE Annual Conference on Pervasive Computing and Communications Workshops :Orlando, Florida, March 14-17, 2004 /",IEEE International Conference on Pervasive Computing and Communications.; University of Texas at Arlington.IEEE Computer Society.,"[IEEE],",2004,N/A,N/A," Digital Computers, General",EBOOKS,https://libswu.on.worldcat.org/oclc/71493424
73397703,"Second International Workshop on Security, Privacy, and Trust in Pervasive and Ubiquitous Computing :SecPerU 2006 : proceedings : 29 June 2006, Lyon, France /","International Workshop on Security, Privacy, and Trust in Pervasive and Ubiquitous Computing; Georgiadis, P.López, JavierGritzalis, Stefanos.Marias, G. F.; IEEE Computer Society.","IEEE Computer Society,",2006,N/A,N/A," Digital Computers, General",EBOOKS,https://libswu.on.worldcat.org/oclc/73397703
133144636,"Fifth annual IEEE International Conference on Pervasive Computing and Communications :PerCom 2007, 19-23 March, 2007, White Plains, New York, USA /",IEEE International Conference on Pervasive Computing and Communications; IEEE Computer Society.Institute of Electrical and Electronics Engineers.,"IEEE Computer Society,",2007,N/A,N/A," Digital Computers, General",EBOOKS,https://libswu.on.worldcat.org/oclc/133144636
161399414,"2007 IEEE International Conference on Portable Information Devices :Orlando, Florida, 25-29 March 2007 : IEEE PORTABLE 2007.",IEEE International Conference on Portable Information Devices,"IEEE,",2007,N/A,N/A," Digital Computers, General",EBOOKS,https://libswu.on.worldcat.org/oclc/161399414
163568563,"Proceedings, Third International Workshop on Security, Privacy and Trust in Pervasive and Ubiquitous Computing :SecPerU 2007 : 19 July, 2007, Istanbul, Turkey /","International Workshop on Security, Privacy, and Trust in Pervasive and Ubiquitous Computing; Georgiadis, P.","IEEE Computer Society,",2007,N/A,N/A," Digital Computers, General",EBOOKS,https://libswu.on.worldcat.org/oclc/163568563
173819178,Advancing into the 21st century /,"Zelkowitz, Marvin V.,","Acad. Press,",2000,N/A,N/A," Digital Computers, General",EBOOKS,https://libswu.on.worldcat.org/oclc/173819178
182520331,"2006 3rd Annual International Conference on Mobile and Ubiquitous Systems--Workshops :San Jose, CA, 17-21 July 2006.",International Conference on Mobile and Ubiquitous Systems--Workshops; Institute of Electrical and Electronics Engineers.,"IEEE,",2006,N/A,N/A," Digital Computers, General",EBOOKS,https://libswu.on.worldcat.org/oclc/182520331
187989235,Mobile information systems.,N/A,"IOS Press,Hindawi Limited",2005,N/A,1875-905X," Digital Computers, General",EJOURNALS/EMAGAZINES,https://libswu.on.worldcat.org/oclc/187989235
191081465,The handbook of mobile middleware /,"Bellavista, Paolo.Corradi, A.","Auerbach Publications,",2007,N/A,N/A," Digital Computers, General",EBOOKS,https://libswu.on.worldcat.org/oclc/191081465
213380757,Context-aware pervasive systems :architectures for a new breed of applications /,"Loke, Seng.","Auerbach Publications,",2007,N/A,N/A," Digital Computers, General",EBOOKS,https://libswu.on.worldcat.org/oclc/213380757
218554614,The Internet of things :from RFID to the next-generation pervasive networked systems /,"Yan, Lu.","Auerbach Publications,",2008,N/A,N/A," Digital Computers, General",EBOOKS,https://libswu.on.worldcat.org/oclc/218554614
223435909,PC business products.,N/A,Worldwide Videotex,1900,N/A,N/A," Digital Computers, General",EJOURNALS/EMAGAZINES,https://libswu.on.worldcat.org/oclc/223435909
226086020,Microprocessors and microsystems.,N/A,Elsevier.,1995,N/A,N/A," Digital Computers, General",EJOURNALS/EMAGAZINES,https://libswu.on.worldcat.org/oclc/226086020
227351442,"Proceedings, 2007 International Conference on Mobile Data Management :Eighth International Conference on Mobile Data Management : MDM 2007 : May 7-11, 2007, Mannheim, Germany.",International Conference on Mobile Data Management,"IEEE,",2007,N/A,N/A," Digital Computers, General",EBOOKS,https://libswu.on.worldcat.org/oclc/227351442
228148517,Software development for embedded multi-core systems :a practical guide using embedded Intel architecture /,"Domeika, Max.","Elsevier / Newness,",2008,N/A,N/A," Digital Computers, General",EBOOKS,https://libswu.on.worldcat.org/oclc/228148517
234080818,"Proceedings, Eleventh IEEE International Symposium on Wearable Computers :ISWC 2007 : Boston, Massachusetts, USA, October 11-13, 2007.",IEEE International Symposium on Wearable Computers,"IEEE Computer Society :IEEE,",2007,N/A,N/A," Digital Computers, General",EBOOKS,https://libswu.on.worldcat.org/oclc/234080818
244204108,"Seventh International Conference on Computer Information Systems and Industrial Management Applications :proceedings, Ostrava, the Czech Republic, June 26 - June 28, 2008 /","International Conference on Computer Information Systems and Industrial Management Applications; Snášel, Václav,","IEEE Computer Society,",2008,N/A,N/A," Digital Computers, General",EBOOKS,https://libswu.on.worldcat.org/oclc/244204108
259515035,"Unlicensed mobile access technology :protocols, architecture, security, standards and applications /","Zhang, Yan,Yang, Laurence Tianruo.Ma, Jianhua,","CRC Press,",2009,N/A,N/A," Digital Computers, General",EBOOKS,https://libswu.on.worldcat.org/oclc/259515035
272572250,"2007 IEEE International Symposium on a World of Wireless, Mobile and Multimedia Networks :Espoo, Finland.",IEEE International Symposium on a World of Wireless Mobile and Multimedia Networks; IEEE Computer Society.University of Texas at Arlington.IEEE Computer Society.,"IEEE,",2007,N/A,N/A," Digital Computers, General",EBOOKS,https://libswu.on.worldcat.org/oclc/272572250
289821353,"Proceedings of the Sixth Annual IEEE International Conference on Pervasive Computing and Communications :17-21 March 2008, Hong Kong.",IEEE International Conference on Pervasive Computing and Communications; IEEE Computer Society.Institute of Electrical and Electronics Engineers.,"IEEE Computer Society,",2008,N/A,N/A," Digital Computers, General",EBOOKS,https://libswu.on.worldcat.org/oclc/289821353
311307757,Broadband mobile multimedia :techniques and applications /,"Zhang, Yan,; CRC Press.","CRC Press,",2008,N/A,N/A," Digital Computers, General",EBOOKS,https://libswu.on.worldcat.org/oclc/311307757
319012217,Business & information systems engineering.,N/A,"Gabler Verlag,",2009,N/A,1867-0202," Digital Computers, General",EJOURNALS/EMAGAZINES,https://libswu.on.worldcat.org/oclc/319012217
320978779,Journal of network and computer applications.,N/A,"Academic Press,",1996,N/A,1084-8045," Digital Computers, General",EJOURNALS/EMAGAZINES,https://libswu.on.worldcat.org/oclc/320978779
326552519,"Fifth IEEE Workshop on Mobile Computing Systems & Applications :9-10 October 2003, Monterey, California : proceedings /",IEEE Workshop on Mobile Computing Systems and Applications; IEEE Computer Society.,"IEEE Computer Society,",2003,N/A,N/A," Digital Computers, General",EBOOKS,https://libswu.on.worldcat.org/oclc/326552519
326631148,"Sixth IEEE Workshop on Mobile Computing Systems and Applications :proceedings : 2-3 December 2004, Windenmere, Cumbria, United Kingdom /",IEEE Workshop on Mobile Computing Systems and Applications; IEEE Computer Society.,"IEEE Computer Society,",2004,N/A,N/A," Digital Computers, General",EBOOKS,https://libswu.on.worldcat.org/oclc/326631148
326772719,"Proceedings :fourth annual IEEE International Conference on Pervasive Computing and Communications Workshops, March 13-17, 2006, Pisa, Italy.",IEEE International Conference on Pervasive Computing and Communications; IEEE Computer Society.,"IEEE Computer Society,",2006,N/A,N/A," Digital Computers, General",EBOOKS,https://libswu.on.worldcat.org/oclc/326772719
326772720,"Proceedings :fourth annual IEEE International Conference on Pervasive Computing and Communications, March 13-17, 2006, Pisa, Italy.",IEEE International Conference on Pervasive Computing and Communications; IEEE Computer Society.,"IEEE Computer Society,",2006,N/A,N/A," Digital Computers, General",EBOOKS,https://libswu.on.worldcat.org/oclc/326772720
327018129,"Fifth annual IEEE International Conference on Pervasive Computing and Communications Workshops :PerCom Workshops 2007 : 19-23 March, 2007, White Plains, New York, USA /",IEEE International Conference on Pervasive Computing and Communications; IEEE Computer Society.Institute of Electrical and Electronics Engineers.,"IEEE Computer Society,",2007,N/A,N/A," Digital Computers, General",EBOOKS,https://libswu.on.worldcat.org/oclc/327018129
334196091,"Mobile Data Management Workshops, 2008. MDMW 2008. Ninth International Conference on.",International Conference on Mobile Data Management,"IEEE,",2008,N/A,N/A," Digital Computers, General",EBOOKS,https://libswu.on.worldcat.org/oclc/334196091
505885430,"ISWC 2009 :2009 International Symposium on Wearable Computers : proceedings : 4-7 September 2009, Linz, Austria /",International Symposium on Wearable Computers; IEEE Computer Society.,"IEEE Computer Society,",2009,N/A,N/A," Digital Computers, General",EBOOKS,https://libswu.on.worldcat.org/oclc/505885430
559479371,IEEE micro.,IEEE Computer Society.,"IEEE Computer Society,",1981,N/A,N/A," Digital Computers, General",EJOURNALS/EMAGAZINES,https://libswu.on.worldcat.org/oclc/559479371
560655837,Interactive systems for experimental applied mathematics,"ACM Symposium on Interactive Systems for Experimental Mathematics; Klerer, Melvin,Reinfelds, Juris,; Association for Computing Machinery.","Academic Press,",1968,N/A,N/A," Digital Computers, General",EBOOKS,https://libswu.on.worldcat.org/oclc/560655837
562761145,Microprocessors :principles and applications /,"Debenham, Michael J.","Pergamon Press,",1979,N/A,N/A," Digital Computers, General",EBOOKS,https://libswu.on.worldcat.org/oclc/562761145
563596489,Electronic digital computerstheir use in science and engineering.,"Alt, Franz L.","Academic Press,",1958,N/A,N/A," Digital Computers, General",EBOOKS,https://libswu.on.worldcat.org/oclc/563596489
563673497,Digital differential analysers,"Shileĭko, A. V.","Pergamon Press; [distributed by Macmillan, New York]",1964,N/A,N/A," Digital Computers, General",EBOOKS,https://libswu.on.worldcat.org/oclc/563673497
569340006,Introduction to microprocessors /,"Aspinall, D.Dagless, E. L.","Pitman Pub. ;Academic Press,",1977,N/A,N/A," Digital Computers, General",EBOOKS,https://libswu.on.worldcat.org/oclc/569340006
575823186,Joint Conferences on Pervasive Computing.,"Joint Conferences on Pervasive Computing; IEEE International Conference on Ubi-Media Computing and WorkshopsInternational Conference on Pervasive Computing and ApplicationsIEEE Workshop on Advanced Distance Education TechnologiesInternational Workshop on Mobile System, E-commerce and Agent TechnologyInternational Workshop on Interactive Digital Entertainment Technologies","IEEE,",2009,N/A,N/A," Digital Computers, General",EBOOKS,https://libswu.on.worldcat.org/oclc/575823186
578666030,Smart clothing :technology and applications /,"Cho, Gilsoo.","CRC Press,",2010,N/A,N/A," Digital Computers, General",EBOOKS,https://libswu.on.worldcat.org/oclc/578666030
607087582,Reliable computer systems :design and evaluation /,"Siewiorek, Daniel P.; Swarz, Robert S.Siewiorek, Daniel P.","A K Peters,",1998,N/A,N/A," Digital Computers, General",EBOOKS,https://libswu.on.worldcat.org/oclc/607087582
607231830,New generation computing.,N/A,"Ohmsha ;Springer-Verlag,",1983,N/A,1882-7055," Digital Computers, General",EJOURNALS/EMAGAZINES,https://libswu.on.worldcat.org/oclc/607231830
607256900,International journal of computers & applications.,N/A,"ACTA Press,",1997,N/A,N/A," Digital Computers, General",EJOURNALS/EMAGAZINES,https://libswu.on.worldcat.org/oclc/607256900
612404887,"Proceedings of the 2009 IEEE International Conference on Semantic Computing :14-16 September 2009, Berkeley, CA, USA.",IEEE International Conference on Semantic Computing,"IEEE Computer Society,",2009,N/A,N/A," Digital Computers, General",EBOOKS,https://libswu.on.worldcat.org/oclc/612404887
613221488,"Proceedings, 2009 IEEE International Conference on Wireless and Mobile Computing, Networking and Communications :WiMob 2009 : 10-14 October 2009, Marrakech, Morocco.","IEEE International Conference on Wireless and Mobile Computing, Networking, and Communications; IEEE Computer Society.","IEEE Computer Society,",2009,N/A,N/A," Digital Computers, General",EBOOKS,https://libswu.on.worldcat.org/oclc/613221488
613544983,"Proceedings of the 2009 IEEE International Symposium on Workload Characterization, IISWC :October 4-6 2009, Austin, TX, USA /",IEEE International Symposium on Workload Characterization; IEEE Computer Society.,"IEEE,",2009,N/A,N/A," Digital Computers, General",EBOOKS,https://libswu.on.worldcat.org/oclc/613544983
624330279,Scalable shared-memory multiprocessing /,"Lenoski, Daniel E.; Weber, Wolf-Dietrich.","Morgan Kaufmann Publishers,",1995,N/A,N/A," Digital Computers, General",EBOOKS,https://libswu.on.worldcat.org/oclc/624330279
624445256,"Microprocessor architectures :RISC, CISC, and DSP /","Heath, Steve.","Newnes,",1995,N/A,N/A," Digital Computers, General",EBOOKS,https://libswu.on.worldcat.org/oclc/624445256
645807381,International journal of high speed computing.,N/A,"World Scientific,",1989,N/A,N/A," Digital Computers, General",EJOURNALS/EMAGAZINES,https://libswu.on.worldcat.org/oclc/645807381
663408803,Journal of systems and software.,N/A,Elsevier Ltd. :ScienceDirect [distributor],,N/A,0164-1212," Digital Computers, General",EJOURNALS/EMAGAZINES,https://libswu.on.worldcat.org/oclc/663408803
664114782,Mobile Computing Handbook.,"Kelly, Laurie,",C R C Press LLCTaylor & Francis Group [distributor],2004,N/A,N/A," Digital Computers, General",EBOOKS,https://libswu.on.worldcat.org/oclc/664114782
665964357,Cloud computing :technologies and strategies of the ubiquitous data center /,"Chee, Brian J. S.; Franklin, Curtis,","CRC Press,",2010,N/A,N/A," Digital Computers, General",EBOOKS,https://libswu.on.worldcat.org/oclc/665964357
668253670,"Enabling context-aware web services :methods, architectures, and technologies /","Sheng, Quan Z.Yu, Jian,Dustdar, Schahram.","CRC Press/Taylor & Francis,",2010,N/A,N/A," Digital Computers, General",EBOOKS,https://libswu.on.worldcat.org/oclc/668253670
669197292,"2010 3rd IEEE International Conference on Ubi-Media Computing :U-Media : July 5-6, 2010, Zhejiang Normal University, Jinhua, China /","IEEE International Conference on Ubi-Media Computing and Workshops; Klamma, Ralf,; Institute of Electrical and Electronics Engineers,","IEEE,",2010,N/A,N/A," Digital Computers, General",EBOOKS,https://libswu.on.worldcat.org/oclc/669197292
676693812,IEEE standard criteria for digital computers in safety systems of nuclear power generating stations /,IEEE Power Engineering Society.Institute of Electrical and Electronics Engineers.IEEE-SA Standards Board.,"Institute of Electrical and Electronics Engineers,",2010,N/A,N/A," Digital Computers, General",EBOOKS,https://libswu.on.worldcat.org/oclc/676693812
679402735,"First International Symposium on Wearable Computers :digest of papers : October 13-14, 1997, Cambridge, Massachusetts /",International Symposium on Wearable Computers; IEEE Computer Society.IEEE Computer Society.,"IEEE Computer Society Press,",1997,N/A,N/A," Digital Computers, General",EBOOKS,https://libswu.on.worldcat.org/oclc/679402735
680468190,"Proceedings :30th Annual Simulation Symposium, April 7-9, 1997, Atlanta, Georgia /",Annual Simulation Symposium; Society for Computer Simulation.IEEE Computer Society.,"IEEE Computer Society Press,",1997,N/A,N/A," Digital Computers, General",EBOOKS,https://libswu.on.worldcat.org/oclc/680468190
680622072,"Second International Symposium on Wearable Computers :digest of papers, October 19-20, 1998, Pittsburgh, Pennsylvania /",International Symposium on Wearable Computers; IEEE Computer Society.ACM SIGMOBILE.,"IEEE Computer Society Press,",1998,N/A,N/A," Digital Computers, General",EBOOKS,https://libswu.on.worldcat.org/oclc/680622072
682229878,"FTCS-22 :digest of papers : the Twenty-Second International Symposium on Fault-Tolerant Computing, July 8-10, 1992 /",International Symposium on Fault-Tolerant Computing; IEEE Computer Society.,"IEEE Computer Society Press,",1992,N/A,N/A," Digital Computers, General",EBOOKS,https://libswu.on.worldcat.org/oclc/682229878
694080366,"ISWC 2008 :proceedings, Twelfth IEEE International Symposium on Wearable Computers : Pittsburgh, Pennsylvania, September 28-October 1, 2008.",IEEE International Symposium on Wearable Computers,"IEEE Computer Society :IEEE,",2008,N/A,N/A," Digital Computers, General",EBOOKS,https://libswu.on.worldcat.org/oclc/694080366
694831144,Introduction to contextual processing :theory and applications /,"Vert, Gregory.; Iyengar, S. S.Phoha, Vir V.","CRC Press,",2011,N/A,N/A," Digital Computers, General",EBOOKS,https://libswu.on.worldcat.org/oclc/694831144
708662106,"PCSPA 2010 :2010 First International Conference on Pervasive Computing, Signal Processing, and Applications, Harbin, China, 17-19 September 2010.","International Conference on Pervasive Computing, Signal Processing, and Applications; IEEE Computer Society.","IEEE Computer Society,",2010,N/A,N/A," Digital Computers, General",EBOOKS,https://libswu.on.worldcat.org/oclc/708662106
742266195,"Proceedings 2010 the 5th International Conference on Pervasive Computing and Applications :ICPCA 10 : 01-03 December, 2010, Maribor, Slovenia /","International Conference on Pervasive Computing and Applications; Hu, Bo,Li, Xiaowei.Yan, Jingzhi.; Institute of Electrical and Electronics Engineers.Microsoft Corporation.IEEE Computer Society.","IEEE,",2010,N/A,N/A," Digital Computers, General",EBOOKS,https://libswu.on.worldcat.org/oclc/742266195
748820112,"Workload Characterization (IISWC), 2010 IEEE International Symposium on :date, 2-4 Dec. 2010 /",IEEE International Symposium on Workload Characterization; Institute of Electrical and Electronics Engineers.IEEE Computer Society.IEEE Computer Society.,"[IEEE],",2010,N/A,N/A," Digital Computers, General",EBOOKS,https://libswu.on.worldcat.org/oclc/748820112
761162020,"FTCS-19 :digest of papers : the nineteenth International Symposium on Fault-Tolerant Computing, June 21-23, 1989, Hyatt Regency Hotel, Chicago, Illinois /",International Symposium on Fault-Tolerant Computing; IEEE Computer Society.,"IEEE Computer Society Press ;Order from Computer Society,",1989,N/A,N/A," Digital Computers, General",EBOOKS,https://libswu.on.worldcat.org/oclc/761162020
769928298,Mobile computing :securing your workforce.,"IT, BCS The Chartered Institute for.","British Informatics Society,",2011,N/A,N/A," Digital Computers, General",EBOOKS,https://libswu.on.worldcat.org/oclc/769928298
769952632,"2011 International Conference on Information Science and Applications :ICISA 2011 : 26-29 April 2011, Jeju Island, Republic of Korea /",International Conference on Information Science and Applications; Institute of Electrical and Electronics Engineers.IEEE Computer Society.,"IEEE,",2011,N/A,N/A," Digital Computers, General",EBOOKS,https://libswu.on.worldcat.org/oclc/769952632
775373995,MUX :the journal of mobile user experience.,N/A,"Springer-Verlag,",2012,N/A,2196-873X," Digital Computers, General",EJOURNALS/EMAGAZINES,https://libswu.on.worldcat.org/oclc/775373995
778099698,"Fourth International Conference on Ubi-Media Computing :proceedings : U-Media 2011, 3-4 July 2011, São Paulo, Brazil /","IEEE International Conference on Ubi-Media Computing and Workshops; Universidade Federal do ABC,Institute of Electrical and Electronics Engineers,","IEEE,",2011,N/A,N/A," Digital Computers, General",EBOOKS,https://libswu.on.worldcat.org/oclc/778099698
781261719,Pervasive communications handbook /,"Shah, Syed Ijlal Ali.Ilyas, Mohammad,Mouftah, Hussein T.","CRC Press,",2010,N/A,N/A," Digital Computers, General",EBOOKS,https://libswu.on.worldcat.org/oclc/781261719
810481496,"2012 6th International Conference on Pervasive Computing Technologies for Healthcare and workshops :San Diego, California, USA, 21-24 May 2012.","International Conference on Pervasive Computing Technologies for Healthcare; Institute for Computer Sciences, Social-Informatics, and Telecommunications Engineering.","ICST,",2012,N/A,N/A," Digital Computers, General",EBOOKS,https://libswu.on.worldcat.org/oclc/810481496
812615048,"Wearable Computers :3rd International Symposium, Digest of Papers, October 18-19, 1999, San Francisco, California.","IEEE Computer Society Staff,","IEEE Computer Society Press,",1999,N/A,N/A," Digital Computers, General",EBOOKS,https://libswu.on.worldcat.org/oclc/812615048
812619446,First Annual International Conference on Mobile and Ubiquitous Systems :Networking and Services (MOBIQUITOUS 2004).,"Chlamtac, Imrich,; Giunchiglia, Fausto,; AAAI Press Staff,","IEEE Computer Society Press,IEEE [distributor]",2004,N/A,N/A," Digital Computers, General",EBOOKS,https://libswu.on.worldcat.org/oclc/812619446
812622755,2010 International Conference on Networking and Information Technology.,N/A,I E E E,2010,N/A,N/A," Digital Computers, General",EBOOKS,https://libswu.on.worldcat.org/oclc/812622755
812622932,2010 International Conference on Communications and Mobile Computing.,N/A,IEEE,2010,N/A,N/A," Digital Computers, General",EBOOKS,https://libswu.on.worldcat.org/oclc/812622932
812624583,"2010 IEEE International Conference on Pervasive Computing and Communications :(PerCom 2010), Mannheim, Germany, 29 March - 2 April, 2010.",IEEE International Conference on Pervasive Computing and Communications; IEEE Computer Society.University of Texas at Arlington.,"[IEEE],",2010,N/A,N/A," Digital Computers, General",EBOOKS,https://libswu.on.worldcat.org/oclc/812624583
812630286,2006 1st International Symposium on Wireless Pervasive Computing.,N/A,I E E E,2006,N/A,N/A," Digital Computers, General",EBOOKS,https://libswu.on.worldcat.org/oclc/812630286
812634982,2010 2nd International Symposium on Aware Computing.,"Institute of Electrical and Electronics Engineers,",IEEE,2010,N/A,N/A," Digital Computers, General",EBOOKS,https://libswu.on.worldcat.org/oclc/812634982
812643748,"CompEuro '93 :Computers in Design, Manufacturing and Production.",N/A,"IEEE Computer Society Press,",1993,N/A,N/A," Digital Computers, General",EBOOKS,https://libswu.on.worldcat.org/oclc/812643748
812659426,2011 International Symposium on Electronic System Design.,"Ieee,",IEEE,2011,N/A,N/A," Digital Computers, General",EBOOKS,https://libswu.on.worldcat.org/oclc/812659426
812662028,2012 IEEE International Conference on Pervasive Computing and Communications.,N/A,IEEE,2012,N/A,N/A," Digital Computers, General",EBOOKS,https://libswu.on.worldcat.org/oclc/812662028
812662038,2012 IEEE International Conference on Pervasive Computing and Communications Workshops.,"IEEE International Conference on Pervasive Computing and Communications; Institute of Electrical and Electronics Engineers,","IEEE,",2012,N/A,N/A," Digital Computers, General",EBOOKS,https://libswu.on.worldcat.org/oclc/812662038
819749097,"Software engineering :COINS III: proceedings of the Third Symposium on Computer and Information Sciences held in Miami Beach, Florida, December, 1969 /","Computer and Information Sciences Symposium; Tou, Julius T.,","Academic Press,",1970,N/A,N/A," Digital Computers, General",EBOOKS,https://libswu.on.worldcat.org/oclc/819749097
822216373,"Proceedings, 2012 13th IEEE International Conference on Mobile Data Management :MDM 2012 : 23-26 July 2012, Bengaluru, Karnataka, India.","IEEE International Conference on Mobile Data Management; Institute of Electrical and Electronics Engineers,","IEEE,",2012,N/A,N/A," Digital Computers, General",EBOOKS,https://libswu.on.worldcat.org/oclc/822216373
827754567,"International Symposium on Wearable Computers 2010 :[ISWC 2010] : Oct. 10th - 13th, 2010 Room 307-308, Conference Center, COEX, Seoul, South Korea /",International Symposium on Wearable Computers; Institute of Electrical and Electronics Engineers.IEEE Computer Society.Korean Institute of Next-Generation Computing.,"[IEEE Computer Society],",2010,N/A,N/A," Digital Computers, General",EBOOKS,https://libswu.on.worldcat.org/oclc/827754567
827757944,"19th International Euromicro Conference on Parallel, Distributed, and Network-based Processing :Proceedings, Ayia Napa, Cyprus, 9-11 February 2011 /","Euromicro International Conference on Parallel, Distributed, and Network-based Processing; Papadopoulos, George A.,Danelutto, Marco.Cotronis, Yiannis,; Institute of Electrical and Electronics Engineers.IEEE Computer Society.","IEEE Computer Society ;IEEE,",2011,N/A,N/A," Digital Computers, General",EBOOKS,https://libswu.on.worldcat.org/oclc/827757944
827774845,"2012 First International Workshop on Formal Methods in Software Engineering : Rigorous and Agile Approaches (FormSERA) :proceedings : June 2, 2012, Zurich, Switzerland.",International Workshop on Formal Methods in Software Engineering; Institute of Electrical and Electronics Engineers.,"IEEE,",2012,N/A,N/A," Digital Computers, General",EBOOKS,https://libswu.on.worldcat.org/oclc/827774845
830431674,IEEE internet of things journal.,"Institute of Electrical and Electronics Engineers,IEEE Sensors Council,IEEE Communications Society,IEEE Computer Society,IEEE Signal Processing Society,","Institute of Electrical and Electronics Engineers,",2014,N/A,2327-4662," Digital Computers, General",EJOURNALS/EMAGAZINES,https://libswu.on.worldcat.org/oclc/830431674
839275063,"2012 Ubiquitous Positioning, Indoor Navigation, and Location Based Service (UPINLBS) :3-4 October 2012, Helsinki, Finland.",UPINLBS (Conference); Institute of Electrical and Electronics Engineers.,"IEEE,",2012,N/A,N/A," Digital Computers, General",EBOOKS,https://libswu.on.worldcat.org/oclc/839275063
861075324,"2013 International Conference on Information Science and Applications :ICISA 2013 : 24-26 June 2013, Hilton Pattaya Hotel, Pattaya, Thailand /","International Conference on Information Science and Applications; IEEE Computer Society,","IEEE,",2013,N/A,N/A," Digital Computers, General",EBOOKS,https://libswu.on.worldcat.org/oclc/861075324
863087730,"2013 IEEE International Symposium on Technology and Society (ISTAS) :social implications of wearable computing and augmediated reality in everyday life : 27-29 June 2013, University of Toronto, Toronto, Canada /","International Symposium on Technology and Society; IEEE Society on Social Implications of Technology,University of Toronto,Institute of Electrical and Electronics Engineers,","IEEE,",2013,N/A,N/A," Digital Computers, General",EBOOKS,https://libswu.on.worldcat.org/oclc/863087730
870330320,"IISWC - 2013 :proceedings : 2013 IEEE International Symposium on Workload Characterization : September 22-24, 2013, Portland, Oregon /","IEEE International Symposium on Workload Characterization; IEEE Computer Society.Institute of Electrical and Electronics Engineers,","IEEE,",2013,N/A,N/A," Digital Computers, General",EBOOKS,https://libswu.on.worldcat.org/oclc/870330320
875893309,"2012 IEEE 17th International Conference on Engineering of Complex Computer Systems :ICECCS 2012 : proceedings : 18-20 July, 2012, Paris, France /","IEEE International Conference on Engineering of Complex Computer Systems; Institute of Electrical and Electronics Engineers.National University of Singapore,","IEEE Computer Society ;[IEEE],",2012,N/A,N/A," Digital Computers, General",EBOOKS,https://libswu.on.worldcat.org/oclc/875893309
875904058,"2013 IEEE International Conference on Pervasive Computing and Communications Workshops :took place 18-22 March 2013 in San Diego, USA.","IEEE International Conference on Pervasive Computing and Communications.; Institute of Electrical and Electronics Engineers,","IEEE,",2013,N/A,N/A," Digital Computers, General",EBOOKS,https://libswu.on.worldcat.org/oclc/875904058
875911204,"2013 IEEE Conference on Communications and Network Security :CNS : October 2013 in Washington, DC, USA.","International Conference on Collaborative Computing: Networking, Applications, and Worksharing; Institute of Electrical and Electronics Engineers.","IEEE,",2013,N/A,N/A," Digital Computers, General",EBOOKS,https://libswu.on.worldcat.org/oclc/875911204
875917946,"2013 IEEE International Workshop of Internet-of-Things Networking and Control (IoT-NC) :New Orleans, Lousiana, USA, 24 June, 2013.","IEEE International Workshop of Internet-of-Things Networking and Control; Institute of Electrical and Electronics Engineers,; IEEE International Conference on Sensing, Communication, and Networking","IEEE,",2013,N/A,N/A," Digital Computers, General",EBOOKS,https://libswu.on.worldcat.org/oclc/875917946
877438204,"Mobilware 2013 :2013 International Conference on MOBILe Wireless MiddleWARE, Operating Systems and Applications : 11-12 November 2013, Bologna, Italy : proceedings.","International Conference on Mobile Wireless Middleware, Operating Systems, and Applications; IEEE Computer Society,","IEEE Computer Society,",2013,N/A,N/A," Digital Computers, General",EBOOKS,https://libswu.on.worldcat.org/oclc/877438204
880357749,Semantics in mobile sensing /,"Yan, Zhixian; Chakraborty, Dipanjan,","Springer,",2014,N/A,N/A," Digital Computers, General",EBOOKS,https://libswu.on.worldcat.org/oclc/880357749
881404760,2014 IEEE International Conference on Pervasive Computing and Communications (PerCom).,"IEEE International Conference on Pervasive Computing and Communications; IEEE Computer Society,University of Texas at Arlington,Budapesti Műszaki és Gazdaságtudományi Egyetem,Hírközlési és Informatikai Tudományos Egyesület,","IEEE,",2014,N/A,N/A," Digital Computers, General",EBOOKS,https://libswu.on.worldcat.org/oclc/881404760
881847542,Microprocessors /,"Cornillie, O.","Pergamon InfoLine :Pergamon Press,",1985,N/A,N/A," Digital Computers, General",EBOOKS,https://libswu.on.worldcat.org/oclc/881847542
886696587,"Proceedings of the 2013 7th International Conference on Pervasive Computing Technologies for Healthcare and Workshops :PervasiveHealth 2013 : Venice, Italy, May 5-8, 2013 /","International Conference on Pervasive Computing Technologies for Healthcare; Czerwinski, Mary.Mayora, Oscar.Lukowicz, Paul.Campbell, Andrew T.Osmani, Venet.","ICST,",2013,N/A,N/A," Digital Computers, General",EBOOKS,https://libswu.on.worldcat.org/oclc/886696587
892067177,Microprocessor data book /,"Money, Steve A.","Academic Press,",1990,N/A,N/A," Digital Computers, General",EBOOKS,https://libswu.on.worldcat.org/oclc/892067177
892067284,Newnes microprocessor pocket book /,"Money, Steve A.","Heinemann Newnes,",1989,N/A,N/A," Digital Computers, General",EBOOKS,https://libswu.on.worldcat.org/oclc/892067284
892067832,"Microprocessors and their operating systems :a comprehensive guide to 8-, 16-, and 32- bit hardware, assembly language, and computer architecture /","Holland, R. C.","Pergamon,",1989,N/A,N/A," Digital Computers, General",EBOOKS,https://libswu.on.worldcat.org/oclc/892067832
893192366,"The Sixth International Conference on Ubiquitous and Future Networks :ICUFN 2014 : July 8(Tue.)-July 11(Fri.), 2014, Ocean Hotel Shanghai, Shanghai, China : final program.","International Conference on Ubiquitous and Future Networks; Institute of Electrical and Electronics Engineers,Han'guk T'ongsin Hakhoe,IEEE Communications Society,","IEEE,",2014,N/A,N/A," Digital Computers, General",EBOOKS,https://libswu.on.worldcat.org/oclc/893192366
896841435,Data processing made simple /,"Wooldridge, Susan,","Heinemann,",1981,N/A,N/A," Digital Computers, General",EBOOKS,https://libswu.on.worldcat.org/oclc/896841435
897651348,The digital computer /,"Parton, Ken,","Pergamon Press ;The Macmillan Company,",1964,N/A,N/A," Digital Computers, General",EBOOKS,https://libswu.on.worldcat.org/oclc/897651348
902811233,"2014 IEEE 15th International Conference on Mobile Data Management :IEEE MDM 2014 : 15-18 July 2014, Brisbane, Australia /","IEEE International Conference on Mobile Data Management; CSIRO (Australia),Institute of Electrical and Electronics Engineers,IEEE Computer Society.","IEEE Computer Society,",2014,N/A,N/A," Digital Computers, General",EBOOKS,https://libswu.on.worldcat.org/oclc/902811233
903049274,"2014 7th International Conference on Ubi-Media Computing and Workshops :U-Media 2014 : proceedings : 12-14 July 2014, Ulaanbaatar, Mongolia.","IEEE International Conference on Ubi-Media Computing and Workshops; IEEE Computer Society,","IEEE Computer Society, Conference Publishing Services,",2014,N/A,N/A," Digital Computers, General",EBOOKS,https://libswu.on.worldcat.org/oclc/903049274
906192110,"2015 International Conference on Nascent Technologies in the Engineering Field (ICNTE) :proceedings : 9-10 January 2015, Fr. C. Rodrigues Institute of Technology, Agnel Technical Education Complex, Sector 9-A, Vashi, Navi Mumbai, India /","International Conference on Nascent Technologies in the Engineering Field; Institute of Electrical and Electronics Engineers,Fr. C. Rodrigues Institute of Technology,Institute of Electrical and Electronics Engineers.Institution of Electronics and Telecommunication Engineers (India)Computer Society of India.","IEEE,",2015,N/A,N/A," Digital Computers, General",EBOOKS,https://libswu.on.worldcat.org/oclc/906192110
914231900,"Proceedings of the 2014 6th International Conference on Mobile Computing, Applications and Services (MobiCASE) :MobiCASE 2014 : Austin, TX, United States, November 06-07, 2014.","International Conference on Mobile Computing, Applications and Services; IEEE Computer Society,Create-Net,Institute for Computer Sciences, Social-Informatics, and Telecommunications Engineering,","Institute for Computer Sciences, Social Informatics, and Telecommunications Engineering,",2014,N/A,N/A," Digital Computers, General",EBOOKS,https://libswu.on.worldcat.org/oclc/914231900
917874684,"International Conference on 2015 Applications and Innovations in Mobile Computing (AIMoC) :proceedings : Jadavpur University, Kolkata, India, February 12-14, 2015 /","International Conference on Applications and Innovations in Mobile Computing; Chattopadhyay, Matangini,; Jadavpur University.India.Institute of Electrical and Electronics Engineers,IEEE Computer Society,","IEEE,",2015,N/A,N/A," Digital Computers, General",EBOOKS,https://libswu.on.worldcat.org/oclc/917874684
917876156,"2014 IEEE International Conference on Internet of Things, iThings 2014 ;2014 IEEE International Conference on Green Computing and Communications, GreenCom 2014 ; 2014 IEEE International Conference on Cyber-Physical-Social Computing, CPS 2014 : proceedings : 1-3 September 2014, Taipei, Taiwan.","IEEE International Conference on Internet of Things; IEEE Computer Society,Institute of Electrical and Electronics Engineers.; IEEE/ACM International Conference on Green Computing and CommunicationsIEEE/ACM International Conference on Cyber, Physical, and Social Computing","Conference Publishing Services, IEEE Computer Society,",2014,N/A,N/A," Digital Computers, General",EBOOKS,https://libswu.on.worldcat.org/oclc/917876156
917876364,2015 Eighth International Conference on Mobile Computing and Ubiquitous Networking (ICMU).,"International Conference on Mobile Computing and Ubiquitous Networking; IEEE Computer Society,Institute of Electrical and Electronics Engineers,","[IEEE],",2015,N/A,N/A," Digital Computers, General",EBOOKS,https://libswu.on.worldcat.org/oclc/917876364
917876592,2015 IEEE International Conference on Pervasive Computing and Communication Workshops (PerCom Workshops).,"IEEE International Conference on Pervasive Computing and Communications; Institute of Electrical and Electronics Engineers,","IEEE,",2015,N/A,N/A," Digital Computers, General",EBOOKS,https://libswu.on.worldcat.org/oclc/917876592
917877218,"Technology and Society (ISTAS), 2011 IEEE International Symposium on :date, 23-25 May 2011.","International Symposium on Technology and Society; Saint Xavier University (Chicago, Ill.),IEEE Society on Social Implications of Technology,Association for Computing Machinery.Institute of Electrical and Electronics Engineers,","IEEE,",2011,N/A,N/A," Digital Computers, General",EBOOKS,https://libswu.on.worldcat.org/oclc/917877218
929910019,"2015 8th International Conference on Ubi-Media Computing (UMEDIA) :conference proceedings : 24-26 August 2015, BMICH, Colombo, Sri Lanka /","IEEE International Conference on Ubi-Media Computing and Workshops; University of Colombo.IEEE Sri Lanka Section,Institute of Electrical and Electronics Engineers,","IEEE,",2015,N/A,N/A," Digital Computers, General",EBOOKS,https://libswu.on.worldcat.org/oclc/929910019
930036805,"Proceedings, 2015 IEEE 16th International Conference on Mobile Data Management :MDM 2015 : 15-18 June, 2015, Pittsburgh, Pennsylvania, USA /","IEEE International Conference on Mobile Data Management; University of Pittsburgh,Aalborg universitet,Microsoft Research Asia,Institute of Electrical and Electronics Engineers,IEEE Computer Society,IEEE Computer Society.","IEEE Computer Society,",2015,N/A,N/A," Digital Computers, General",EBOOKS,https://libswu.on.worldcat.org/oclc/930036805
939519397,Datenschutz bei Wearable Computing: Eine juristische Analyse am Beispiel von Google Glass.,"hOHMANN, Carolin.","Kassel University Press GmbH,",2016,N/A,N/A," Digital Computers, General",EBOOKS,https://libswu.on.worldcat.org/oclc/939519397
941005417,ICCPS '14 ACMIEEE 5th International Conference on Cyber-Physical Systems (with CPS Week 2014).,"Kumar, P. R.; ACM Digital Library.Association for Computing Machinery.","IEEE Computer Society,",2014,N/A,N/A," Digital Computers, General",EBOOKS,https://libswu.on.worldcat.org/oclc/941005417
946944431,"2015 7th International Conference on New Technologies, Mobility and Security (NTMS) :proceedings of NTMS'2015 Conference and Workshops /","NTMS (Conference); Badra, Mohamad,Boukerche, Azzedine,Urien, Pascal,; IEEE Communications Society,International Federation for Information Processing.Institute of Electrical and Electronics Engineers,","IEEE,",2015,N/A,N/A," Digital Computers, General",EBOOKS,https://libswu.on.worldcat.org/oclc/946944431
947091578,EAI endorsed transactions on context-aware systems and applications.,"European Alliance for Innovation,",EAI,2014,N/A,2409-0026," Digital Computers, General",EJOURNALS/EMAGAZINES,https://libswu.on.worldcat.org/oclc/947091578
948606035,"2015 5th International Conference on the Internet of Things (IOT) :IoT 2015 : proceedings : October 26-28, 2015, Seoul, South Korea.","IOT (Conference); IEEE Technical Committee on RFID,IEEE Communications Society,Institute of Electrical and Electronics Engineers,","IEEE,",2015,N/A,N/A," Digital Computers, General",EBOOKS,https://libswu.on.worldcat.org/oclc/948606035
952100262,"Proceedings, 2015 International Conference on Identification, Information, and Knowledge in the Internet of Things :IIKI 2015 : 22-23 October 2015, Beijing, China /","International Conference on Identification, Information and Knowledge in the Internet of Things; Beijing shi fan da xue,IEEE Computer Society,Institute of Electrical and Electronics Engineers.","IEEE Computer Society, Conference Publishing Services,",2015,N/A,N/A," Digital Computers, General",EBOOKS,https://libswu.on.worldcat.org/oclc/952100262
956658029,"2015 IEEE International Symposium on Technology and Society (ISTAS) :11-12 November 2015, Dublin, Ireland.","International Symposium on Technology and Society; IEEE Society on Social Implications of Technology,Institute of Electrical and Electronics Engineers,","IEEE,",2015,N/A,N/A," Digital Computers, General",EBOOKS,https://libswu.on.worldcat.org/oclc/956658029
956658569,2016 IEEE International Conference on Pervasive Computing and Communication Workshops (PerCom Workshops).,"IEEE International Conference on Pervasive Computing and Communications; IEEE Computer Society.IEEE Computer Society.Institute of Electrical and Electronics Engineers,","IEEE,",2016,N/A,N/A," Digital Computers, General",EBOOKS,https://libswu.on.worldcat.org/oclc/956658569
956669165,IEEE Std 1671.5-2008 :IEEE Trial-Use Standard for Automatic Test Markup Language (ATML) for Exchanging Automatic Test Information via XML:Exchanging Test Adapter Information.,N/A,"IEEE,",2008,N/A,N/A," Digital Computers, General",EBOOKS,https://libswu.on.worldcat.org/oclc/956669165
956674152,Second Annual Conference on Wireless On-demand Network Systems and Services.,N/A,"IEEE,",2005,N/A,N/A," Digital Computers, General",EBOOKS,https://libswu.on.worldcat.org/oclc/956674152
957699904,5G outlook - innovations and applications /,"Prasad, Ramjee.","River Publishers;Routledge,",2016,N/A,N/A," Digital Computers, General",EBOOKS,https://libswu.on.worldcat.org/oclc/957699904
957994310,"2012 16th International symposium on wearable computers :(ISWC 2012) : Newcastle, United Kingdom, 18-22 June 2012.",International Symposium on Wearable Computers; Institute of Electrical and Electronics Engineers.,"IEEE,",2012,N/A,N/A," Digital Computers, General",EBOOKS,https://libswu.on.worldcat.org/oclc/957994310
958684920,Scientific Phone Apps and Mobile Devices.,N/A,"Springer,APD SKEG Pte Ltd.",2015,N/A,2364-4958," Digital Computers, General",EJOURNALS/EMAGAZINES,https://libswu.on.worldcat.org/oclc/958684920
965145176,"2016 IEEE 17th International Conference on Mobile Data Management :MDM 2016 : proceedings : 13-16 June, 2016, Porto, Portugal /","IEEE International Conference on Mobile Data Management; Chow, Chi-Yin,; Universidade do Porto,Institute of Electrical and Electronics Engineers,IEEE Computer Society,","IEEE Computer Society,",2016,N/A,N/A," Digital Computers, General",EBOOKS,https://libswu.on.worldcat.org/oclc/965145176
972543563,2015 IEEE 2nd World Forum on Internet of Things (WF-IoT).,N/A,"IEEE,",2015,N/A,N/A," Digital Computers, General",EBOOKS,https://libswu.on.worldcat.org/oclc/972543563
972570471,International Symposium on Wireless and Pervasive Computing.,N/A,"IEEE,",2011,N/A,N/A," Digital Computers, General",EBOOKS,https://libswu.on.worldcat.org/oclc/972570471
972595177,"2010 Internet of things :(IOT 2010), Tokyo, Japan, 29 November- 1 December 2010.",IOT (Conference),"IEEE,",2010,N/A,N/A," Digital Computers, General",EBOOKS,https://libswu.on.worldcat.org/oclc/972595177
972607090,2013 IEEE 6th International Workshop on Multi-/Many-core Computing Systems (MuCoCoS).,N/A,"IEEE,",2013,N/A,N/A," Digital Computers, General",EBOOKS,https://libswu.on.worldcat.org/oclc/972607090
972607907,Proceedings of Annual Symposium on Fault Tolerant Computing.,N/A,"IEEE,",1996,N/A,N/A," Digital Computers, General",EBOOKS,https://libswu.on.worldcat.org/oclc/972607907
972610723,IEEE Seventh SP Workshop on Statistical Signal and Array Processing.,N/A,"IEEE,",1994,N/A,N/A," Digital Computers, General",EBOOKS,https://libswu.on.worldcat.org/oclc/972610723
972615512,2015 IEEE International Conference on Pervasive Computing and Communications (PerCom).,N/A,"IEEE,",2015,N/A,N/A," Digital Computers, General",EBOOKS,https://libswu.on.worldcat.org/oclc/972615512
972630499,2014 Applications and Innovations in Mobile Computing (AIMoC).,N/A,"IEEE,",2014,N/A,N/A," Digital Computers, General",EBOOKS,https://libswu.on.worldcat.org/oclc/972630499
972638676,2014 IEEE International Conference on Semantic Computing.,N/A,"IEEE,",2014,N/A,N/A," Digital Computers, General",EBOOKS,https://libswu.on.worldcat.org/oclc/972638676
972638995,"2016 IEEE International Symposium on Technology and Society (ISTAS) :20-22 October 2016, Trivandrum, Kerala, India.","International Symposium on Technology and Society; Institute of Electrical and Electronics Engineers,","IEEE,",2016,N/A,N/A," Digital Computers, General",EBOOKS,https://libswu.on.worldcat.org/oclc/972638995
980992252,2016 IEEE 3rd World Forum on Internet of Things ((WF-IoT) :12-14 Dec. 2016.,"IEEE World Forum on Internet of Things; IEEE Communications Society,IEEE Computer Society,IEEE Consumer Electronics Society,Institute of Electrical and Electronics Engineers,","IEEE,",2016,N/A,N/A," Digital Computers, General",EBOOKS,https://libswu.on.worldcat.org/oclc/980992252
988769936,"2016 International Workshop on Secure Internet of Things :SIoT 2016 : proceedings : 26-30 September 2016, Heraklion, Crete, Greece.","International Workshop on Secure Internet of Things; IEEE Computer Society,Institute of Electrical and Electronics Engineers.","IEEE Computer Society, Conference Publishing Services,",2016,N/A,N/A," Digital Computers, General",EBOOKS,https://libswu.on.worldcat.org/oclc/988769936
989864461,Portable design.,N/A,"PennWell Pub. Co.,",1995,N/A,N/A," Digital Computers, General",EJOURNALS/EMAGAZINES,https://libswu.on.worldcat.org/oclc/989864461
990393862,2010 Proceedings of the 5th International Conference on Ubiquitous Information Technologies and Applications.,"IEEE Staff,; IEEE Staff,",I E E E,2010,N/A,N/A," Digital Computers, General",EBOOKS,https://libswu.on.worldcat.org/oclc/990393862
990395303,2013 10th Annual Conference on Wireless on-Demand Network Systems and Services (WONS).,"IEEE Staff,; IEEE Staff,",IEEE,2013,N/A,N/A," Digital Computers, General",EBOOKS,https://libswu.on.worldcat.org/oclc/990395303
990399592,"2011 Conference Record of the Forty Fifth Asilomar Conference on Signals, Systems and Computers.","IEEE Staff,; IEEE Staff,",IEEE,2011,N/A,N/A," Digital Computers, General",EBOOKS,https://libswu.on.worldcat.org/oclc/990399592
990410675,2011 IEEE International Conference on Pervasive Computing and Communications Workshops.,"IEEE Staff,; IEEE Staff,",IEEE,2011,N/A,N/A," Digital Computers, General",EBOOKS,https://libswu.on.worldcat.org/oclc/990410675
990418633,Proceedings of the 2009 Winter Simulation Conference.,"IEEE Staff,; IEEE Staff,",I E E E,2009,N/A,N/A," Digital Computers, General",EBOOKS,https://libswu.on.worldcat.org/oclc/990418633
990453659,"2010 International Conference on P2P, Parallel, Grid, Cloud and Internet Computing.","IEEE Staff,; IEEE Staff,",I E E E,2010,N/A,N/A," Digital Computers, General",EBOOKS,https://libswu.on.worldcat.org/oclc/990453659
990460353,2013 IEEE International Conference on Distributed Computing in Sensor Systems (DCOSS).,"IEEE Staff,; IEEE Staff,",IEEE,2013,N/A,N/A," Digital Computers, General",EBOOKS,https://libswu.on.worldcat.org/oclc/990460353
990464746,Dependable Systems and Networks (DSN 2001) (Formerly FTCS): 2001 International Conference.,"IEEE Computer Society.; IFIP Working Group 10.4 on Dependable Computing and Fault Tolerance Staff,",IEEE Computer Society Press,2001,N/A,N/A," Digital Computers, General",EBOOKS,https://libswu.on.worldcat.org/oclc/990464746
990470514,Mobile Computing Systems and Applications (WMCSA 2002): 4th IEEE Workshop.,"IEEE Computer Society, Technical Committee on the Internet Staff,; Usenix Association Staff,ACM SIGMOBILE Staff,",I E E E Imprint,2002,N/A,N/A," Digital Computers, General",EBOOKS,https://libswu.on.worldcat.org/oclc/990470514
990473035,2009 4th Latin-American Symposium on Dependable Computing.,"IEEE Staff,; IEEE Staff,",IEEE,2009,N/A,N/A," Digital Computers, General",EBOOKS,https://libswu.on.worldcat.org/oclc/990473035
990476079,10th IEEE Pacific Rim International Symposium on Dependable Computing (PRDC 2004).,"IEEE Computer Society Staff,",IEEE Computer Society Press,2004,N/A,N/A," Digital Computers, General",EBOOKS,https://libswu.on.worldcat.org/oclc/990476079
990509830,2011 International Symposium on Wearable Computers.,"IEEE Staff,; IEEE Staff,",IEEE,2011,N/A,N/A," Digital Computers, General",EBOOKS,https://libswu.on.worldcat.org/oclc/990509830
990538088,2012 the First IEEE Workshop on Enabling Technologies for Smartphone and Internet of Things.,"IEEE Staff,; IEEE Staff,",IEEE,2012,N/A,N/A," Digital Computers, General",EBOOKS,https://libswu.on.worldcat.org/oclc/990538088
990553351,2011 12th International Conference on Mobile Data Management.,"IEEE Staff,; IEEE Staff,",IEEE,2011,N/A,N/A," Digital Computers, General",EBOOKS,https://libswu.on.worldcat.org/oclc/990553351
990588583,"3rd IEEE Workshop on Mobile Computing Systems and Applications: Proceedings, December 7-8, 2000, Monterey, California.","IEEE Computer Society.; Usenix Association Staff,ACM SIGMOBILE Staff,",IEEE Computer Society Press,2000,N/A,N/A," Digital Computers, General",EBOOKS,https://libswu.on.worldcat.org/oclc/990588583
990605958,Euromicro '96 Conference: 22nd Conference - Beyond 2000.,"Kuchcinski, Krzysztof,",IEEE Computer Society Press,1996,N/A,N/A," Digital Computers, General",EBOOKS,https://libswu.on.worldcat.org/oclc/990605958
990608301,2010 IEEE Fourth International Conference on Semantic Computing.,"IEEE Staff,; IEEE Staff,",I E E E,2010,N/A,N/A," Digital Computers, General",EBOOKS,https://libswu.on.worldcat.org/oclc/990608301
990665997,"2012 Third FTRA International Conference on Mobile, Ubiquitous, and Intelligent Computing.","IEEE Staff,; IEEE Staff,",IEEE,2012,N/A,N/A," Digital Computers, General",EBOOKS,https://libswu.on.worldcat.org/oclc/990665997
990666210,2009 International Symposium on Ubiquitous Virtual Reality.,"IEEE Staff,; IEEE Staff,",IEEE,2009,N/A,N/A," Digital Computers, General",EBOOKS,https://libswu.on.worldcat.org/oclc/990666210
990683847,"2009 Third International Conference on Mobile Ubiquitous Computing, Systems, Services and Technologies.","IEEE Staff,; IEEE Staff,",IEEE,2009,N/A,N/A," Digital Computers, General",EBOOKS,https://libswu.on.worldcat.org/oclc/990683847
990731858,2012 9th International Conference on Ubiquitous Intelligence and Computing and 9th International Conference on Autonomic and Trusted Computing.,"Ieee,; Ieee,",IEEE,2012,N/A,N/A," Digital Computers, General",EBOOKS,https://libswu.on.worldcat.org/oclc/990731858
990733309,"2013 IEEE 14th International Symposium on a World of Wireless, Mobile and Multimedia Networks (WoWMoM).","IEEE Electrical Insulation Society Staff,",IEEE,2013,N/A,N/A," Digital Computers, General",EBOOKS,https://libswu.on.worldcat.org/oclc/990733309
990739591,2012 Sixth International Conference on Innovative Mobile and Internet Services in Ubiquitous Computing.,"IEEE Staff,; IEEE Staff,",IEEE,2012,N/A,N/A," Digital Computers, General",EBOOKS,https://libswu.on.worldcat.org/oclc/990739591
990761094,2010 8th IEEE International Conference on Pervasive Computing and Communications Workshops.,"IEEE Staff,; IEEE Staff,",IEEE,2010,N/A,N/A," Digital Computers, General",EBOOKS,https://libswu.on.worldcat.org/oclc/990761094
990764615,2011 IEEE International Conference on Pervasive Computing and Communications.,"IEEE Staff,; IEEE Staff,",IEEE,2011,N/A,N/A," Digital Computers, General",EBOOKS,https://libswu.on.worldcat.org/oclc/990764615
999606479,2017 IEEE International Conference on Pervasive Computing and Communications (PerCom).,"IEEE International Conference on Pervasive Computing and Communications; Institute of Electrical and Electronics Engineers,","IEEE,",2017,N/A,N/A," Digital Computers, General",EBOOKS,https://libswu.on.worldcat.org/oclc/999606479
1004308444,"ICUFN 2017 :the Ninth International Conference on Ubiquitous and Future Networks : July 4(Tue.)-July 7(Fri.), 2017, Milan, Italy /","International Conference on Ubiquitous and Future Networks; Institute of Electrical and Electronics Engineers,IEEE Communications Society,Denshi Jōhō Tsūshin Gakkai (Japan).Springer (Firm),Han'guk T'ongsin Hakhoe,","IEEE,",2017,N/A,N/A," Digital Computers, General",EBOOKS,https://libswu.on.worldcat.org/oclc/1004308444
1007551149,"18th IEEE International Conference on Mobile Data Management :MDM 2017 : proceedings : 29 May-1 June 2017, Daejeon, South Korea.","IEEE International Conference on Mobile Data Management; IEEE Computer Society,","IEEE Computer Society, EEE Computer Society,",2017,N/A,N/A," Digital Computers, General",EBOOKS,https://libswu.on.worldcat.org/oclc/1007551149
1007835565,"2017 Second International Conference on Fog and Mobile Edge Computing (FMEC) :8-11 May, 2017, Valencia, Spain.","International Conference on Fog and Mobile Edge Computing; Institute of Electrical and Electronics Engineers.Institute of Electrical and Electronics Engineers,","IEEE,",2017,N/A,N/A," Digital Computers, General",EBOOKS,https://libswu.on.worldcat.org/oclc/1007835565
1012444496,"Ubi-Media 2017 :the 10th International Conference on Ubi-Media Computing and workshops : August 1st-4th, 2017, Siam Bayshore Resort & Spa, Pattaya, Thailand /","IEEE International Conference on Ubi-Media Computing and Workshops; Mahāwitthayālai Kasētsāt.National Central University,IEEE Thailand Section,Institute of Electrical and Electronics Engineers,; International Workshop on Advanced E-LearningInternational Workshop on Multimedia and IoT: Networks, Systems and Applications","IEEE,",2017,N/A,N/A," Digital Computers, General",EBOOKS,https://libswu.on.worldcat.org/oclc/1012444496
1013187916,2017 IEEE International Conference on Pervasive Computing and Communication Workshops (PerCom Workshops).,"IEEE International Conference on Pervasive Computing and Communications; IEEE Computer Society.IEEE Computer Society.Institute of Electrical and Electronics Engineers,","IEEE,",2017,N/A,N/A," Digital Computers, General",EBOOKS,https://libswu.on.worldcat.org/oclc/1013187916
1014377701,VLSI Risc Architecture and Organization.,"Furber, S. B.,","CRC Press,",2017,N/A,N/A," Digital Computers, General",EBOOKS,https://libswu.on.worldcat.org/oclc/1014377701
1019728383,Parallel Supercomputing in MIMD Architectures.,"Hord, R.Michael,","CRC Press,",2017,N/A,N/A," Digital Computers, General",EBOOKS,https://libswu.on.worldcat.org/oclc/1019728383
1023044882,"Proceedings of the 2017 IEEE International Symposium on Workload Characterization :IISWC 2017 : October 1-3, 2017, Seattle, Washington, USA /","IEEE International Symposium on Workload Characterization; IEEE Computer Society,IEEE Computer Society.Institute of Electrical and Electronics Engineers,","IEEE,",2017,N/A,N/A," Digital Computers, General",EBOOKS,https://libswu.on.worldcat.org/oclc/1023044882
1026464777,2016 International Conference on Selected Topics in Mobile & Wireless Networking (MoWNeT).,N/A,"IEEE,",2016,N/A,N/A," Digital Computers, General",EBOOKS,https://libswu.on.worldcat.org/oclc/1026464777
1028553215,Introduction To The Theory Of Neural Computation /,"Hertz, John,; Palmer, Richard G.,Krogh, Anders,","CRC Press,",2018,N/A,N/A," Digital Computers, General",EBOOKS,https://libswu.on.worldcat.org/oclc/1028553215
1028664042,"IThings-GreenCom-CPSCom-SmartData 2017 :2017 IEEE International Conference on Internet of Things ; IEEE Green Computing and Communications ; IEEE Cyber, Physical and Social Computing ; IEEE Smart Data : proceedings : 21-23 June 2017, Exeter, United Kingdom /","IOT (Conference); Wu, Yulei,; IEEE Computer Society,Institute of Electrical and Electronics Engineers.; IEEE/ACM International Conference on Green Computing and CommunicationsIEEE/ACM International Conference on Cyber, Physical, and Social ComputingIEEE International Conference on Smart Data","Conference Publishing Services, IEEE Computer Society,",2017,N/A,N/A," Digital Computers, General",EBOOKS,https://libswu.on.worldcat.org/oclc/1028664042
1028667482,"2017 IEEE 8th Annual Ubiquitous Computing, Electronics & Mobile Communication Conference (UEMCON) :19th-21th October 2017, Columbia University, New York City, NY, USA /","Ubiquitous Computing, Electronics Mobile Communication Conference; Chakrabarti, Satyajit,Saha, Himadri Nath,; Institute of Electrical and Electronics Engineers.Institute of Electrical and Electronics Engineers,Columbia University,","IEEE,",2017,N/A,N/A," Digital Computers, General",EBOOKS,https://libswu.on.worldcat.org/oclc/1028667482
1031850187,"2018 9th IFIP International Conference on New Technologies, Mobility & Security :proceedings of NTMS 2018 Conference and Workshop : 26-28 February 2018, Paris, France /","NTMS (Conference); IEEE Communications Society,International Federation for Information Processing.Institute of Electrical and Electronics Engineers,","IEEE,",2018,N/A,N/A," Digital Computers, General",EBOOKS,https://libswu.on.worldcat.org/oclc/1031850187
1033544193,"2017 IEEE International Symposium on Technology and Society (ISTAS) :10-11 August 2017, Sydney, Australia /","International Symposium on Technology and Society; Cunningham, PaulCunningham, Miriam,; Institute of Electrical and Electronics Engineers,","IEEE,",2017,N/A,N/A," Digital Computers, General",EBOOKS,https://libswu.on.worldcat.org/oclc/1033544193
1033551915,"SC'07 :proceedings of the 2007 ACM/IEEE Conference on High Performance Computing Networking, Storage & Analysis : Reno, Nevada, USA, November 10-16, 2007 /",SC (Conference : Supercomputing); Association for Computing Machinery.IEEE Computer Society.,"Association for Computing Machinery,",2007,N/A,N/A," Digital Computers, General",EBOOKS,https://libswu.on.worldcat.org/oclc/1033551915
1035785074,2009 International Symposium on Intelligent Ubiquitous Computing and Education :15-16 May 2009.,International Symposium on Intelligent Ubiquitous Computing and Education,"IEEE,",2009,N/A,N/A," Digital Computers, General",EBOOKS,https://libswu.on.worldcat.org/oclc/1035785074
1035788507,4th International Forum on Applied Wearable Computing 2007 :12-13 March 2007.,International Forum on Applied Wearable Computing,"VDE,",2011,N/A,N/A," Digital Computers, General",EBOOKS,https://libswu.on.worldcat.org/oclc/1035788507
1035799005,Percom Workshop Supplement Papers :13-17 March 2006.,IEEE International Conference on Pervasive Computing and Communications,"IEEE,",2007,N/A,N/A," Digital Computers, General",EBOOKS,https://libswu.on.worldcat.org/oclc/1035799005
1035799512,ICMU :2014 seventh International Conference on Mobile Computing and Ubiquitous Networking : 6-8 January 2014.,N/A,"IEEE,",2014,N/A,N/A," Digital Computers, General",EBOOKS,https://libswu.on.worldcat.org/oclc/1035799512
1035809865,2003 IEE Eurowearable :4-5 September 2003.,IEE Eurowearable '03,"IET,",2009,N/A,N/A," Digital Computers, General",EBOOKS,https://libswu.on.worldcat.org/oclc/1035809865
1035810616,2009 WRI International Conference on Communications and Mobile Computing :6-8 January 2009.,WRI International Conference on Communications and Mobile Computing,"IEEE,",2009,N/A,N/A," Digital Computers, General",EBOOKS,https://libswu.on.worldcat.org/oclc/1035810616
1035819323,2008 the 3rd International Conference on Grid and Pervasive Computing Workshops :25-28 May 2008.,GPC (Conference),"IEEE,",2008,N/A,N/A," Digital Computers, General",EBOOKS,https://libswu.on.worldcat.org/oclc/1035819323
1035824418,3rd International Forum on Applied Wearable Computing 2006 :15-16 March 2006.,International Forum on Applied Wearable Computing,"VDE,",2011,N/A,N/A," Digital Computers, General",EBOOKS,https://libswu.on.worldcat.org/oclc/1035824418
1035827882,2013 International Conference on Cloud & Ubiquitous Computing & Emerging Technologies :15-16 November 2013.,International Conference on Cloud & Ubiquitous Computing & Emerging Technologies,"IEEE,",2014,N/A,N/A," Digital Computers, General",EBOOKS,https://libswu.on.worldcat.org/oclc/1035827882
1043361947,"2017 IEEE SmartWorld :Ubiquitous Intelligence & Computing, Advanced & Trusted Computed, Scalable Computing & Communications, Cloud & Big Data Computing, Internet of People and Smart City Innovation (SmartWorld/SCALCOM/UIC/ATC/CBDCom/IOP/SCI) : 2017 conference proceedings : San Francisco Bay Area, California, USA, August 4-8, 2017 /","IEEE Smart World Congress; Institute of Electrical and Electronics Engineers,IEEE Computational Intelligence Society,IEEE Computer Society,IEEE Computer Society.San José State University,IEEE Computational Intelligence Society.; UIC (Conference)ATC (Conference)IEEE International Conference on Cloud and Big Data ComputingIEEE International Conference on Scalable Computing and CommunicationsIEEE Conference on Internet of PeopleIEEE Conference on Smart City Innovations","IEEE,",2017,N/A,N/A," Digital Computers, General",EBOOKS,https://libswu.on.worldcat.org/oclc/1043361947
1045799669,2017 Tenth International Conference on Mobile Computing and Ubiquitous Network (ICMU).,"International Conference on Mobile Computing and Ubiquitous Networking; Institute of Electrical and Electronics Engineers,","IEEE,",2017,N/A,N/A," Digital Computers, General",EBOOKS,https://libswu.on.worldcat.org/oclc/1045799669
1049981709,"2018 Second International Conference on Fog and Mobile Edge Computing (FMEC) :23-26 April, 2018, Barcelona, Spain.","International Conference on Fog and Mobile Edge Computing; Institute of Electrical and Electronics Engineers.Institute of Electrical and Electronics Engineers,; International Conference on Software Defined Systems","IEEE,",2018,N/A,N/A," Digital Computers, General",EBOOKS,https://libswu.on.worldcat.org/oclc/1049981709
1053690483,"2017 International Workshop on Secure Internet of Things :SIoT 2017 : proceedings : Oslo, Norway, 15 September 2017.","International Workshop on Secure Internet of Things; IEEE Computer Society,Institute of Electrical and Electronics Engineers.","IEEE Computer Society, Conference Publishing Services,",2017,N/A,N/A," Digital Computers, General",EBOOKS,https://libswu.on.worldcat.org/oclc/1053690483
1053699101,"ICUFN 2018 :the Tenth International Conference on Ubiquitous and Future Networks : July 3(Tue.) ~ July 6(Fri.), 2018, Prague, Czech Republic /","International Conference on Ubiquitous and Future Networks; Institute of Electrical and Electronics Engineers,IEEE Communications Society,Denshi Jōhō Tsūshin Gakkai (Japan).Springer (Firm),Han'guk T'ongsin Hakhoe,","IEEE,",2018,N/A,N/A," Digital Computers, General",EBOOKS,https://libswu.on.worldcat.org/oclc/1053699101
1053700619,2018 IEEE International Conference on Pervasive Computing and Communications (PerCom).,"IEEE International Conference on Pervasive Computing and Communications; Institute of Electrical and Electronics Engineers,","IEEE,",2018,N/A,N/A," Digital Computers, General",EBOOKS,https://libswu.on.worldcat.org/oclc/1053700619
1056309034,IEEE transactions on mobile computing,IEEE Xplore (Online service)Institute of Electrical and Electronics Engineers.,"Institute of Electrical and Electronics Engineers,",2002,N/A,1536-1233," Digital Computers, General",EJOURNALS/EMAGAZINES,https://libswu.on.worldcat.org/oclc/1056309034
1056778980,"FiCloud 2018 :2018 IEEE 6th International Conference on Future Internet of Things and Cloud : proceedings : 6-8 August 2018, Barcelona, Spain /","International Conference on Future Internet of Things and Cloud; Younas, MuhammadDisso, Jules Pagna,; IEEE Computer Society,IEEE Computer Society.Institute of Electrical and Electronics Engineers.","Conference Publishing Services, IEEE Computer Society,",2018,N/A,N/A," Digital Computers, General",EBOOKS,https://libswu.on.worldcat.org/oclc/1056778980
1058371461,2nd IEEE International Conference on Pervasive Computing (PerCom 2004).,"IEEE International Conference on Pervasive Computing and Communications,; IEEE Computer Society,University of Texas at Arlington.University of Texas at Arlington,; IEEE International Conference on Pervasive Computing and Communications.",IEEE Computer Society Press,2004,N/A,N/A," Digital Computers, General",EBOOKS,https://libswu.on.worldcat.org/oclc/1058371461
1058391652,"HotMobile 2007 :Eighth IEEE Workshop on Mobile Computing Systems and Applications : proceedings : 26-27 February 2007, Tucson, Arizona /","IEEE Workshop on Mobile Computing Systems and Applications; Lara, Eyal de.Bhatti, Nina.; IEEE Computer Society.ACM SIGMOBILE.USENIX Association.; IEEE Workshop on Mobile Computing Systems and Applications.","IEEE Computer Society,",2007,N/A,N/A," Digital Computers, General",EBOOKS,https://libswu.on.worldcat.org/oclc/1058391652
1064864391,Telegeoinformatics :location-based computing and services /,"Karimi, Hassan A.Hammad, Amin.","CRC Press,",2004,N/A,N/A," Digital Computers, General",EBOOKS,https://libswu.on.worldcat.org/oclc/1064864391
1066126711,2018 IEEE International Conference on Pervasive Computing and Communications Workshops (PerCom Workshops).,"IEEE International Conference on Pervasive Computing and Communications; IEEE Computer Society.IEEE Computer Society.Institute of Electrical and Electronics Engineers,","IEEE,",2018,N/A,N/A," Digital Computers, General",EBOOKS,https://libswu.on.worldcat.org/oclc/1066126711
1066136093,"2018 IEEE 19th International Conference on Mobile Data Management :MDM 2018 : proceedings : 26-28 June 2018, Aalborg University, Denmark /","International Conference on Mobile Data Management; Aalborg universitet,IEEE Computer Society,","IEEE Computer Society, Conference Publishing Services,",2018,N/A,N/A," Digital Computers, General",EBOOKS,https://libswu.on.worldcat.org/oclc/1066136093
1078908644,"2018 9th International Conference on Awareness Science and Technology (iCAST) :September 19-21, 2018, Kyushu University, Fukuoka, Japan /","International Conference on Awareness Science and Technology; Kyūshū Daigaku,IEEE Systems, Man, and Cybernetics Society.Kyūshū Daigaku.Institute of Electrical and Electronics Engineers,","IEEE,",2018,N/A,N/A," Digital Computers, General",EBOOKS,https://libswu.on.worldcat.org/oclc/1078908644
1078916951,2018 Global Internet of Things Summit (GIoTS).,"Global Internet of Things Summit; Institute of Electrical and Electronics Engineers,","IEEE,",2018,N/A,N/A," Digital Computers, General",EBOOKS,https://libswu.on.worldcat.org/oclc/1078916951
1080588441,SIMULATION ENGINEERINGBUILD BETTER EMBEDDED SYSTEMS FASTER,"LEDIN, JIM.","CRC Press,",2001,N/A,N/A," Digital Computers, General",EBOOKS,https://libswu.on.worldcat.org/oclc/1080588441
1082874092,2018 IEEE International Symposium on Workload Characterization (IISWC).,"IEEE International Symposium on Workload Characterization; Institute of Electrical and Electronics Engineers,","[IEEE],",2018,N/A,N/A," Digital Computers, General",EBOOKS,https://libswu.on.worldcat.org/oclc/1082874092
1082877486,"2018 IEEE SmartWorld, Ubiquitous Intelligence & Computing, Advanced & Trusted Computing, Scalable Computing & Communications, Cloud & Big Data Computing, Internet of People and Smart City Innovations :IEEE SmartWorld/UIC/ATC/ScalCom/CBDCom/IoP/SCI 2018 : proceedings : 7-11 October 2018, Guangzhou, China /","IEEE Smart World Congress; Wang, Guojun,; Guangzhou da xue,IEEE Computer Society,Institute of Electrical and Electronics Engineers.; UIC (Conference)ATC (Conference)IEEE International Conference on Cloud and Big Data ComputingIEEE International Conference on Scalable Computing and CommunicationsIEEE Conference on Internet of PeopleIEEE Conference on Smart City Innovations","Conference Publishing Services, IEEE Computer Society,",2018,N/A,N/A," Digital Computers, General",EBOOKS,https://libswu.on.worldcat.org/oclc/1082877486
1086474695,"IoTAIS :the 2018 IEEE International Conference on Internet of Things and Intelligence : proceedings : Bali, Indonesia /","IEEE International Conference on Internet of Things and Intelligence System; Universitas Telkom.IEEE Signal Processing Society.IEEE Communications Society.Institute of Electrical and Electronics Engineers,","IEEE,",2018,N/A,N/A," Digital Computers, General",EBOOKS,https://libswu.on.worldcat.org/oclc/1086474695
1086926586,Perspectives in pervasive computing :25 October 2005.,Perspectives in Pervasive Computing (Conference); Great Britain.Institution of Electrical Engineers.,"Institution of Electrical Engineers,",2005,N/A,N/A," Digital Computers, General",EBOOKS,https://libswu.on.worldcat.org/oclc/1086926586
1086955779,"2014 Fourth International Conference on Digital Information and Communication Technology and it's Applications (DICTAP) :Date: 6-8 May 2014 : [held at University of the Thai Chamber of Commerce, Bangkok, Thailand].",International Conference on Digital Information and Communication Technology and Its Applications,"IEEE,",2014,N/A,N/A," Digital Computers, General",EBOOKS,https://libswu.on.worldcat.org/oclc/1086955779
1086970536,"2014 International Conference on the Internet of Things (IOT) :took place October 6-8, 2014, in Cambridge MA, USA.","IOT (Conference); Institute of Electrical and Electronics Engineers,","IEEE,",2014,N/A,N/A," Digital Computers, General",EBOOKS,https://libswu.on.worldcat.org/oclc/1086970536
1086976650,"Proceedings : 22nd IEEE International Conference on Application-Specific Systems, Architectures, and Processors :ASAP 2011 : September 11-14, 2011 : Santa Monica, California, USA /","IEEE International Conference on Application-Specific Systems, Architectures, and Processors; Cavallaro, Joseph R.,Ercegovac, Miloš D.,Hannig, Frank,Ienne, Paolo,Swartzlander,Tenca, Alexandre F.,; Institute of Electrical and Electronics Engineers.","[IEEE],",2011,N/A,N/A," Digital Computers, General",EBOOKS,https://libswu.on.worldcat.org/oclc/1086976650
1087244902,"SC 99 :proceedings of the ACM/IEEE SC99 Conference on High Performance Networking and Computing, November 13-19, 1999, Portland, Oregon, USA /",SC 99; Association for Computing Machinery.Sigarch.IEEE Computer Society.IEEE Computer Society.,"IEEE,",1999,N/A,N/A," Digital Computers, General",EBOOKS,https://libswu.on.worldcat.org/oclc/1087244902
1090765533,"Internet of Things :information processing in an increasingly connected world : first IFIP International Cross-Domain Conference, IFIPIoT 2018, held at the 24th IFIP World Computer Congress, WCC 2018, Poznan, Poland, September 18-19, 2018, Revised selected papers /","IFIPIoT (Conference); Strous, Leon,Cerf, Vinton G.,","Springer,",2019,N/A,N/A," Digital Computers, General",EBOOKS,https://libswu.on.worldcat.org/oclc/1090765533
1091749022,2011 IEEE International Symposium on Workload Characterization,"IEEE Staff,",IEEE,2011,N/A,N/A," Digital Computers, General",EBOOKS,https://libswu.on.worldcat.org/oclc/1091749022
1101987420,"AI4Mobile '19 :2019 IEEE 1st International Workshop on Artificial Intelligence for Mobile : February 24, 2019, Hangzhou, China /","IEEE International Workshop on Artificial Intelligence for Mobile; Liu, Yang,; IEEE Computer Society,Institute of Electrical and Electronics Engineers,; IEEE International Conference on Software Analysis, Evolution, and Reengineering","IEEE,",2019,N/A,N/A," Digital Computers, General",EBOOKS,https://libswu.on.worldcat.org/oclc/1101987420
1104298655,2018 Eleventh International Conference on Mobile Computing and Ubiquitous Network (ICMU).,"International Conference on Mobile Computing and Ubiquitous Networking; Institute of Electrical and Electronics Engineers,","IEEE,",2018,N/A,N/A," Digital Computers, General",EBOOKS,https://libswu.on.worldcat.org/oclc/1104298655
1104401442,2019 Wearable Robotics Association Conference (WearRAcon).,"Wearable Robotics Association Conference; IEEE Robotics and Automation Society,Institute of Electrical and Electronics Engineers,","IEEE,",2019,N/A,N/A," Digital Computers, General",EBOOKS,https://libswu.on.worldcat.org/oclc/1104401442
1105744226,"Proceedings, 13th IEEE International Conference on Semantic Computing :30 January-1 February 2019, Newport Beach, California.","IEEE International Conference on Semantic Computing; IEEE Computer Society,","IEEE Computer Society, Conference Publishing Services,",2019,N/A,N/A," Digital Computers, General",EBOOKS,https://libswu.on.worldcat.org/oclc/1105744226
1109242709,2013 IEEE International Conference on Pervasive Computing and Communications.,"IEEE International Conference on Pervasive Computing and Communications,; Institute of Electrical and Electronics Engineers,; IEEE International Conference on Pervasive Computing and Communications.","IEEE,",2013,N/A,N/A," Digital Computers, General",EBOOKS,https://libswu.on.worldcat.org/oclc/1109242709
1109763242,2019 IEEE International Conference on Pervasive Computing and Communications Workshops (PerCom Workshops).,"IEEE International Conference on Pervasive Computing and Communications; Institute of Electrical and Electronics Engineers,","IEEE,",2019,N/A,N/A," Digital Computers, General",EBOOKS,https://libswu.on.worldcat.org/oclc/1109763242
1112111533,2019 IEEE International Conference on Pervasive Computing and Communications (PerCom).,"IEEE International Conference on Pervasive Computing and Communications; Institute of Electrical and Electronics Engineers,","IEEE,",2019,N/A,N/A," Digital Computers, General",EBOOKS,https://libswu.on.worldcat.org/oclc/1112111533
1112390887,"2019 9th IFIP International Conference on New Technologies, Mobility & Security :proceedings of NTMS 2019 Conference and Workshop : 24-26 June 2019, Canary Islands - Spain /","NTMS (Conference); IEEE Communications Society,International Federation for Information Processing.Institute of Electrical and Electronics Engineers,","IEEE,",2019,N/A,N/A," Digital Computers, General",EBOOKS,https://libswu.on.worldcat.org/oclc/1112390887
1112398285,"2019 IEEE 16th International Conference on Wearable and Implantable Body Sensor Networks (BSN) :University of Illinois at Chicago, Chicago, Illinois, USA : May 19-22, 2019.","International Conference on Wearable and Implantable Body Sensor Networks; IEEE Engineering in Medicine and Biology Society,Institute of Electrical and Electronics Engineers,; IEEE-EMBS International Conference on Biomedical and Health Informatics",[IEEE],2019,N/A,N/A," Digital Computers, General",EBOOKS,https://libswu.on.worldcat.org/oclc/1112398285
1114265762,"ICUFN 2019 :the 11th International Conference on Ubiquitous and Future Networks : July 2 (Tue.)-July 5 (Fri.) 2019, Zagreb, Croatia /","International Conference on Ubiquitous and Future Networks; Institute of Electrical and Electronics Engineers,IEEE Communications Society;Denshi Jōhō Tsūshin Gakkai (Japan).Han'guk T'ongsin Hakhoe,","IEEE,",2019,N/A,N/A," Digital Computers, General",EBOOKS,https://libswu.on.worldcat.org/oclc/1114265762
1116167158,Informatica,Slovensko društvo Informatika.,Slovensko društvo Informatika.,2005,N/A,0350-5596," Digital Computers, General",EJOURNALS/EMAGAZINES,https://libswu.on.worldcat.org/oclc/1116167158
1120204984,"2019 Fourth International Conference on Fog and Mobile Edge Computing (FMEC) :10-13 June, 2019, Rome, Italy.","International Conference on Fog and Mobile Edge Computing; Institute of Electrical and Electronics Engineers.Institute of Electrical and Electronics Engineers,; International Conference on Software Defined Systems","IEEE,",2019,N/A,N/A," Digital Computers, General",EBOOKS,https://libswu.on.worldcat.org/oclc/1120204984
1120205688,"2018 9th IEEE Annual Ubiquitous Computing, Electronics & Mobile Communication Conference (UEMCON) :8th-10th November 2018, Columbia University, New York, USA /","Ubiquitous Computing, Electronics Mobile Communication Conference; Chakrabarti, Satyajit,Saha, Himadri Nath,; Institute of Engineering and Management,Institute of Electrical and Electronics Engineers.Columbia University,Institute of Electrical and Electronics Engineers,","IEEE,",2018,N/A,N/A," Digital Computers, General",EBOOKS,https://libswu.on.worldcat.org/oclc/1120205688
1125906124,Compcon Fall 79. Proceedings.,N/A,IEEE.,1979,N/A,N/A," Digital Computers, General",EBOOKS,https://libswu.on.worldcat.org/oclc/1125906124
1134987122,"2019 IEEE 10th International Conference on Awareness Science and Technology (iCAST) :proceedings : October 23-25, Morioka, Japan /","International Conference on Awareness Science and Technology; IEEE Systems, Man, and Cybernetics Society.Institute of Electrical and Electronics Engineers,","IEEE,",2019,N/A,N/A," Digital Computers, General",EBOOKS,https://libswu.on.worldcat.org/oclc/1134987122
1135648445,EAI endorsed transactions on industrial networks and intelligent systems.,"European Alliance for Innovation,Institute for Computer Sciences, Social-Informatics, and Telecommunications Engineering,","ICST,EAI",2014,N/A,2410-0218," Digital Computers, General",EJOURNALS/EMAGAZINES,https://libswu.on.worldcat.org/oclc/1135648445
1135654125,"2018 International Workshop on Secure Internet of Things :SIoT 2018 : proceedings : 6 September 2018, Barcelona, Spain.","International Workshop on Secure Internet of Things; Universitat Politècnica de Catalunya,IEEE Computer Society,Institute of Electrical and Electronics Engineers.; European Symposium on Research in Computer Security","IEEE Computer Society, Conference Publishing Services,",2018,N/A,N/A," Digital Computers, General",EBOOKS,https://libswu.on.worldcat.org/oclc/1135654125
1149750506,"Advances in ubiquitous computing :cyber-physical systems, smart cities and ecological monitoring /","Neustein, Amy.","Academic Press,",2020,N/A,N/A," Digital Computers, General",EBOOKS,https://libswu.on.worldcat.org/oclc/1149750506
1153711583,IEEE International Conference on Pervasive Services.,"International Conference on Pervasive Services; IEEE Computer Society,Institute of Electrical and Electronics Engineers,","IEEE,",2007,N/A,N/A," Digital Computers, General",EBOOKS,https://libswu.on.worldcat.org/oclc/1153711583
1156379663,1680.1a-2020 - IEEE Standard for Environmental and Social Responsibility Assessment of Computers and Displays--Amendment 1 :Editorial and Technical Corrections and Clarifications.,N/A,"IEEE,",2020,N/A,N/A," Digital Computers, General",EBOOKS,https://libswu.on.worldcat.org/oclc/1156379663
1156391380,1847-2019 - IEEE Recommended Practice for Common Framework of Location Services for Healthcare,N/A,"IEEE,",2020,N/A,N/A," Digital Computers, General",EBOOKS,https://libswu.on.worldcat.org/oclc/1156391380
1159125005,"Proceedings of the 2019 IEEE International Symposium on Workload Characterization :November 3-5, 2019, Orlando, Florida, USA /","IEEE International Symposium on Workload Characterization; IEEE Computer Society,IEEE Computer Society.Institute of Electrical and Electronics Engineers,","IEEE,",2019,N/A,N/A," Digital Computers, General",EBOOKS,https://libswu.on.worldcat.org/oclc/1159125005
1159130311,"Proceedings, 14th IEEE International Conference on Semantic Computing :3-5 February 2020, San Diego, California","IEEE International Conference on Semantic Computing; IEEE Computer Society,","IEEE Computer Society, Conference Publishing Services,",2020,N/A,N/A," Digital Computers, General",EBOOKS,https://libswu.on.worldcat.org/oclc/1159130311
1159134713,"2019 12th International Conference on Ubi-Media Computing :Ubi-Media 2019 : proceedings : Bali, Indonesia, 6-9 August 2019 /","IEEE International Conference on Ubi-Media Computing and Workshops; STMIK Raharja University,IEEE Computer Society,Institute of Electrical and Electronics Engineers.","IEEE Computer Society, Conference Publishing Services,",2019,N/A,N/A," Digital Computers, General",EBOOKS,https://libswu.on.worldcat.org/oclc/1159134713
1170775884,Computer workstations.,N/A,WV Pub. Co.,1988,N/A,0899-9783," Digital Computers, General",EJOURNALS/EMAGAZINES,https://libswu.on.worldcat.org/oclc/1170775884
1181899950,"2016 International Conference on Internet of Things and Applications  :22-24 January 2016, Pune, India /",International Conference on Internet of Things and Applications; Institute of Electrical and Electronics Engineers.,"Institute of Electrical and Electronics Engineers,",2016,N/A,N/A," Digital Computers, General",EBOOKS,https://libswu.on.worldcat.org/oclc/1181899950
1181900938,"International Conference on Mobile Ubiquitous Computing, Systems, Services and Technologies  :4-9 November 2007, Papeete, France /","International Conference on Mobile Ubiquitous Computing, Systems, Services and Technologies; Institute of Electrical and Electronics Engineers.","Institute of Electrical and Electronics Engineers,",2007,N/A,N/A," Digital Computers, General",EBOOKS,https://libswu.on.worldcat.org/oclc/1181900938
1182819871,"2018 IEEE International Conference on Internet of Things, IEEE Green Computing and Communications (GreenCom) and IEEE Cyber, Physical and Social Computing and IEEE Smart Data :July 30-August 3, 2018, Halifax, Canada /","Institute of Electrical and Electronics Engineers,","Institute of Electrical and Electronics Engineers,",2018,N/A,N/A," Digital Computers, General",EBOOKS,https://libswu.on.worldcat.org/oclc/1182819871
1182820055,"2018 IEEE International Conference on Future IoT Technologies :18-19 January 2018, Eger, Hungary /","IEEE International Conference on Future IoT Technologies; Institute of Electrical and Electronics Engineers,","Institute of Electrical and Electronics Engineers,",2018,N/A,N/A," Digital Computers, General",EBOOKS,https://libswu.on.worldcat.org/oclc/1182820055
1182820546,"Third IEEE International Conference on Wireless and Mobile Computing, Networking and Communications :8-10 October 2007, White Plains, NY, USA /","International Conference on Wireless and Mobile Computing, Networking and Communications; IEEE Computer Society,","Institute of Electrical and Electronics Engineers,",2007,N/A,N/A," Digital Computers, General",EBOOKS,https://libswu.on.worldcat.org/oclc/1182820546
1182821596,"WF-IoT :2019 IEEE 5th World Forum on Internet of Things : 15-18 April 2019, Limerick, Ireland /","Institute of Electrical and Electronics Engineers,","Institute of Electrical and Electronics Engineers,",2019,N/A,N/A," Digital Computers, General",EBOOKS,https://libswu.on.worldcat.org/oclc/1182821596
1182821693,"2016 International Conference on Cloud Computing Research and Innovations :4-5 May 2016, Singapore, Singapore /","International Conference on Cloud Computing Research and Innovations; IEEE Computer Society,","Institute of Electrical and Electronics Engineers,",2016,N/A,N/A," Digital Computers, General",EBOOKS,https://libswu.on.worldcat.org/oclc/1182821693
1182823253,"Proceedings of WESCON '93 :28-30 September 1993, San Francisco, CA, USA /","Wescon (Conference); Institute of Electrical and Electronics Engineers,","Institute of Electrical and Electronics Engineers,",1993,N/A,N/A," Digital Computers, General",EBOOKS,https://libswu.on.worldcat.org/oclc/1182823253
1182823448,"W-FiCloud 2018 :2018 IEEE 6th International Conference on Future Internet of Things and Cloud Workshops : proceedings : 6-8 August 2018, Barcelona, Spain /","Institute of Electrical and Electronics Engineers,; Awan, Irfan,Younas, Muhammad,Portela, Filipe,","Institute of Electrical and Electronics Engineers,",2018,N/A,N/A," Digital Computers, General",EBOOKS,https://libswu.on.worldcat.org/oclc/1182823448
1182823669,"WF-IoT 2018 :4th IEEE World Forum on Internet of Things : 5-8 February 2018, Singapore /","Institute of Electrical and Electronics Engineers,","Institute of Electrical and Electronics Engineers,",2018,N/A,N/A," Digital Computers, General",EBOOKS,https://libswu.on.worldcat.org/oclc/1182823669
1200516401,2020 IEEE International Conference on Pervasive Computing and Communications Workshops (PerCom Workshops).,"IEEE International Conference on Pervasive Computing and Communications; IEEE Computer Society,Institute of Electrical and Electronics Engineers,","IEEE,",2020,N/A,N/A," Digital Computers, General",EBOOKS,https://libswu.on.worldcat.org/oclc/1200516401
1200516501,2020 IEEE International Conference on Pervasive Computing and Communications (PerCom).,"IEEE International Conference on Pervasive Computing and Communications; Institute of Electrical and Electronics Engineers,","IEEE,",2020,N/A,N/A," Digital Computers, General",EBOOKS,https://libswu.on.worldcat.org/oclc/1200516501
1200517059,"2020 Fifth International Conference on Fog and Mobile Edge Computing (FMEC) :Paris, France. April 20-23, 2020 /","International Conference on Fog and Mobile Edge Computing; Alsmirat, Mohammad,; Institute of Electrical and Electronics Engineers.Institute of Electrical and Electronics Engineers,","IEEE,",2020,N/A,N/A," Digital Computers, General",EBOOKS,https://libswu.on.worldcat.org/oclc/1200517059
1200517570,"Indo-Taiwan 2nd International Conference on Computing, Analytics and Networks (Indo-Taiwan ICAN 2020) :conference proceedings : dates and venues, February 7-8, 2020, National Chung Cheng University, Taiwan ; February 14-15, 2020, Chitkara University, India /","International Conference on Computing, Analytics and Networks; Guo li Zhongzheng da xue (Taiwan),Chitkara University,Institute of Electrical and Electronics Engineers,","IEEE,",2020,N/A,N/A," Digital Computers, General",EBOOKS,https://libswu.on.worldcat.org/oclc/1200517570
1200518063,"2020 21st International Conference on Mobile Data Management :MDM 2020 : proceedings : Versailles, France, 30 June - 3 July 2020.","International Conference on Mobile Data Management; IEEE Computer Society.IEEE Computer Society,Institute of Electrical and Electronics Engineers,","IEEE Computer Society,",2020,N/A,N/A," Digital Computers, General",EBOOKS,https://libswu.on.worldcat.org/oclc/1200518063
1224004141,Multi-paradigm modelling approaches for cyber-physical systems /,"Tekinerdogan, Bedir.","Academic Press,",2021,N/A,N/A," Digital Computers, General",EBOOKS,https://libswu.on.worldcat.org/oclc/1224004141
1225894438,"Semantic systems in the era of knowledge graphs :16th International Conference on Semantic Systems, SEMANTiCS 2020, Amsterdam, The Netherlands, September 7-10, 2020 : proceedings /","International Conference on Semantic Systems; Blomqvist, Eva,Groth, Paul,Boer, Viktor de,‏ ‎Pellegrini, Tassilo,Alam, Mehwish,Käfer, Tobias,Kieseberg, Peter,Kirrane, Sabrina,Meroño-Peñuela, Albert,Pandit, Harshvardhan J.,","Springer,",2020,N/A,N/A," Digital Computers, General",EBOOKS,https://libswu.on.worldcat.org/oclc/1225894438
1235117241,"2020 11th IEEE Annual Ubiquitous Computing, Electronics & Mobile Communication Conference (UEMCON) :28th- 31st October 2020, New York, USA, virtual conference /","Ubiquitous Computing, Electronics Mobile Communication Conference; Paul, Rajashree,; Institute of Electrical and Electronics Engineers.Institute of Electrical and Electronics Engineers.IEEE-USA,Institute of Electrical and Electronics Engineers,","IEEE,",2020,N/A,N/A," Digital Computers, General",EBOOKS,https://libswu.on.worldcat.org/oclc/1235117241
1238206110,Security of ubiquitous computing systems :selected topics /,"Avoine, Gildas,Hernandez-Castro, Julio C.,","Springer,",2021,N/A,N/A," Digital Computers, General",EBOOKS,https://libswu.on.worldcat.org/oclc/1238206110
1239997510,"2016 IEEE International Symposium on Workload Characterization :25-27 September 2016, Providence, RI, USA /","Technical Committee on Computer Architecture,IEEE Computer Society,","Institute of Electrical and Electronics Engineers,",2016,N/A,N/A," Digital Computers, General",EBOOKS,https://libswu.on.worldcat.org/oclc/1239997510
1240181472,WiMob 2020.,"IEEE International Conference on Wireless and Mobile Computing, Networking, and Communications; Institute of Electrical and Electronics Engineers,IEEE Communications Society,","IEEE,",2020,N/A,N/A," Digital Computers, General",EBOOKS,https://libswu.on.worldcat.org/oclc/1240181472
1240509391,2020 11th International Conference on Awareness Science and Technology (iCAST).,"International Conference on Awareness Science and Technology; IEEE Systems, Man, and Cybernetics Society.Institute of Electrical and Electronics Engineers,","IEEE,",2020,N/A,N/A," Digital Computers, General",EBOOKS,https://libswu.on.worldcat.org/oclc/1240509391
1243104513,"ASAP 2014 :Proceedings of the 2014 IEEE 25th International Conference on Application-Specific Systems, Architectures, and Processors : 18-20 June 2014 : Zurich, Switzerland /","Institute of Electrical and Electronics Engineers,","IEEE,",2014,N/A,N/A," Digital Computers, General",EBOOKS,https://libswu.on.worldcat.org/oclc/1243104513
1243120806,"Modeling, Analysis and Simulation of Computer and Telecommunication Systems (MASCOTS), 2015 IEEE 23rd International Symposium on /","Institute of Electrical and Electronics Engineers,","Institute of Electrical and Electronics Engineers,",2015,N/A,N/A," Digital Computers, General",EBOOKS,https://libswu.on.worldcat.org/oclc/1243120806
1243274862,"2020 IEEE International Symposium on Workload Characterization :proceedings : 27-29 October 2020, online event.","IEEE International Symposium on Workload Characterization; IEEE Computer Society,Institute of Electrical and Electronics Engineers.","IEEE Computer Society, Conference Publishing Services,",2020,N/A,N/A," Digital Computers, General",EBOOKS,https://libswu.on.worldcat.org/oclc/1243274862
1249254489,C63.24-2021 - American National Standard - Recommended Practice for In Situ RF Immunity Evaluation of Electronic Devices and Systems.,N/A,"IEEE,",2021,N/A,N/A," Digital Computers, General",EBOOKS,https://libswu.on.worldcat.org/oclc/1249254489
1259063249,2016 IEEE International Conference on Mobile Services (MS) /,"Institute of Electrical and Electronics Engineers,","IEEE,",2016,N/A,N/A," Digital Computers, General",EBOOKS,https://libswu.on.worldcat.org/oclc/1259063249
1259068033,"2016 IEEE 7th Annual Ubiquitous Computing, Electronics & Mobile Communication Conference (UEMCON) :20-22 October, 2016, Columbia University, New York, USA /","Chakrabarti, Satyajit,Nath Saha, Himadri,","IEEE,",2016,N/A,N/A," Digital Computers, General",EBOOKS,https://libswu.on.worldcat.org/oclc/1259068033
1259140917,2013 Fifth International Conference on Ubiquitous and Future Networks (ICUFN) /,"Institute of Electrical and Electronics Engineers,","IEEE,",2013,N/A,N/A," Digital Computers, General",EBOOKS,https://libswu.on.worldcat.org/oclc/1259140917
1259276181,2021 IEEE International Conference on Pervasive Computing and Communications Workshops and other affiliated events (PerCom Workshops) /,"IEEE International Conference on Pervasive Computing and Communications; IEEE Computer Society,Institute of Electrical and Electronics Engineers,","IEEE,",2021,N/A,N/A," Digital Computers, General",EBOOKS,https://libswu.on.worldcat.org/oclc/1259276181
1263342048,Mobile edge artificial intelligence :opportunities and challenges.,"Shi, Yuanming.","Elsevier Academic Press,",2021,N/A,N/A," Digital Computers, General",EBOOKS,https://libswu.on.worldcat.org/oclc/1263342048
1295895612,Programming the Parallel Port  :Interfacing the PC for Data Acquisition and Process Control.,"Gadre, Dhananjay.","Taylor & Francis,",1998,N/A,N/A," Digital Computers, General",EBOOKS,https://libswu.on.worldcat.org/oclc/1295895612
1315924580,2010 5th International Symposium on Wireless Pervasive Computing.,ieee; ieee,I E E E,2010,N/A,N/A," Digital Computers, General",EBOOKS,https://libswu.on.worldcat.org/oclc/1315924580
1316146852,"2009 43rd Asilomar Conference on Signals, Systems and Computers.",IEEE Staff; IEEE Staff,I E E E,2009,N/A,N/A," Digital Computers, General",EBOOKS,https://libswu.on.worldcat.org/oclc/1316146852
1316323678,"2nd IEEE Conference on Computer Workstations, March 7-10, 1988, Santa Clara, [California] /",IEEE Conference on Computer Workstations; IEEE Computer Society.IEEE Xplore (Online service),"IEEE Computer Society Press ;Order from Computer Society of the IEEE,",1988,N/A,N/A," Digital Computers, General",EBOOKS,https://libswu.on.worldcat.org/oclc/1316323678
1327747077,2022 17th Wireless On-Demand Network Systems and Services Conference (WONS).,N/A,IEEE.,2022,N/A,N/A," Digital Computers, General",EBOOKS,https://libswu.on.worldcat.org/oclc/1327747077
1328164872,2012 7th International Symposium on Wireless and Pervasive Computing.,ieee; ieee,IEEE,2012,N/A,N/A," Digital Computers, General",EBOOKS,https://libswu.on.worldcat.org/oclc/1328164872
1328270407,Ubiquitous computing fundamentals /,"Krumm, John.","CRC Press,",2010,N/A,N/A," Digital Computers, General",EBOOKS,https://libswu.on.worldcat.org/oclc/1328270407
1340054927,"International Symposium on Ubiquitous Multimedia Computing  :UMC 2008, 13-15 October 2008, Hobart, Australia : proceedings.",International Symposium on Ubiquitous Multimedia Computing,"IEEE Computer Society/Conference Pub. Services,",2008,N/A,N/A," Digital Computers, General",EBOOKS,https://libswu.on.worldcat.org/oclc/1340054927
1340083913,"2007 fourth annual International Conference on Mobile and Ubiquitous Systems  :networking & services : Philadelphia, PA, 6-10 August 2007.","International Conference on Mobile and Ubiquitous Systems: Computing, Networking, and Services; Institute of Electrical and Electronics Engineers.","IEEE,",2007,N/A,N/A," Digital Computers, General",EBOOKS,https://libswu.on.worldcat.org/oclc/1340083913
1344339960,"What every engineer should know about microcomputers :hardware/software design, a step-by-step example /","Bennett, William S.,; Evert, Carl F.,Lander, Leslie C.,","CRC Press,",1991,N/A,N/A," Digital Computers, General",EBOOKS,https://libswu.on.worldcat.org/oclc/1344339960
1360417500,"2022 Second International Conference on Sustainable Mobility Applications, Renewables and Technology (SMART) :November 23-25, 2022 /","International Conference on Sustainable Mobility Applications, Renewables and Technology; Institute of Electrical and Electronics Engineers,Alumni Association of University of Cassino and Southern Lazio,","IEEE,",2022,N/A,N/A," Digital Computers, General",EBOOKS,https://libswu.on.worldcat.org/oclc/1360417500
1373990910,2023 18th Wireless On-Demand Network Systems and Services Conference (WONS).,"WONS (Conference); Institute of Electrical and Electronics Engineers,","IEEE,",2023,N/A,N/A," Digital Computers, General",EBOOKS,https://libswu.on.worldcat.org/oclc/1373990910
1377823162,"2016 IEEE International Conference on Pervasive Computing and Communications (PerCom) :14-19 March 2016, Sydney, Australia /","Institute of Electrical and Electronics Engineers,","IEEE,",2016,N/A,N/A," Digital Computers, General",EBOOKS,https://libswu.on.worldcat.org/oclc/1377823162
1378693356,2021 ACM/IEEE International Workshop on System Level Interconnect Prediction (SLIP) /,"Institute of Electrical and Electronics Engineers,",IEEE.,2021,N/A,N/A," Digital Computers, General",EBOOKS,https://libswu.on.worldcat.org/oclc/1378693356
1389631228,"2023 11th International Symposium on Electronic Systems Devices and Computing (ESDC) :4-6 May, 2023.","International Symposium on Electronic Systems Devices and Computing; Institute of Electrical and Electronics Engineers,","[IEEE],",2023,N/A,N/A," Digital Computers, General",EBOOKS,https://libswu.on.worldcat.org/oclc/1389631228
1396902711,2023 24th International Symposium on Quality Electronic Design (ISQED).,N/A,IEEE.,2023,N/A,N/A," Digital Computers, General",EBOOKS,https://libswu.on.worldcat.org/oclc/1396902711
1398243465,"2023 International Conference on Mobile Internet, Cloud Computing and Information Security :proceedings : MICCIS 2023 : 7-9 April 2023, Nanjing, China.","International Conference on Mobile Internet, Cloud Computing and Information Security; IEEE Computer Society,","IEEE Computer Society, Conference Publishing Services,",2023,N/A,N/A," Digital Computers, General",EBOOKS,https://libswu.on.worldcat.org/oclc/1398243465
1402833143,2861.4-2023 - IEEE Standard for Game Voice Enhancement of Mobile Gaming /,"Institute of Electrical and Electronics Engineers,","IEEE,",2023,N/A,N/A," Digital Computers, General",EBOOKS,https://libswu.on.worldcat.org/oclc/1402833143
1406510857,"2014 International Conference on Optimization, Reliability, and Information Technology (ICROIT 2014).Faridabad, NCR, India, 6-8 February 2014 /","Institute of Electrical and Electronics Engineers,","IEEE,",2014,N/A,N/A," Digital Computers, General",EBOOKS,https://libswu.on.worldcat.org/oclc/1406510857
1415211898,"Proceedings :2023 International Conference on Networking and Network Applications : NaNA 2023 : Crowne Plaza Qingdao Ocean Spring Resort, Qingdao, China, 18-21 August 2023 /","International Conference on Networking and Network Applications; Shandong Computer Science Center,CPS (Conference Publishing Services),","IEEE,",2023,N/A,N/A," Digital Computers, General",EBOOKS,https://libswu.on.worldcat.org/oclc/1415211898
1424758350,"C37.68-2023 - IEEE Standard for Design, Test, and Application Requirements for Microprocessor-Based Controls of Distribution Pad-mount, Dry Vault, Wet Vault, and Polemount Switchgear Rated Above 1 kV and Up to and Including 38 kV /","Institute of Electrical and Electronics Engineers,","IEEE,",2024,N/A,N/A," Digital Computers, General",EBOOKS,https://libswu.on.worldcat.org/oclc/1424758350
1433164170,2024 IEEE International Conference on Pervasive Computing and Communications Workshops and other Affiliated Events (PerCom Workshops).,IEEE International Conference on Pervasive Computing and Communications.,"IEEE Computer Society,",2024,N/A,N/A," Digital Computers, General",EBOOKS,https://libswu.on.worldcat.org/oclc/1433164170
1433995896,"18th IEEE International Conference on Semantic Computing :ICSC 2024 : proceedings : 5-7 February 2023, Laguna Hills, California.","IEEE International Conference on Semantic Computing; IEEE Computer Society,Institute of Electrical and Electronics Engineers,","IEEE Computer Society,",2024,N/A,N/A," Digital Computers, General",EBOOKS,https://libswu.on.worldcat.org/oclc/1433995896
1434060589,2024 IEEE International Conference on Pervasive Computing and Communications (PerCom) :11-15 March 2024.,"IEEE International Conference on Pervasive Computing and Communications; IEEE Computer Society,IEEE Computer Society.IEEE Computer Society.Institute of Electrical and Electronics Engineers,","IEEE,",2024,N/A,N/A," Digital Computers, General",EBOOKS,https://libswu.on.worldcat.org/oclc/1434060589
1435762396,"2021 11th IFIP International Conference on New Technologies, Mobility and Security (NTMS) /","Institute of Electrical and Electronics Engineers,","IEEE,",2021,N/A,N/A," Digital Computers, General",EBOOKS,https://libswu.on.worldcat.org/oclc/1435762396
1435762846,2021 IEEE International Conference on Pervasive Computing and Communications (PerCom) /,"Institute of Electrical and Electronics Engineers,","IEEE,",2021,N/A,N/A," Digital Computers, General",EBOOKS,https://libswu.on.worldcat.org/oclc/1435762846
1435763097,2021 IEEE 14th International Symposium on Embedded Multicore/Many-core Systems-on-Chip (MCSoC) /,"Institute of Electrical and Electronics Engineers,","IEEE,",2021,N/A,N/A," Digital Computers, General",EBOOKS,https://libswu.on.worldcat.org/oclc/1435763097
1435764170,"Proceedings, 2022 IEEE SmartWorld, Ubiquitous Intelligence & Computing, Autonomous & Trusted Vehicles, Scalable Computing & Communications, Digital Twin, Privacy Computing, Metaverse (SmartWorld/UIC/ATC/ScalCom/DigitalTwin/PriComp/Metaverse) :Haikou, China, 15-18 December 2022 /","IEEE Smart World Congress; CPS (Conference Publishing Services),Institute of Electrical and Electronics Engineers,IEEE Computational Intelligence Society,IEEE Computer Society,IEEE Computer Society.Hainan da xue,; IEEE International Conference on Ubiquitous Intelligence and ComputingATC (Conference)International Conference on Scalable Computing and CommunicationsIEEE International Conference on Digital TwinIEEE International Conference on Privacy ComputingIEEE International Conference on Metaverse","The Institute of Electrical and Electronics Engineers, Inc.,",2022,N/A,N/A," Digital Computers, General",EBOOKS,https://libswu.on.worldcat.org/oclc/1435764170
1435821708,"2022 23rd IEEE International Conference on Mobile Data Management :MDM 2022 : Virtual Conference, 6-9 June 2022.","IEEE International Conference on Mobile Data Management; Institute of Electrical and Electronics Engineers,IEEE Computer Society,","IEEE Computer Society, Conference Publishing Services,",2022,N/A,N/A," Digital Computers, General",EBOOKS,https://libswu.on.worldcat.org/oclc/1435821708
1438587795,2021 IEEE/ACM 11th Workshop on Fault Tolerance for HPC at eXtreme Scale (FTXS) /,"IEEE Computer Society,","IEEE,",2021,N/A,N/A," Digital Computers, General",EBOOKS,https://libswu.on.worldcat.org/oclc/1438587795
1438985875,2022 IEEE International Conference on Pervasive Computing and Communications (PerCom) /,"Institute of Electrical and Electronics Engineers,","IEEE,",2022,N/A,N/A," Digital Computers, General",EBOOKS,https://libswu.on.worldcat.org/oclc/1438985875
1438987544,2022 IEEE International Conference on Pervasive Computing and Communications Workshops and other Affiliated Events (PerCom Workshops) /,"Institute of Electrical and Electronics Engineers,","IEEE,",2022,N/A,N/A," Digital Computers, General",EBOOKS,https://libswu.on.worldcat.org/oclc/1438987544
1438988358,2022 16th International Conference on Ubiquitous Information Management and Communication (IMCOM) /,"Institute of Electrical and Electronics Engineers,","IEEE,",2022,N/A,N/A," Digital Computers, General",EBOOKS,https://libswu.on.worldcat.org/oclc/1438988358
1438989099,"2023 IEEE 16th International Symposium on Embedded Multicore/Many-core Systems-on-Chip (MCSoC) :18-21 December 2023 Singapore, Singapore /","IEEE International Symposium on Embedded Multicore/Manycore SoCs; Institute of Electrical and Electronics Engineers,","IEEE Computer Society,",2023,N/A,N/A," Digital Computers, General",EBOOKS,https://libswu.on.worldcat.org/oclc/1438989099
1438989706,2022 IEEE 16th International Conference on Semantic Computing (ICSC) /,"Institute of Electrical and Electronics Engineers,","IEEE,",2022,N/A,N/A," Digital Computers, General",EBOOKS,https://libswu.on.worldcat.org/oclc/1438989706
1438990308,"2021 IEEE/ACM 8th International Conference on Mobile Software Engineering and Systems MobileSoft 2021 :virtual (originally Madrid, Spain), 22-30 May 2021 : proceedings /","Institute of Electrical and Electronics Engineers,","IEEE,",2021,N/A,N/A," Digital Computers, General",EBOOKS,https://libswu.on.worldcat.org/oclc/1438990308
1438993250,"System Level Interconnect Prediction (SLIP), 2015 ACM/IEEE International Workshop on /","Institute of Electrical and Electronics Engineers,","IEEE,",2015,N/A,N/A," Digital Computers, General",EBOOKS,https://libswu.on.worldcat.org/oclc/1438993250
1439605456,"The 13th IEEE International Conference on Ubiquitous Intelligence and Computing, the 13th IEEE International Conference on Advanced and Trusted Computing, the 16th IEEE International Conference on Scalable Computing and Communications, the IEEE International Conference on Cloud and Big Data Computing, the IEEE International Conference on Internet of People, the IEEE Smart World Congress and workshops (UIC/ATC/ScalCom/CBDCom/IoP/SmartWorld 2016) :18-21 July 2016, Toulouse, France : proceedings /","Baz, Didier El,Bourgeois, Julien,","IEEE,",2016,N/A,N/A," Digital Computers, General",EBOOKS,https://libswu.on.worldcat.org/oclc/1439605456
1465516210,ACM computing surveys.,Association for Computing Machinery.,"Association for Computing Machinery,.",1992,0360-0300,N/A," Digital Computers, General",N/A,https://libswu.on.worldcat.org/oclc/1465516210
1472849386,EMPOWERING IOT WITH BIG DATA ANALYTICS.,N/A,"ELSEVIER ACADEMIC PRESS,",2024,N/A,N/A," Digital Computers, General",EBOOKS,https://libswu.on.worldcat.org/oclc/1472849386
1478726872,2023 20th International SoC Design Conference (ISOCC) /,"Chen, Chuen-Yau,; Lee, Seung Eun,Song, Taigon,",IEEE.,2023,N/A,N/A," Digital Computers, General",EBOOKS,https://libswu.on.worldcat.org/oclc/1478726872
1481579219,2021 IEEE 15th International Conference on Semantic Computing (ICSC) /,"Institute of Electrical and Electronics Engineers,","IEEE,",2021,N/A,N/A," Digital Computers, General",EBOOKS,https://libswu.on.worldcat.org/oclc/1481579219
1515469295,"2023 International Mobile, Intelligent, and Ubiquitous Computing Conference (MIUCC) /","Institute of Electrical and Electronics Engineers,",IEEE.,2023,N/A,N/A," Digital Computers, General",EBOOKS,https://libswu.on.worldcat.org/oclc/1515469295
1518024099,"How to build Android applications with Kotlin :a hands-on guide to developing, testing, and publishing production-grade Android 16 apps /","Forrester, Alex; Boudjnah, Eran,Dumbravan, Alexandru,Tigcal, Jomar,","Packt Publishing,",2025,N/A,N/A," Digital Computers, General",EBOOKS,https://libswu.on.worldcat.org/oclc/1518024099
1522472079,The mathematical theory of semantic communication /,"Niu, Kai,; Zhang, Ping,","Springer,",2025,N/A,N/A," Digital Computers, General",EBOOKS,https://libswu.on.worldcat.org/oclc/1522472079
1527641884,2025 IEEE International Conference on Pervasive Computing and Communications Workshops and other Affiliated Events :PerCom Workshops,"Institute of Electrical and Electronics Engineers,","IEEE,",2025,N/A,N/A," Digital Computers, General",EBOOKS,https://libswu.on.worldcat.org/oclc/1527641884
1544940265,ICUFN 2025 :The 16th International Conference on Ubiquitous and Future Networks,"Institute of Electrical and Electronics Engineers,","IEEE,",2025,N/A,N/A," Digital Computers, General",EBOOKS,https://libswu.on.worldcat.org/oclc/1544940265
1550791108,"2025 3rd International Conference on Mobile Internet, Cloud Computing and Information Security :MICCIS 2025","Institute of Electrical and Electronics Engineers,","IEEE,",2025,N/A,N/A," Digital Computers, General",EBOOKS,https://libswu.on.worldcat.org/oclc/1550791108
1572981395,International Conference on Ubiquitous Communication 2025 (Ucom 2025),"Institute of Electrical and Electronics Engineers,","IEEE,",2025,N/A,N/A," Digital Computers, General",EBOOKS,https://libswu.on.worldcat.org/oclc/1572981395
38266639,Environmental and resource economics.,N/A,Kluwer Academic Publishers,1991,N/A,1573-1502, Economic Development & Growth,EJOURNALS/EMAGAZINES,https://libswu.on.worldcat.org/oclc/38266639
39082077,Review of development economics.,N/A,"Blackwell Publishers,",1997,N/A,1467-9361, Economic Development & Growth,EJOURNALS/EMAGAZINES,https://libswu.on.worldcat.org/oclc/39082077
41570253,Journal of economic growth.,N/A,"Kluwer Academic Publishers,Springer US",1996,N/A,1573-7020, Economic Development & Growth,EJOURNALS/EMAGAZINES,https://libswu.on.worldcat.org/oclc/41570253
48139901,Economy-environment-development-knowledge /,"Cole, Ken,","Routledge,",1999,N/A,N/A, Economic Development & Growth,EBOOKS,https://libswu.on.worldcat.org/oclc/48139901
48953517,Contemporary economic policy.,Western Economic Association International.Oxford University Press.,Oxford University Press,1994,N/A,1465-7287, Economic Development & Growth,EJOURNALS/EMAGAZINES,https://libswu.on.worldcat.org/oclc/48953517
50320933,The process of economic development /,"Cypher, James M.,; Dietz, James L.,","Routledge,",2002,N/A,N/A, Economic Development & Growth,EBOOKS,https://libswu.on.worldcat.org/oclc/50320933
50739427,Economic growth and environmental sustainability :the prospects for green growth /,"Ekins, Paul.","Routledge,",2000,N/A,N/A, Economic Development & Growth,EBOOKS,https://libswu.on.worldcat.org/oclc/50739427
51546563,Journal of international relations and development.,Univerza v Ljubljani.,"[University of Ljubljana, Centre of International Relations]Palgrave Macmillan",1998,N/A,1581-1980, Economic Development & Growth,EJOURNALS/EMAGAZINES,https://libswu.on.worldcat.org/oclc/51546563
52220641,Information technologies and international development.,N/A,"MIT Press,",2003,N/A,1544-7537, Economic Development & Growth,EJOURNALS/EMAGAZINES,https://libswu.on.worldcat.org/oclc/52220641
53018576,"Endogenous development :networking, innovation, institutions, and cities /","Vázquez Barquero, Antonio.","Routledge,",2003,N/A,N/A, Economic Development & Growth,EBOOKS,https://libswu.on.worldcat.org/oclc/53018576
53888233,The nature of economic growth :an alternative framework for understanding the performance of nations /,"Thirlwall, A. P.","E. Elgar,",2002,N/A,N/A, Economic Development & Growth,EBOOKS,https://libswu.on.worldcat.org/oclc/53888233
53964294,Perspectives on growth and poverty /,"Hoeven, Rolph van der.Shorrocks, Anthony F.","United Nations University Press,",2003,N/A,N/A, Economic Development & Growth,EBOOKS,https://libswu.on.worldcat.org/oclc/53964294
53981949,"Rio plus ten :politics, poverty and the environment /","Middleton, Neil.; O'Keefe, Philip.","Pluto Press,",2003,N/A,N/A, Economic Development & Growth,EBOOKS,https://libswu.on.worldcat.org/oclc/53981949
56025328,The cognitive mechanics of economic development and institutional change /,"Martens, Bertin.","Routledge,",2004,N/A,N/A, Economic Development & Growth,EBOOKS,https://libswu.on.worldcat.org/oclc/56025328
56052639,Global monitoring report.policies and actions for achieving the Millenium Development Goals and related outcomes.,International Monetary Fund.World Bank.,"International Bank for Reconstruction and Development :World Bank,",2004,N/A,N/A, Economic Development & Growth,EBOOKS,https://libswu.on.worldcat.org/oclc/56052639
56589805,Targeting development :critical perspectives on the millennium development goals /,"Black, Richard,White, Howard,","Routledge,",2004,N/A,N/A, Economic Development & Growth,EBOOKS,https://libswu.on.worldcat.org/oclc/56589805
179484201,Achieving economic development in the era of globalization /,"Sharma, Shalendra D.,","Routledge,",2008,N/A,N/A, Economic Development & Growth,EBOOKS,https://libswu.on.worldcat.org/oclc/179484201
226032252,Economic development journal.,EBSCO Publishing (Firm),"International Economic Development Council,",2002,N/A,1539-1922, Economic Development & Growth,EJOURNALS/EMAGAZINES,https://libswu.on.worldcat.org/oclc/226032252
226376424,The process of economic development /,"Cypher, James M.; Dietz, James L.,","Routledge,",1997,N/A,N/A, Economic Development & Growth,EBOOKS,https://libswu.on.worldcat.org/oclc/226376424
228114481,Social policy for development /,"Hall, Anthony L.,; Midgley, James.","SAGE,",2004,N/A,N/A, Economic Development & Growth,EBOOKS,https://libswu.on.worldcat.org/oclc/228114481
232360695,Westernizing the Third World :the eurocentricity of economic development theories /,"Mehmet, Ozay.","Routledge,",1999,N/A,N/A, Economic Development & Growth,EBOOKS,https://libswu.on.worldcat.org/oclc/232360695
240909693,Research review.,N/A,N/A,,N/A,1552-2814, Economic Development & Growth,EJOURNALS/EMAGAZINES,https://libswu.on.worldcat.org/oclc/240909693
242245205,"Economic development, education and transnational corporations /","Hanson, E. Mark,","Routledge,",2008,N/A,N/A, Economic Development & Growth,EBOOKS,https://libswu.on.worldcat.org/oclc/242245205
244208810,American economic journal.,"American Economic Association,","American Economic Association,",2009,N/A,1945-774X, Economic Development & Growth,EJOURNALS/EMAGAZINES,https://libswu.on.worldcat.org/oclc/244208810
252920856,Growth theory and growth policy /,"Seiter, Stephan.","Routledge,",2003,N/A,N/A, Economic Development & Growth,EBOOKS,https://libswu.on.worldcat.org/oclc/252920856
263594959,Japanese views on economic development :diverse paths to the market /,"©і℗ўno, Ken'ichi,","Routledge,",1998,N/A,N/A, Economic Development & Growth,EBOOKS,https://libswu.on.worldcat.org/oclc/263594959
309202793,Economia politica.,N/A,Mulino,1984,N/A,1973-820X, Economic Development & Growth,EJOURNALS/EMAGAZINES,https://libswu.on.worldcat.org/oclc/309202793
312759896,Turbulence and new directions in global political economy /,"Busumtwi-Sam, James,Dobuzinskis, Laurent.","Palgrave Macmillan,",2003,N/A,N/A, Economic Development & Growth,EBOOKS,https://libswu.on.worldcat.org/oclc/312759896
369171626,Journal of financial economic policy.,N/A,Emerald Group Pub.,2009,N/A,1757-6385, Economic Development & Growth,EJOURNALS/EMAGAZINES,https://libswu.on.worldcat.org/oclc/369171626
407835925,Communication for development and social change /,"Servaes, Jan,","Sage Publications,",2008,N/A,N/A, Economic Development & Growth,EBOOKS,https://libswu.on.worldcat.org/oclc/407835925
506507000,International journal of development issues.,"International Institute for Development Studies (Australia),University of Sydney.","Centre for South Asian Studies, School of Economics and Political Science, University of Sydney,Emerald Group Publishing Limited",2002,N/A,1758-8553, Economic Development & Growth,EJOURNALS/EMAGAZINES,https://libswu.on.worldcat.org/oclc/506507000
558541665,Socio-economic planning sciences.,N/A,Pergamon Press.,1967,N/A,N/A, Economic Development & Growth,EJOURNALS/EMAGAZINES,https://libswu.on.worldcat.org/oclc/558541665
560363631,Dynamics of the mixed economy :toward a theory of interventionism /,"Ikeda, Sanford,","Routledge,",1997,N/A,N/A, Economic Development & Growth,EBOOKS,https://libswu.on.worldcat.org/oclc/560363631
564729613,Development and change.,Institute of Social Studies (Netherlands),"Mouton,",1969,N/A,N/A, Economic Development & Growth,EJOURNALS/EMAGAZINES,https://libswu.on.worldcat.org/oclc/564729613
565849273,Development theory :deconstructions/reconstructions /,"Nederveen Pieterse, Jan.","SAGE,",2010,N/A,N/A, Economic Development & Growth,EBOOKS,https://libswu.on.worldcat.org/oclc/565849273
604698184,Journal of social and economic development.,"Institute for Social and Economic Change,",Institute for Social and Economic Change[Bangalore] :Springer India,1998,N/A,2199-6873, Economic Development & Growth,EJOURNALS/EMAGAZINES,https://libswu.on.worldcat.org/oclc/604698184
604917088,Communication for development in the Third World :theory and practice for empowerment /,"Melkote, Srinivas R.,; Steeves, H. Leslie.","Sage Publications,",2001,N/A,N/A, Economic Development & Growth,EBOOKS,https://libswu.on.worldcat.org/oclc/604917088
610106912,"Technological dependence, monopoly, and growth.","Merhav, Meir.","Pergamon Press,",1969,N/A,N/A, Economic Development & Growth,EBOOKS,https://libswu.on.worldcat.org/oclc/610106912
642467413,Journal of economic policy reform.,N/A,"Routledge,",2007,N/A,1748-7870, Economic Development & Growth,EJOURNALS/EMAGAZINES,https://libswu.on.worldcat.org/oclc/642467413
646037092,Aktuelle Wege der Wirtschaftspolitik /,"Issing, Otmar.Woll, Artur,","Duncker & Humblot,",1983,N/A,N/A, Economic Development & Growth,EBOOKS,https://libswu.on.worldcat.org/oclc/646037092
646303819,"Probleme und Perspektiven der weltwirtschaftlichen Entwicklung :Jahrestagung des Vereins für Socialpolitik, Gesellschaft für Wirtschafts- und Sozialwissenschaften in Travemünde 1984.","Verein für Socialpolitik.; Giersch, Herbert.","Duncker & Humblot,",1985,N/A,N/A, Economic Development & Growth,EBOOKS,https://libswu.on.worldcat.org/oclc/646303819
646809021,Reflections on the right to development /,"Sengupta, Arjun.Negi, Archna,Basu, Moushumi,","Sage Publications,",2005,N/A,N/A, Economic Development & Growth,EBOOKS,https://libswu.on.worldcat.org/oclc/646809021
647518807,The journal of policy reform.,Center for International Economics (University of Maryland at College Park)Harvard Institute for International Development.University of Miami.,"Harwood Academic Publishers,",1996,N/A,N/A, Economic Development & Growth,EJOURNALS/EMAGAZINES,https://libswu.on.worldcat.org/oclc/647518807
654668817,"Theorie der Wirtschaftspolitik :Erfahrungen, Probleme, Perspektiven /","Apolte, Th.Berg, Hartmut.","Duncker & Humblot,",2001,N/A,N/A, Economic Development & Growth,EBOOKS,https://libswu.on.worldcat.org/oclc/654668817
694820290,Review of development finance.,"Africagrowth Institute,","Elsevier B.V. on behalf of Africagrowth Institute,",2011,N/A,1879-9337, Economic Development & Growth,EJOURNALS/EMAGAZINES,https://libswu.on.worldcat.org/oclc/694820290
741996991,Cadmus.,World Academy of Art and Science.Risk Institute.,Risk Institute,2010,N/A,2038-5250, Economic Development & Growth,EJOURNALS/EMAGAZINES,https://libswu.on.worldcat.org/oclc/741996991
754113031,"Understanding long-run economic growth :geography, institutions, and the knowledge economy /","Costa, Dora L.Lamoreaux, Naomi R.","University of Chicago Press,",2011,N/A,N/A, Economic Development & Growth,EBOOKS,https://libswu.on.worldcat.org/oclc/754113031
759157761,Institutionelle Ursachen des Wohlstands der Nationen /,"Apolte, Th.Vollmer, Uwe.","Duncker & Humblot,",2010,N/A,N/A, Economic Development & Growth,EBOOKS,https://libswu.on.worldcat.org/oclc/759157761
809772233,Economic development finance /,"Seidman, Karl F.","SAGE Publications,",2005,N/A,N/A, Economic Development & Growth,EBOOKS,https://libswu.on.worldcat.org/oclc/809772233
828300975,Institutionelle Grundlagen effizienter Wirtschaftspolitik.,"Schäfer, Wolf.","Duncker & Humblot,",2011,N/A,N/A, Economic Development & Growth,EBOOKS,https://libswu.on.worldcat.org/oclc/828300975
828300977,Zur Bewertung der Entwicklungszusammenarbeit. /,N/A,"Duncker & Humblot,",2011,N/A,N/A, Economic Development & Growth,EBOOKS,https://libswu.on.worldcat.org/oclc/828300977
828301076,Voraussetzungen für grundlegende institutionelle Reformen.,"Eger, Thomas.","Duncker & Humblot,",2011,N/A,N/A, Economic Development & Growth,EBOOKS,https://libswu.on.worldcat.org/oclc/828301076
828301128,Was ist zu tun? :Wirtschaftspolitische Agenda für die Legislaturperiode 2002 bis 2006.,"Heilemann, Ullrich.; Henke, Klaus-Dirk.","Duncker & Humblot,",2011,N/A,N/A, Economic Development & Growth,EBOOKS,https://libswu.on.worldcat.org/oclc/828301128
841465631,Building a sustainable and desirable economy-in-society-in-nature /,"Constanza, Robert,; Alperovitz, Gar,Daly, Herman E.,Farley, Joshua C.,Franco, Carol,Jackson, Tim,Kubiszewski, Ida,Schor, Juliet,Victor, Peter A.,","ANU E Press,",2013,N/A,N/A, Economic Development & Growth,EBOOKS,https://libswu.on.worldcat.org/oclc/841465631
842500450,Human capitalism :how economic growth has made us smarter-and more unequal /,"Lindsey, Brink,","Princeton University Press,",2013,N/A,N/A, Economic Development & Growth,EBOOKS,https://libswu.on.worldcat.org/oclc/842500450
861537117,Akzeptanzprobleme der Marktwirtschaft :Ursachen und wirtschaftspolitische Konsequenzen /,"Hasse, Rolf.Theurl, Theresia.","Duncker et Humblot,",2013,N/A,N/A, Economic Development & Growth,EBOOKS,https://libswu.on.worldcat.org/oclc/861537117
868923338,Infrastructure and economic growth in Asia /,"Cockburn, John.","Springer,",2013,N/A,N/A, Economic Development & Growth,EBOOKS,https://libswu.on.worldcat.org/oclc/868923338
876184639,Learning to industrialize :from given growth to policy-aided value creation /,"Ōno, Ken'ichi,","Routledge,",2013,N/A,N/A, Economic Development & Growth,EBOOKS,https://libswu.on.worldcat.org/oclc/876184639
879631703,Meaning & development /,"Kebede, Messay,","Editions Rodopi BV,",1994,N/A,N/A, Economic Development & Growth,EBOOKS,https://libswu.on.worldcat.org/oclc/879631703
903280967,IEEE transactions on sustainable computing.,N/A,"Institute of Electrical and Electronics Engineers,",2015,N/A,2377-3782, Economic Development & Growth,EJOURNALS/EMAGAZINES,https://libswu.on.worldcat.org/oclc/903280967
908671421,"Qualifikation und Beruf in Deutschlands Regionen bis 2030 :Konzepte, Methoden und Ergebnisse der BIBB-IAB-Projektionen.","(IAB), Institut für Arbeitsmarkt- und Berufsforschung der Bundesagentur für Arbeit.; Gerd Zika.Tobias Maier.","W. Bertelsmann Verlag,",2015,N/A,N/A, Economic Development & Growth,EBOOKS,https://libswu.on.worldcat.org/oclc/908671421
913695654,Neue Wachstums- und Aussenhandelstheorie :Implikationen für die Entwicklungstheorie und -politik /,"Schubert, Renate,Elsenhans, Hartmut,","Duncker & Humblot,",1999,N/A,N/A, Economic Development & Growth,EBOOKS,https://libswu.on.worldcat.org/oclc/913695654
913695687,"Studien zur Entwicklung der ökonomischen Theorie XVII :Die Umsetzung wirtschaftspolitischer Grundkonzeptionen in die kontinentaleuropäische Praxis des 19. und 20. Jahrhunderts, II. Teil.","Streissler, Erich W.","Duncker & Humblot,",1998,N/A,N/A, Economic Development & Growth,EBOOKS,https://libswu.on.worldcat.org/oclc/913695687
919432772,Development discourse and global history :from colonialism to the sustainable development goals /,"Ziai, Aram,","Routledge,",2016,N/A,N/A, Economic Development & Growth,EBOOKS,https://libswu.on.worldcat.org/oclc/919432772
922012386,Neuere ansatze der theoretischen und empirischen entwicklungsforschung.,N/A,"Duncker & Humblot,",2015,N/A,N/A, Economic Development & Growth,EBOOKS,https://libswu.on.worldcat.org/oclc/922012386
931601777,Research for development :a practical guide /,"Laws, Sophie,; Save the Children Fund (Great Britain)","SAGE Publications Ltd,",2013,N/A,N/A, Economic Development & Growth,EBOOKS,https://libswu.on.worldcat.org/oclc/931601777
957700118,Développement durable et filières tropicales,"Biénabe, Estelle.; Rival, Alain.Loeillet, Denis,","Éditions Quæ,",2016,N/A,N/A, Economic Development & Growth,EBOOKS,https://libswu.on.worldcat.org/oclc/957700118
959915142,Journal of development policy and practice.,N/A,"Sage Publications,",2016,N/A,2455-4952, Economic Development & Growth,EJOURNALS/EMAGAZINES,https://libswu.on.worldcat.org/oclc/959915142
964356791,EU Cohesion Policy :Reassessing performance and direction /,"Bachtler, John,Berkowitz, Peter,Hardy, Sally,Muravska, Tatjana,","Routledge,",2016,N/A,N/A, Economic Development & Growth,EBOOKS,https://libswu.on.worldcat.org/oclc/964356791
964805258,Sustainable Development in the Jordan Valley :Final Report of the Regional NGO Master Plan /,"Kool, Jeroen,","Springer International Publishing :Imprint :Springer,",2016,N/A,N/A, Economic Development & Growth,EBOOKS,https://libswu.on.worldcat.org/oclc/964805258
971957132,World development perspectives.,N/A,"Elsevier Ltd.,",2016,N/A,2452-2929, Economic Development & Growth,EJOURNALS/EMAGAZINES,https://libswu.on.worldcat.org/oclc/971957132
978844222,Carnegie-Rochester Conference Series on Public Policy.,Rochester University.; Carnegie Mellon University.,North-Holland.,,0167-2231,N/A, Economic Development & Growth,N/A,https://libswu.on.worldcat.org/oclc/978844222
992572444,Studien zur Evolutorischen Ökonomik V. :Theoretische und empirische Beiträge zur Analyse des wirtschaftlichen Wandels.**.,"Lehmann-Waffenschmidt, Marco.","Duncker & Humblot,",2002,N/A,N/A, Economic Development & Growth,EBOOKS,https://libswu.on.worldcat.org/oclc/992572444
992573556,Studien zur Evolutorischen Ökonomik VI. :Ein Diskurs zu Analysemethoden der Evolutorischen Ökonomik.**.,"Lehmann-Waffenschmidt, Marco.","Duncker & Humblot,",2015,N/A,N/A, Economic Development & Growth,EBOOKS,https://libswu.on.worldcat.org/oclc/992573556
992577610,"Studien zur Evolutorischen Ökonomik VII. :Evolutorische Ökonomik - Methodologische, ökonometrische und mathematische Grundlagen.","Dopfer, Kurt.","Duncker & Humblot,",2015,N/A,N/A, Economic Development & Growth,EBOOKS,https://libswu.on.worldcat.org/oclc/992577610
992578359,"Studien zur Evolutorischen Ökonomik IV. :Evolutorische Makroökonomik, Nachhaltigkeit und Institutionenökonomik.**.","Lorenz, Hans-Walter.; Meyer, Bernd.","Duncker & Humblot,",2015,N/A,N/A, Economic Development & Growth,EBOOKS,https://libswu.on.worldcat.org/oclc/992578359
1003087655,A guide for the idealist launching and navigating your planning career /,"Willson, Richard W.,","Routledge,",2017,N/A,N/A, Economic Development & Growth,EBOOKS,https://libswu.on.worldcat.org/oclc/1003087655
1006440849,"Endogenous development :networking, innovation, institutions, and cities /","Vázquez Barquero, Antonio.","Routledge,",2002,N/A,N/A, Economic Development & Growth,EBOOKS,https://libswu.on.worldcat.org/oclc/1006440849
1008634424,Economic policy.,Universität München.,"Oxford University Press,",1985,N/A,1468-0327, Economic Development & Growth,EJOURNALS/EMAGAZINES,https://libswu.on.worldcat.org/oclc/1008634424
1016695318,Development policy review.,"Overseas Development Institute (London, England)","Sage Publications,",1983,N/A,0950-6764, Economic Development & Growth,EJOURNALS/EMAGAZINES,https://libswu.on.worldcat.org/oclc/1016695318
1018396831,"Wellbeing, freedom and social justice :the capability approach re-examined /","Robeyns, Ingrid,; Open Book Publishers,","Open Book Publishers,",2017,N/A,N/A, Economic Development & Growth,EBOOKS,https://libswu.on.worldcat.org/oclc/1018396831
1027200643,International Development :a Global Perspective on Theory and Practice.,"Battersby, Paul,","SAGE Publications Ltd,",2017,N/A,N/A, Economic Development & Growth,EBOOKS,https://libswu.on.worldcat.org/oclc/1027200643
1028642370,2017 4th International Conference on Industrial Economics System and Industrial Security Engineering (IEIS).,"IEEE Staff,",IEEE,2017,N/A,N/A, Economic Development & Growth,EBOOKS,https://libswu.on.worldcat.org/oclc/1028642370
1038022159,Routledge handbook of development ethics /,"Drydyk, Jay,Keleher, Lori,","Routledge,",2019,N/A,N/A, Economic Development & Growth,EBOOKS,https://libswu.on.worldcat.org/oclc/1038022159
1042321482,Measuring and Promoting Wellbeing :How Important Is Economic Growth?.,"Podger, Andrew.; Trewin, Dennis.","ANU Press,",2014,N/A,N/A, Economic Development & Growth,EBOOKS,https://libswu.on.worldcat.org/oclc/1042321482
1050335431,"IGBSG 2018 :the 2018 International Conference on Intelligent Green Building and Smart Grid : National Ilan University, Yilan, Taiwan, April 22-25, 2018.","International Conference on Intelligent Green Building and Smart Grid; Guo li Yilan da xue,Institute of Electrical and Electronics Engineers,","IEEE,",2018,N/A,N/A, Economic Development & Growth,EBOOKS,https://libswu.on.worldcat.org/oclc/1050335431
1053730820,Routledge handbook of development ethics /,"Drydyk, Jay,Keleher, Lori,","Routledge,",2018,N/A,N/A, Economic Development & Growth,EBOOKS,https://libswu.on.worldcat.org/oclc/1053730820
1058469098,Toward Sustainable Development :an Ecological Economics Approach /,"Lawn, Philip A.","CRC Press,",2000,N/A,N/A, Economic Development & Growth,EBOOKS,https://libswu.on.worldcat.org/oclc/1058469098
1059248957,Russia's Turn to the East :Domestic Policymaking and Regional Cooperation /,"Blakkisrud, Helge,Wilson Rowe, Elana,","Springer International Publishing :Imprint :Palgrave Pivot,",2018,N/A,N/A, Economic Development & Growth,EBOOKS,https://libswu.on.worldcat.org/oclc/1059248957
1076650779,Economic Complexity and Human Development.,"Hartmann, Dominik.",Routledge,2014,N/A,N/A, Economic Development & Growth,EBOOKS,https://libswu.on.worldcat.org/oclc/1076650779
1076699391,Ecosystem Services and Poverty Alleviation.,N/A,Routledge,2018,N/A,N/A, Economic Development & Growth,EBOOKS,https://libswu.on.worldcat.org/oclc/1076699391
1080584870,SOCIALIST ECONOMIES AND THE TRANSITION TO THE MARKETA GUIDE,"JEFFRIES, IAN.","ROUTLEDGE,",1993,N/A,N/A, Economic Development & Growth,EBOOKS,https://libswu.on.worldcat.org/oclc/1080584870
1091512700,Inklusives Wachstum und wirtschaftliche Sicherheit: Erkenntnisse ökonomischer Spitzenforschung prägnant zusammengefasst,Christian Keuschnigg.,Springer.,,N/A,N/A, Economic Development & Growth,EBOOKS,https://libswu.on.worldcat.org/oclc/1091512700
1091519589,Risikoadaptierte Prävention,Friedhelm Meier.; Stefan Huster.Jürgen Wasem.Anja Neumann.Matthias Braun.Peter Dabrock.Rita Schmutzler.Anke Harney.Silke Neusser.Kerstin Rhiem.,Springer Fachmedien Wiesbaden.,,N/A,N/A, Economic Development & Growth,EBOOKS,https://libswu.on.worldcat.org/oclc/1091519589
1091563124,Die Entwicklung von Sicherheit: Entwicklungspolitische Programme der USA und Deutschlands im Grenzbereich zur Sicherheitspolitik,Jan Pospisil.,Transcript Verlag.,,N/A,N/A, Economic Development & Growth,EBOOKS,https://libswu.on.worldcat.org/oclc/1091563124
1091849795,International journal of economic policy studies.,Nihon Keizai Seisaku Gakkai.,"Springer Nature,",2006,N/A,1881-4387, Economic Development & Growth,EJOURNALS/EMAGAZINES,https://libswu.on.worldcat.org/oclc/1091849795
1097347133,"African journal of science, technology, innovation and development",N/A,"Adonis & Abbey Publishers,Taylor & Francis.",2009,N/A,2042-1338, Economic Development & Growth,EJOURNALS/EMAGAZINES,https://libswu.on.worldcat.org/oclc/1097347133
1105009430,Ökonomische und politische Grenzen von Wirtschaftsräumen /,"Verein für Socialpolitik.; Apolte, Th.Vollmer, Uwe.","Duncker & Humblot,",2006,N/A,N/A, Economic Development & Growth,EBOOKS,https://libswu.on.worldcat.org/oclc/1105009430
1105037716,Pro-poor growth :policy and evidence /,"Verein für Socialpolitik.; Bourdon, Jean.Menkhoff, Lukas.","Duncker & Humblot,",2006,N/A,N/A, Economic Development & Growth,EBOOKS,https://libswu.on.worldcat.org/oclc/1105037716
1108560107,"Wachstum, Einkommensverteilung und wirtschaftliches Gleichgewicht.","Bombach, Gottfried.","Duncker & Humblot,",1969,N/A,N/A, Economic Development & Growth,EBOOKS,https://libswu.on.worldcat.org/oclc/1108560107
1124925445,Data collection in fragile states :innovations from Africa and beyond /,"Hoogeveen, Johannes,Pape, Utz,","Palgrave Macmillan,",2020,N/A,N/A, Economic Development & Growth,EBOOKS,https://libswu.on.worldcat.org/oclc/1124925445
1126107304,Wachstum und Entwicklung :Theorie der Entwicklungspolitik /,"Wagner, Helmut.","De Gruyter,",1997,N/A,N/A, Economic Development & Growth,EBOOKS,https://libswu.on.worldcat.org/oclc/1126107304
1152548694,Transformation and development :studies in the Organization for Security and Cooperation in Europe (OSCE) Member States /,"Mihr, Anja,","Springer,",2020,N/A,N/A, Economic Development & Growth,EBOOKS,https://libswu.on.worldcat.org/oclc/1152548694
1153010099,Methods for development work and research  :a new guide for practitioners /,"Mikkelsen, Britha.","SAGE Publications,",2005,N/A,N/A, Economic Development & Growth,EBOOKS,https://libswu.on.worldcat.org/oclc/1153010099
1167655436,Has Latin American Inequality Changed Direction? :Looking Over the Long Run /,"Bértola, Luis.,Williamson, Jeffrey G.,","Springer International Publishing :Imprint :Springer,",2017,N/A,N/A, Economic Development & Growth,EBOOKS,https://libswu.on.worldcat.org/oclc/1167655436
1168887869,AiREAS: Sustainocracy for a Healthy City :the Invisible made Visible Phase 1 /,"Close, Jean-Paul.,","Springer International Publishing :Imprint :Springer,",2016,N/A,N/A, Economic Development & Growth,EBOOKS,https://libswu.on.worldcat.org/oclc/1168887869
1197550803,Studien zur Entwicklung der ökonomischen Theorie IX,"Scherf, Harald.","Duncker & Humblot,",1990,N/A,N/A, Economic Development & Growth,EBOOKS,https://libswu.on.worldcat.org/oclc/1197550803
1201337507,Understanding local economic development /,"Malizia, Emil E.,; Feser, Edward J.,Renski, Henry,Drucker, Joshua,","Routledge,",2021,N/A,N/A, Economic Development & Growth,EBOOKS,https://libswu.on.worldcat.org/oclc/1201337507
1202465263,Studien zur Entwicklung der ökonomischen Theorie III,"Scherf, Harald.","Duncker & Humblot,",1983,N/A,N/A, Economic Development & Growth,EBOOKS,https://libswu.on.worldcat.org/oclc/1202465263
1202987023,European journal of sustainable development research.,N/A,"Lectito Journals,ModestumVeritasVeritasModestumModestum DOO",2017,N/A,2542-4742, Economic Development & Growth,EJOURNALS/EMAGAZINES,https://libswu.on.worldcat.org/oclc/1202987023
1222215408,Understanding local economic development /,"Malizia, Emil E.,; Feser, Edward J.,Renski, Henry,Drucker, Joshua,","Routledge,",2021,N/A,N/A, Economic Development & Growth,EBOOKS,https://libswu.on.worldcat.org/oclc/1222215408
1223090071,Studien zur Entwicklung der ökonomischen Theorie II,"Neumark, Fritz.","Duncker & Humblot,",1982,N/A,N/A, Economic Development & Growth,EBOOKS,https://libswu.on.worldcat.org/oclc/1223090071
1223096702,Studien zur Entwicklung der ökonomischen Theorie I,"Neumark, Fritz.","Duncker & Humblot,",1981,N/A,N/A, Economic Development & Growth,EBOOKS,https://libswu.on.worldcat.org/oclc/1223096702
1229414988,Cleaner and Responsible Consumption.,N/A,"Elsevier Ltd.,",2020,N/A,2666-7843, Economic Development & Growth,EJOURNALS/EMAGAZINES,https://libswu.on.worldcat.org/oclc/1229414988
1229639189,National Industrial Recovery Act of 1933.,N/A,Great Neck Publishing,2017,N/A,N/A, Economic Development & Growth,EBOOKS,https://libswu.on.worldcat.org/oclc/1229639189
1229804859,Inclusive Wealth Report 2018.,"Managi, Shunsuke.",Routledge,2018,N/A,N/A, Economic Development & Growth,EBOOKS,https://libswu.on.worldcat.org/oclc/1229804859
1230255528,The spirit of green :the economics of collisions and contagions in a crowded world /,"Nordhaus, William D.,","Princeton University Press,",2021,N/A,N/A, Economic Development & Growth,EBOOKS,https://libswu.on.worldcat.org/oclc/1230255528
1237868001,"Studien zur Entwicklung der ökonomischen Theorie XVI  :Die Umsetzung wirtschaftspolitischer Grundkonzeptionen in die kontinentaleuropäische Praxis des 19. und 20. Jahrhunderts, I. Teil.","Streissler, Erich W.","Duncker & Humblot,",1997,N/A,N/A, Economic Development & Growth,EBOOKS,https://libswu.on.worldcat.org/oclc/1237868001
1246552401,Regional Government Competition  /,"Yunxian, Chen,; Wenjing, Gu,; Taylor & Francis.","Routledge,",2018,N/A,N/A, Economic Development & Growth,EBOOKS,https://libswu.on.worldcat.org/oclc/1246552401
1247641671,Sustainable Development and Resource Productivity.,"Lehmann, Harry.",Routledge,2020,N/A,N/A, Economic Development & Growth,EBOOKS,https://libswu.on.worldcat.org/oclc/1247641671
1250347271,Stagnations- und Deflationstheorien:studien zur Entwicklung der ökonomischenTheorie XXXVIII,N/A,"Duncker & Humblot GmbH,",2021,N/A,N/A, Economic Development & Growth,EBOOKS,https://libswu.on.worldcat.org/oclc/1250347271
1250410843,Family Business and Regional Development,"Basco, RodrigoStough, RogerSuwala, Lech","Routledge,",2021,N/A,N/A, Economic Development & Growth,EBOOKS,https://libswu.on.worldcat.org/oclc/1250410843
1273728286,"Development with dignity :self-determination, localization, and the end to poverty /","Palmer, Tom G.,; Warner, Matt,","Routledge,",2022,N/A,N/A, Economic Development & Growth,EBOOKS,https://libswu.on.worldcat.org/oclc/1273728286
1275158421,Disrupted Development and the Future of Inequality in the Age of Automation /,"Schlogl, Lukas,; Sumner, Andy,","Palgrave Pivot,",2020,N/A,N/A, Economic Development & Growth,EBOOKS,https://libswu.on.worldcat.org/oclc/1275158421
1284941587,Economic Reforms in SAARC Countries: Impact of LPG on Development Indicators (First Edition).,N/A,SAGE India.,2019,N/A,N/A, Economic Development & Growth,EBOOKS,https://libswu.on.worldcat.org/oclc/1284941587
1288214446,"Shifting Paradigms :Growth, Finance, Jobs, and Inequality in the Digital Economy /","Qureshi, Zia.; Woo, Cheonsik.","Brookings Institution Press,",2022,N/A,N/A, Economic Development & Growth,EBOOKS,https://libswu.on.worldcat.org/oclc/1288214446
1291713234,Einbeziehung von Umweltindikatoren in die Regionalpolitik /,"Karl, Helmut.; Klemmer, Paul.","Duncker & Humblot,",1990,N/A,N/A, Economic Development & Growth,EBOOKS,https://libswu.on.worldcat.org/oclc/1291713234
1298388377,Studien zur Evolutorischen Ökonomik III.  :Evolutorische Mikro- und Makroökonomik.,"Wagner, Adolf.; Lorenz, Hans-Walter.","Duncker & Humblot,",2022,N/A,N/A, Economic Development & Growth,EBOOKS,https://libswu.on.worldcat.org/oclc/1298388377
1303082986,Studien zur Evolutorischen Ökonomik II..,"Witt, Ulrich.","Duncker & Humblot,",1992,N/A,N/A, Economic Development & Growth,EBOOKS,https://libswu.on.worldcat.org/oclc/1303082986
1306060448,Studien zur Evolutorischen Ökonomik I.,"Witt, Ulrich.","Duncker & Humblot,",1990,N/A,N/A, Economic Development & Growth,EBOOKS,https://libswu.on.worldcat.org/oclc/1306060448
1323428941,Circular economy.,"Qing hua da xue (Beijing, China).Elsevier (Firm),","Elsevier ;Tsinghua University Press,",2022,N/A,2773-1677, Economic Development & Growth,EJOURNALS/EMAGAZINES,https://libswu.on.worldcat.org/oclc/1323428941
1330070624,"Technology, trade and growth in OECD countries :does specialisation matter? /","Meliciani, Valentina,","Routledge,",2001,N/A,N/A, Economic Development & Growth,EBOOKS,https://libswu.on.worldcat.org/oclc/1330070624
1330424548,"Governing the interlinkages between the SDGs :approaches, opportunities and challenges /","Breuer, Anita,Malerba, Daniele,Srigiri, Srinivasa,Balasubramanian, Pooja,","Routledge,",2023,N/A,N/A, Economic Development & Growth,EBOOKS,https://libswu.on.worldcat.org/oclc/1330424548
1334343660,"""30 Years of Inspiring Academic Economic Research - From the Transition to Market Economy to the Interlinked Crises of 21st Century"" :Proceedings of the International Conference ""Economic Scientific Research - Theoretical, Empirical and Practical Approaches"" ESPERA 2020 /","Authors,; Ailincă, Alina Georgeta,Akbar, Ahsan,Alboiu, Cornelia,Albu, Ada-Cristina,Albu, Paul Andrei,Alexandri, Cecilia,Andrei, Jean Vasile,Antonescu, Daniela,Apetrei, Manuela,Arsene, Gicu-Gabriel,Barangă, Laurențiu Paul,Bodea, Constanţa Nicoleta,Borţea, Andra-Nicoleta,Bota, Viviane,Bozgă, Narcis,Bulearcă, Marius,Butu, Alina,Butu, Marian,Bălăcian, Delia,Băncescu, Irina,Chitescu, Razvan-Ion,Chivu, Luminița,Ciornei, Laurențiu,Ciuiu, Daniel,Constantin, Marius,Costovici Mema, Denisa-Atena,Criste, Adina,Cristea, Adina,Călin, Henriette-Cristiana,Damoc, Adrian-Ioan,Diaconescu, Tiberiu,Di","Sciendo,",2022,N/A,N/A, Economic Development & Growth,EBOOKS,https://libswu.on.worldcat.org/oclc/1334343660
1346259887,Optimales Wachstum und optimale Standortverteilung /,"Henn, Rudolf,Bombach, Gottfried,Böventer, Edwin von,Schneider, Erich,; Verein für Socialpolitik.","Verlag von Duncker & Humblot,",1962,N/A,N/A, Economic Development & Growth,EBOOKS,https://libswu.on.worldcat.org/oclc/1346259887
1346260336,Beiträge zur Wachstumspolitik /,"Dürr, Ernst,Schneider, Hans K.,; Verein für Socialpolitik.","Verlag von Duncker & Humblot,",1970,N/A,N/A, Economic Development & Growth,EBOOKS,https://libswu.on.worldcat.org/oclc/1346260336
1346260357,Theorien des einzelwirtschaftlichen und des gesamtwirtschaftlichen Wachstums /,"Albach, Horst,Krelle, Wilhelm,; Verein für Socialpolitik.","Verlag von Duncker & Humblot,",1965,N/A,N/A, Economic Development & Growth,EBOOKS,https://libswu.on.worldcat.org/oclc/1346260357
1346260396,"Strukturwandlungen einer wachsenden Wirtschaft.Verhandlungen auf der Tagung des Vereins für Socialpolitik, Gesellschaft für Wirtschafts-und Sozialwissenschaften, in Luzern 1962 /","Neumark, Fritz,; Verein für Socialpolitik.","Verlag von Duncker & Humblot,",1964,N/A,N/A, Economic Development & Growth,EBOOKS,https://libswu.on.worldcat.org/oclc/1346260396
1346260408,Beiträge zur Produktions- und Wachstumstheorie /,"König, Heinz,Krelle, Wilhelm,; Verein für Socialpolitik.","Verlag von Duncker & Humblot,",1966,N/A,N/A, Economic Development & Growth,EBOOKS,https://libswu.on.worldcat.org/oclc/1346260408
1346260423,"Multiplikator, Gleichgewicht, optimale Wachstumsrate und Standortverteilung /","Gülicher, Herbert,Krelle, Wilhelm,; Verein für Socialpolitik.","Verlag von Duncker & Humblot,",1965,N/A,N/A, Economic Development & Growth,EBOOKS,https://libswu.on.worldcat.org/oclc/1346260423
1346260672,Voraussetzungen einer globalen Entwicklungspolitik und Beiträge zur Kosten- und Nutzenanalyse /,"Meimberg, Rudolf,","Duncker u. Humblot,",1971,N/A,N/A, Economic Development & Growth,EBOOKS,https://libswu.on.worldcat.org/oclc/1346260672
1346260741,Neue Wege der Wirtschaftspolitik /,"Verein für Socialpolitik.; Geisenberger, Siegfried.Dürr, Ernst,",Duncker & Humblot,1972,N/A,N/A, Economic Development & Growth,EBOOKS,https://libswu.on.worldcat.org/oclc/1346260741
1346260912,Struktur- und stabilitätspolitische Probleme in alternativen Wirtschaftssystemen /,"Verein für Socialpolitik.; Kosta, H. G. Jiří,Watrin, Christian,","Duncker & Humblot,",1974,N/A,N/A, Economic Development & Growth,EBOOKS,https://libswu.on.worldcat.org/oclc/1346260912
1346261148,"Staat und Wirtschaft :Verhandlungen auf d. Arbeitstagung d. Vereins für Socialpolitik, Ges. für Wirtschafts- u. Sozialwiss. in Hamburg 1978 /","Verein für Socialpolitik.; Weizsäcker, Carl Christian von.","Duncker und Humblot,",1979,N/A,N/A, Economic Development & Growth,EBOOKS,https://libswu.on.worldcat.org/oclc/1346261148
1346261374,Perspectives on the history of global development /,"Borowy, Iris,Unger, Corinna R.,Ferns, Nicholas,Loveridge, Jack,","De Gruyter Oldenbourg,",2022,N/A,N/A, Economic Development & Growth,EBOOKS,https://libswu.on.worldcat.org/oclc/1346261374
1346359871,The Solow model of economic growth :application to contemporary macroeconomic issues /,"Dykas, Paweł,; Tokarski, Tomasz,Wisła, Rafał,","Routledge, Taylor & Francis Group,",2023,N/A,N/A, Economic Development & Growth,EBOOKS,https://libswu.on.worldcat.org/oclc/1346359871
1359609659,The circular economy :recent advances in sustainable waste management /,"Zhang, Tao,","IntechOpen,",2022,N/A,N/A, Economic Development & Growth,EBOOKS,https://libswu.on.worldcat.org/oclc/1359609659
1374588217,Las Mypes. Impacto en el desarrollo economico peruano /,"Hernandez, Yrene Cecilia Uribe,; Sanchez, Jose Luis Castagnola,Aguilar, Carmen Patricia Tello,Choy, Jose Walter Cabrejos,Cueto, Oscar Fernando Alegria,","Editorial Tecnocientifica Americana (ETECAM),",2020,N/A,N/A, Economic Development & Growth,EBOOKS,https://libswu.on.worldcat.org/oclc/1374588217
1375062264,Innovation for inclusive development and transformation in South Africa /,"Hongoro, C.,Adonis, Cyril,Sobane, Konosoang,; AOSIS Publishing,","AOSIS,",2022,N/A,N/A, Economic Development & Growth,EBOOKS,https://libswu.on.worldcat.org/oclc/1375062264
1375512040,Management & sustainability :an Arab review.,"Emerald Group Publishing,","Emerald Publishing Limited,",2022,N/A,2752-9827, Economic Development & Growth,EJOURNALS/EMAGAZINES,https://libswu.on.worldcat.org/oclc/1375512040
1379260141,Die Unterrichtsnachbesprechung in der zweiten Phase der Lehrerausbildung  :Konzepte und Strategien der Beteiligten /,"Bührig-Hollmann, Annette.,",Springer Fachmedien Wiesbaden.,2023,N/A,N/A, Economic Development & Growth,EBOOKS,https://libswu.on.worldcat.org/oclc/1379260141
1387607603,Państwo wobec grup dominujących w gospodarce :perspektywa instytucjonalnej ekonomii politycznej /,"Ząbkowicz, Anna,","Wydawnictwo Uniwersytetu Łódzkiego,",2023,N/A,N/A, Economic Development & Growth,EBOOKS,https://libswu.on.worldcat.org/oclc/1387607603
1392046019,THE EFFECTS OF TECHNOLOGICAL INNOVATIONS ON COMPETITIVENESS AND ECONOMIC GROWTH.,"Saridoğan, Ercan.Güloğlu, Bulent.Hannum, Christopher.","ISTANBUL UNIVERSITY PRESS,",2020,N/A,N/A, Economic Development & Growth,EBOOKS,https://libswu.on.worldcat.org/oclc/1392046019
1397571523,Exporterloesinstabilitaet  :Kritische Analyse Eines Entwicklungspolitischen Problems.,"Kiesewetter-Wraha, Ingeborg.","Peter Lang GmbH, Internationaler Verlag der Wissenschaften,",1982,N/A,N/A, Economic Development & Growth,EBOOKS,https://libswu.on.worldcat.org/oclc/1397571523
1397968831,Wege und Ziele der Forschung. :Studien zur Entwicklung der ökonomischen Theorie XV.,"Rieter, Heinz.; Rieter, Heinz,Shionoya, Yuichi,Caspari, Volker,Hagemann, Harald,Niehans, Jürg,Nutzinger, Hans G.,","Duncker & Humblot,",2020,N/A,N/A, Economic Development & Growth,EBOOKS,https://libswu.on.worldcat.org/oclc/1397968831
1399424924,Indicadores económicos financieros :visiones y perspectivas empresariales = Financial economic indicators : business visions and perspectives /,"Luna Altamirano, Kléber Antonio,; Meleán Romero, Rosana Alejandra,Ordóñez Parra, Yanice Licenia,","High Rate Consulting, CORP.,",2023,N/A,N/A, Economic Development & Growth,EBOOKS,https://libswu.on.worldcat.org/oclc/1399424924
1405847332,Challenging global development :towards decoloniality and justice /,"Melber, Henning,Kothari, Uma,Camfield, Laura,Biekart, Kees,","Palgrave Macmillan,",2024,N/A,N/A, Economic Development & Growth,EBOOKS,https://libswu.on.worldcat.org/oclc/1405847332
1406835430,Durable economies :organizing the material foundations of society /,"Jaeger-Erben, Melanie,Wieser, Harald,Marwede, Max,Hofmann, Florian,","Transcript Verlag,",2023,N/A,N/A, Economic Development & Growth,EBOOKS,https://libswu.on.worldcat.org/oclc/1406835430
1410130308,Developmental State BuildingThe Politics of Emerging Economies.,"Takagi, Yusuke.; Kanchoochat, Veerayooth.Kanchoochat, Veerayooth.Sonobe, Tetsushi.Sonobe, Tetsushi.Takagi, Yusuke.",Springer Nature,2019,N/A,N/A, Economic Development & Growth,EBOOKS,https://libswu.on.worldcat.org/oclc/1410130308
1417063051,HUMAN-CENTRED ECONOMICS  :the living standards of nations.,"SAMANS, RICHARD.","PALGRAVE MACMILLAN,",2023,N/A,N/A, Economic Development & Growth,EBOOKS,https://libswu.on.worldcat.org/oclc/1417063051
1419698278,Wpływ korupcji na podstawowe zmienne makroekonomiczne na przykładzie państw europejskich /,"Pluskota, Anna Maria,","Wydawnictwo Uniwersytetu Łódzkiego,",2023,N/A,N/A, Economic Development & Growth,EBOOKS,https://libswu.on.worldcat.org/oclc/1419698278
1423777743,Konzeptionelle Probleme öffentlicher Planung /,"Wille, Eberhard,","P. Lang,Peter Lang Group :Peter Lang GmbH, Internationaler Verlag der Wissenschaften,",1983,N/A,N/A, Economic Development & Growth,EBOOKS,https://libswu.on.worldcat.org/oclc/1423777743
1427216253,A Guide for the IdealistLaunching and Navigating Your Planning Career.,"Willson, Richard.",Taylor & Francis,2018,N/A,N/A, Economic Development & Growth,EBOOKS,https://libswu.on.worldcat.org/oclc/1427216253
1428267843,"Die Anthropologisierung des Ökonomischen in spanischen Komödien, 1762-1805 :vom vir oeconomicus bis zur femina profusa /","Schuchardt, Beatrice,","Iberoamericana Vervuert,",2023,N/A,N/A, Economic Development & Growth,EBOOKS,https://libswu.on.worldcat.org/oclc/1428267843
1438673723,Sufficiency in Business  :The Transformative Potential of Business for Sustainability.,"Gossen, Maike.Niessen, Laura.","transcript Verlag,",2024,N/A,N/A, Economic Development & Growth,EBOOKS,https://libswu.on.worldcat.org/oclc/1438673723
1452591217,"Proceedings of the 4th International Conference on Economic, Management and Accounting (ICEMAC 2023).","Fadhilah, Nur Hidayah Kusumaningrum.Kurniawan, Kurniawan.","Atlantis Press (Zeger Karssen),",2024,N/A,N/A, Economic Development & Growth,EBOOKS,https://libswu.on.worldcat.org/oclc/1452591217
1453976974,Digital developments and employment :understanding trends in Africa /,"Parry, Ali.; Viviers, Wilma.Orkoh, Emmanuel.Van Rensburg, Susara J. Jansen.","AOSIS,",2024,N/A,N/A, Economic Development & Growth,EBOOKS,https://libswu.on.worldcat.org/oclc/1453976974
1455113638,Reflecting forewords /,"Chambers, Robert,; Lewin, Tessa,","Practical Action Publishing,",2024,N/A,N/A, Economic Development & Growth,EBOOKS,https://libswu.on.worldcat.org/oclc/1455113638
1473805367,Proceedings of the 2nd Ibn Khaldun International Conference on Applied and Social Sciences (IICASS 2024) /,"International Conference on Applied and Social Sciences (IICASS 2024); Widyasari, Widyasari,Pasaribu, Poppy Novita,Karyadi, Bambang,S, Alma Indah Oktariani,Hakim, Nurman,","Atlantis Press,",2024,N/A,N/A, Economic Development & Growth,EBOOKS,https://libswu.on.worldcat.org/oclc/1473805367
1478731815,"Development and Infrastructure in Developing CountriesA 10-Year Reflection : Proceedings of the 10th International Conference on Development and Investment in Infrastructure (DII 2024, 24-26 July 2024, Livingstone, Zambia) .","International Conference on Development and Investment in Infrastructure; Musonda, Innocent,",CRC Press,2024,N/A,N/A, Economic Development & Growth,EBOOKS,https://libswu.on.worldcat.org/oclc/1478731815
1479786448,Zukunft Lebenslangen Lernens.,"Beier, Pete.; Grotlüschen, Anke.","Bookwire GmbH; wbv Media GmbH & Co. KG,",2008,N/A,N/A, Economic Development & Growth,EBOOKS,https://libswu.on.worldcat.org/oclc/1479786448
1482987842,The human quality /,"Peccei, Aurelio.","Pergamon Press,",1977,N/A,N/A, Economic Development & Growth,EBOOKS,https://libswu.on.worldcat.org/oclc/1482987842
1499741517,Building and Economic Growth in Southern Europe (1050-1300).,"Carocci, Sandro.; Fiore, Alessio.","Brepols Publishers,",2024,N/A,N/A, Economic Development & Growth,EBOOKS,https://libswu.on.worldcat.org/oclc/1499741517
1515022402,"Global development and cooperation with China :new ideas, policies and initiatives for a changing world /","Wang, Huiyao,Miao, Mabel Lu,","Springer,",2025,N/A,N/A, Economic Development & Growth,EBOOKS,https://libswu.on.worldcat.org/oclc/1515022402
1521232333,Routledge handbook of degrowth /,"Nelson, Anitra","Routledge,",2025,N/A,N/A, Economic Development & Growth,EBOOKS,https://libswu.on.worldcat.org/oclc/1521232333
1522800557,PROCEEDINGS OF THE 2024 6TH MANAGEMENT SCIENCE INFORMATIZATION AND ECONOMIC INNOVATION DEVELOPMENT CONFERENCE (MSIEID 2024),MANHUI HUANG; VILAS B. GAIKAR; MD RABIUL ISLAM; IV.,"ATLANTIS PRESS,",2025,N/A,N/A, Economic Development & Growth,EBOOKS,https://libswu.on.worldcat.org/oclc/1522800557
1526586108,The London Consensus :economic principles for the 21st Century /,"Besley, Timothy,Bucelli, Irene,Velasco, Andrés,","LSE Press,",2025,N/A,N/A, Economic Development & Growth,EBOOKS,https://libswu.on.worldcat.org/oclc/1526586108
1534204938,Constructing Worlds of Labour :Coverage and Generosity of Labour Law as Outcomes of Regulatory Social Policy /,"Mückenberger, Ulrich.; Fechner, Heiner.Dingeldey, Irene.","Springer Nature Switzerland :Imprint: Palgrave Macmillan,",2025,N/A,N/A, Economic Development & Growth,EBOOKS,https://libswu.on.worldcat.org/oclc/1534204938
1534338133,Development discourse and global history :from colonialism to the sustainable development goals /,"Ziai, Aram.","Routledge,",2026,N/A,N/A, Economic Development & Growth,EBOOKS,https://libswu.on.worldcat.org/oclc/1534338133
1559561521,Competing Perspectives of Development,"Borowy, Iris,Heymann, Matthias,","De Gruyter Oldenbourg,",2025,N/A,N/A, Economic Development & Growth,EBOOKS,https://libswu.on.worldcat.org/oclc/1559561521
1581075171,Proceedings of the 5th International Conference on Economic Development and Business Culture (ICEDBC 2025),"Chen, Huiling.; Ahmad, Kamilah.Wan Ahmad, Wan Nurul Karimah.Omar, Abdul Jalil Bin.","Atlantis Press (Zeger Karssen),",2026,N/A,N/A, Economic Development & Growth,EBOOKS,https://libswu.on.worldcat.org/oclc/1581075171
1584384714,Data science for Sustainable Development Goals :Indian case studies /,"Sarkar, Avik,Mukhopadhyay, Bappaditya,","Chapman & Hall/CRC,",2026,N/A,N/A, Economic Development & Growth,EBOOKS,https://libswu.on.worldcat.org/oclc/1584384714
1590084313,"Proceedings of the International Conference on Dynamics of Environment, Sustainability, and Gender Disparities","Malik, Firdous Ahmad.; Dawood, Ayub Khan.Mahajan, Samriti.Wani, Gowhar Ahmad.Noushad, C.","Atlantis Press (Zeger Karssen),",2026,N/A,N/A, Economic Development & Growth,EBOOKS,https://libswu.on.worldcat.org/oclc/1590084313
1906527,RELC journal.,"Regional English Language Centre,Regional Language Centre,","Oxford University Press,SEAMEO Regional Language CentreContinuumSage Publications",1970,0033-6882,N/A, English Language - Modern,N/A,https://libswu.on.worldcat.org/oclc/1906527
22143872,TESOL matters.,Teachers of English to Speakers of Other Languages.,"Teachers of English to Speakers of Other Languages, Inc.,",1991,1051-8886,N/A, English Language - Modern,N/A,https://libswu.on.worldcat.org/oclc/22143872
22162414,Writing on the edge.,"University of California, Davis.","Writing on the Edge,",1989,1064-6051,N/A, English Language - Modern,N/A,https://libswu.on.worldcat.org/oclc/22162414
38907791,English for specific purposes.,N/A,Pergamon,1986,N/A,1873-1937, English Language - Modern,EJOURNALS/EMAGAZINES,https://libswu.on.worldcat.org/oclc/38907791
41228229,The Writing instructor.,University of Southern California.Purdue University.,"[Published with the assistance of J. Moynes and Co.],",1981,N/A,1945-3248, English Language - Modern,EJOURNALS/EMAGAZINES,https://libswu.on.worldcat.org/oclc/41228229
44394888,TESOL quarterly.,Teachers of English to Speakers of Other Languages.,"TESOL,",1967,N/A,1545-7249, English Language - Modern,EJOURNALS/EMAGAZINES,https://libswu.on.worldcat.org/oclc/44394888
48530054,Research in the teaching of English.,National Council of Teachers of English.,"National Council of Teachers of English,",1967,N/A,1943-2348, English Language - Modern,EJOURNALS/EMAGAZINES,https://libswu.on.worldcat.org/oclc/48530054
49845431,Journal of English for academic purposes.,N/A,"Elsevier,",2002,N/A,1878-1497, English Language - Modern,EJOURNALS/EMAGAZINES,https://libswu.on.worldcat.org/oclc/49845431
49851908,Genre in the classroom :multiple perspectives /,"Johns, Ann M.,","Lawrence Erlbaum Associates, Publishers,",2002,N/A,N/A, English Language - Modern,EBOOKS,https://libswu.on.worldcat.org/oclc/49851908
49852242,Second language writer's text :linguistic and rhetorical features /,"Hinkel, Eli.","Lawrence Erlbaum Associates,",2002,N/A,N/A, English Language - Modern,EBOOKS,https://libswu.on.worldcat.org/oclc/49852242
50322338,Ethnocentrism and the English dictionary /,"Benson, Phil,","Routledge,",2002,N/A,N/A, English Language - Modern,EBOOKS,https://libswu.on.worldcat.org/oclc/50322338
51678238,The A to Z of correct English /,"Burt, Angela.","How to Books,",2002,N/A,N/A, English Language - Modern,EBOOKS,https://libswu.on.worldcat.org/oclc/51678238
52135834,An introduction to English morphology :words and their structure /,"Carstairs-McCarthy, Andrew,","Edinburgh University Press,",2002,N/A,N/A, English Language - Modern,EBOOKS,https://libswu.on.worldcat.org/oclc/52135834
52204470,Response to student writing :implications for second language students /,"Ferris, Dana.","Lawrence Erlbaum Associates,",2008,N/A,N/A, English Language - Modern,EBOOKS,https://libswu.on.worldcat.org/oclc/52204470
52230642,Beyond postprocess and postmodernism :essays on the spaciousness of rhetoric /,"Enos, Theresa.Miller, Keith D.McCracken, Jill.","Lawrence Erlbaum Associates,",2003,N/A,N/A, English Language - Modern,EBOOKS,https://libswu.on.worldcat.org/oclc/52230642
52251462,English L2 reading :getting to the bottom /,"Birch, Barbara M.","Lawrence Erlbaum Associates,",2002,N/A,N/A, English Language - Modern,EBOOKS,https://libswu.on.worldcat.org/oclc/52251462
52252523,Concepts in composition :theory and practice in the teaching of writing /,"Clark, Irene L.; Bamberg, Betty.","Lawrence Erlbaum Associates,",2003,N/A,N/A, English Language - Modern,EBOOKS,https://libswu.on.worldcat.org/oclc/52252523
52252782,Intertexts :reading pedagogy in college writing classrooms /,"Helmers, Marguerite H.,","Lawrence Erlbaum Associates,",2003,N/A,N/A, English Language - Modern,EBOOKS,https://libswu.on.worldcat.org/oclc/52252782
52252855,Values in English language teaching /,"Johnston, Bill,","L. Erlbaum Associates,",2003,N/A,N/A, English Language - Modern,EBOOKS,https://libswu.on.worldcat.org/oclc/52252855
52497805,Language and literary structure :the linguistic analysis of form in verse and narrative /,"Fabb, Nigel.","Cambridge University Press,",2002,N/A,N/A, English Language - Modern,EBOOKS,https://libswu.on.worldcat.org/oclc/52497805
52747007,"Preparing to teach writing :research, theory, and practice /","Williams, James D.","Lawrence Erlbaum,",2003,N/A,N/A, English Language - Modern,EBOOKS,https://libswu.on.worldcat.org/oclc/52747007
53061602,Audible difference :ESL and social identity in schools /,"Miller, Jennifer,","Multilingual Matters,",2003,N/A,N/A, English Language - Modern,EBOOKS,https://libswu.on.worldcat.org/oclc/53061602
53219778,Inside the National Writing Project :connecting network learning and classroom teaching /,"Lieberman, Ann.; Wood, Diane","Teachers College Press,",2003,N/A,N/A, English Language - Modern,EBOOKS,https://libswu.on.worldcat.org/oclc/53219778
53448120,NTC's super-mini English dictionary.,N/A,"McGraw-Hill,",2002,N/A,N/A, English Language - Modern,EBOOKS,https://libswu.on.worldcat.org/oclc/53448120
53482698,Writing for scholarly publication :behind the scenes in language education /,"Casanave, Christine Pearson,Vandrick, Stephanie.","L. Erlbaum Associates,",2003,N/A,N/A, English Language - Modern,EBOOKS,https://libswu.on.worldcat.org/oclc/53482698
53924546,Genre and the invention of the writer :reconsidering the place of invention in composition /,"Bawarshi, Anis S.","Utah State University Press,",2003,N/A,N/A, English Language - Modern,EBOOKS,https://libswu.on.worldcat.org/oclc/53924546
53924672,What we really value :beyond rubrics in teaching and assessing writing /,"Broad, Bob,","Utah State University Press,",2003,N/A,N/A, English Language - Modern,EBOOKS,https://libswu.on.worldcat.org/oclc/53924672
53924706,The center will hold :critical perspectives on writing center scholarship /,"Pemberton, Michael A.Kinkead, Joyce A.,","Utah State University Press,",2003,N/A,N/A, English Language - Modern,EBOOKS,https://libswu.on.worldcat.org/oclc/53924706
53981886,What writing does and how it does it :an introduction to analyzing texts and textual practices /,"Bazerman, Charles.Prior, Paul A.","Lawrence Erlbaum Associates,",2004,N/A,N/A, English Language - Modern,EBOOKS,https://libswu.on.worldcat.org/oclc/53981886
54085948,"NTC's pocket dictionary of words and phrases ;12,000 words, idioms, and phrasal verbs for travelers and learners /","Spears, Richard A.; NTC Publishing Group.","McGraw-Hill,",2002,N/A,N/A, English Language - Modern,EBOOKS,https://libswu.on.worldcat.org/oclc/54085948
54481678,An intercultural approach to English language teaching /,"Corbett, John,","Multilingual Matters,",2003,N/A,N/A, English Language - Modern,EBOOKS,https://libswu.on.worldcat.org/oclc/54481678
54482023,Where East looks West :success in English in Goa and on the Konkan Coast /,"Kurzon, Dennis.","Multilingual Matters,",2004,N/A,N/A, English Language - Modern,EBOOKS,https://libswu.on.worldcat.org/oclc/54482023
54489851,Washback in language testing :research contexts and methods /,"Cheng, Liying,Watanabe, Yoshinori J.,Curtis, Andy.","Lawrence Erlbaum,",2004,N/A,N/A, English Language - Modern,EBOOKS,https://libswu.on.worldcat.org/oclc/54489851
54489876,The power of words :unveiling the speaker and writer's hidden craft /,"Kaufer, David S.","Lawrence Erlbaum,",2004,N/A,N/A, English Language - Modern,EBOOKS,https://libswu.on.worldcat.org/oclc/54489876
54489899,Demythologizing language differences in the academy :establishing discipline-based writing programs /,"Waldo, Mark L.","Lawrence Erlbaum Associates,",2004,N/A,N/A, English Language - Modern,EBOOKS,https://libswu.on.worldcat.org/oclc/54489899
54495164,A survey of modern English /,"Gramley, Stephan,; Pätzold, Michael.","Routledge,",2004,N/A,N/A, English Language - Modern,EBOOKS,https://libswu.on.worldcat.org/oclc/54495164
54663009,Crossing the curriculum :multilingual learners in college classrooms /,"Zamel, Vivian.Spack, Ruth.","L. Erlbaum Associates,",2004,N/A,N/A, English Language - Modern,EBOOKS,https://libswu.on.worldcat.org/oclc/54663009
54859108,A handful of sounds :cued articulation in practice /,"Passy, Jane.","ACER Press,",2003,N/A,N/A, English Language - Modern,EBOOKS,https://libswu.on.worldcat.org/oclc/54859108
55087872,"Dearly, nearly, insincerely :what is an adverb? /","Cleary, Brian P.,; Gable, Brian,","Carolrhoda Books,",2003,N/A,N/A, English Language - Modern,EBOOKS,https://libswu.on.worldcat.org/oclc/55087872
55090652,I and you and don't forget who :what is a pronoun? /,"Cleary, Brian P.,; Gable, Brian,","Carolrhoda Books,",2004,N/A,N/A, English Language - Modern,EBOOKS,https://libswu.on.worldcat.org/oclc/55090652
55130064,"Under, over, by the clover :what is a preposition? /","Cleary, Brian P.,; Gable, Brian,","Carolrhoda Books,",2002,N/A,N/A, English Language - Modern,EBOOKS,https://libswu.on.worldcat.org/oclc/55130064
55233999,Writing clearly :a self teaching guide /,"Sova, Dawn B.","Wiley,",2004,N/A,N/A, English Language - Modern,EBOOKS,https://libswu.on.worldcat.org/oclc/55233999
56366080,"Corpus stylistics :speech, writing and thought presentation in a corpus of English writing /","Semino, Elena,; Short, Mick.","Routledge,",2004,N/A,N/A, English Language - Modern,EBOOKS,https://libswu.on.worldcat.org/oclc/56366080
57545191,Word-formation in English /,"Plag, Ingo.","Cambridge University Press,",2003,N/A,N/A, English Language - Modern,EBOOKS,https://libswu.on.worldcat.org/oclc/57545191
60618565,TESOL journal.,"Teachers of English to Speakers of Other Languages,",Teachers of English to Speakers of Other Languages,1991,N/A,1949-3533, English Language - Modern,EJOURNALS/EMAGAZINES,https://libswu.on.worldcat.org/oclc/60618565
60624286,Issues in writing.,University of Wisconsin--Stevens Point.,"[Dept. of English, University of Wisconsin-Stevens Point]",1988,N/A,N/A, English Language - Modern,EJOURNALS/EMAGAZINES,https://libswu.on.worldcat.org/oclc/60624286
70773970,Drafting and assessing poetry :a guide for teachers /,"Dymoke, Sue,","Paul Chapman Pub.,",2003,N/A,N/A, English Language - Modern,EBOOKS,https://libswu.on.worldcat.org/oclc/70773970
179135384,An introduction to the grammar of English :syntactic arguments and socio-historical background /,"Gelderen, Elly van.","John Benjamins Pub.,",2002,N/A,N/A, English Language - Modern,EBOOKS,https://libswu.on.worldcat.org/oclc/179135384
182576178,The WAC journal.,Plymouth State College.,"Plymouth State College,",2002,N/A,N/A, English Language - Modern,EJOURNALS/EMAGAZINES,https://libswu.on.worldcat.org/oclc/182576178
191730005,Check your English vocabulary for computers and information technology.,"Marks, Jon.; Riley, David.","A. & C. Black,",2007,N/A,N/A, English Language - Modern,EBOOKS,https://libswu.on.worldcat.org/oclc/191730005
194227783,Writing lab newsletter.,International Writing Centers Association.,RiCH Co.,1976,N/A,1941-4994, English Language - Modern,EJOURNALS/EMAGAZINES,https://libswu.on.worldcat.org/oclc/194227783
225536238,University of Sydney papers in TESOL.,"University of Sydney,","TESOL Research Network, University of Sydney,",2006,N/A,1834-4712, English Language - Modern,EJOURNALS/EMAGAZINES,https://libswu.on.worldcat.org/oclc/225536238
232115223,Composition studies.,DePaul University.ProQuest Information and Learning Company.Texas Christian University.,"DePaul University,",1999,N/A,1534-9322, English Language - Modern,EJOURNALS/EMAGAZINES,https://libswu.on.worldcat.org/oclc/232115223
233598252,International journal of English studies.,Universidad de Murcia.,"Universidad de Murcia, Servicio de Publicaciones",2001,N/A,1989-6131, English Language - Modern,EJOURNALS/EMAGAZINES,https://libswu.on.worldcat.org/oclc/233598252
233704286,English teaching & learning.,"Guo li Taiwan shi fan da xue,",Springer Singapore,1976,N/A,2522-8560, English Language - Modern,EJOURNALS/EMAGAZINES,https://libswu.on.worldcat.org/oclc/233704286
236339789,Describing spoken English :an introduction /,"Kreidler, Charles W.,","Routledge,",1997,N/A,N/A, English Language - Modern,EBOOKS,https://libswu.on.worldcat.org/oclc/236339789
252789672,Alphabet to email :how written English evolved and where it's heading /,"Baron, Naomi S.","Routledge,",2000,N/A,N/A, English Language - Modern,EBOOKS,https://libswu.on.worldcat.org/oclc/252789672
271524836,English for human resources /,"Pledger, Pat.","Oxford University Press,",2007,N/A,N/A, English Language - Modern,EBOOKS,https://libswu.on.worldcat.org/oclc/271524836
290527847,Success on your certificate course in English language teaching :a guide to becoming a teacher in ELT/TESOL /,"Brandt, Caroline.","SAGE Publications,",2006,N/A,N/A, English Language - Modern,EBOOKS,https://libswu.on.worldcat.org/oclc/290527847
309149552,Many voices.,"New Zealand.Learning Media, Ltd.",Published for the Ministry of Education by Learning Media,1900,N/A,N/A, English Language - Modern,EJOURNALS/EMAGAZINES,https://libswu.on.worldcat.org/oclc/309149552
309149559,English teaching professional.,N/A,"English Teaching Professional,",1996,N/A,N/A, English Language - Modern,EJOURNALS/EMAGAZINES,https://libswu.on.worldcat.org/oclc/309149559
320297872,TESL Canada journal =Revue TESL du Canada.,McGill University.,"TESL Canada journal = Revue TESL du Canada,",1984,N/A,1925-8917, English Language - Modern,EJOURNALS/EMAGAZINES,https://libswu.on.worldcat.org/oclc/320297872
416235695,ELT journal.,Oxford University Press.,Oxford University Press,2001,N/A,0951-0893, English Language - Modern,EJOURNALS/EMAGAZINES,https://libswu.on.worldcat.org/oclc/416235695
436044640,Introducing English as an additional language to young children :a practical handbook /,"Crosse, Kay.","Paul Chapman Pub.,",2007,N/A,N/A, English Language - Modern,EBOOKS,https://libswu.on.worldcat.org/oclc/436044640
437111842,The tapestry journal.,Florida Center for Instructional Technology.,Florida Center for Instructional Technology,2009,N/A,1949-8268, English Language - Modern,EJOURNALS/EMAGAZINES,https://libswu.on.worldcat.org/oclc/437111842
437168090,Abbreviations Dictionary.,"Stahl, Dean A.","CRC Press,",2001,N/A,N/A, English Language - Modern,EBOOKS,https://libswu.on.worldcat.org/oclc/437168090
502274323,The CATESOL journal.,California Association of Teachers of English to Speakers of Other Languages.,"California Association of Teachers of English to Speakers of Other Languages,",1988,N/A,1535-0517, English Language - Modern,EJOURNALS/EMAGAZINES,https://libswu.on.worldcat.org/oclc/502274323
555854621,PROFILE issues in teachers' professional development /,Universidad Nacional de Colombia.,La Universidad Nacional de Colombia.,1999,N/A,1657-0790, English Language - Modern,EJOURNALS/EMAGAZINES,https://libswu.on.worldcat.org/oclc/555854621
593541413,The Sage handbook of writing development /,"Beard, Roger.; Sage Publications.Sage eReference (Online service)","SAGE,",2009,N/A,N/A, English Language - Modern,EBOOKS,https://libswu.on.worldcat.org/oclc/593541413
610200243,Kentucky English bulletin.,Kentucky Council of Teachers of English.University of Kentucky.,Kentucky Council of Teachers of English.,1951,N/A,N/A, English Language - Modern,EJOURNALS/EMAGAZINES,https://libswu.on.worldcat.org/oclc/610200243
649278329,"Blurring boundaries :developing writers, researchers and teachers : a tribute to William L. Smith /","O'Neill, Peggy,Smith, William L.,","Hampton Press,",2007,N/A,N/A, English Language - Modern,EBOOKS,https://libswu.on.worldcat.org/oclc/649278329
651046268,Academic writing :a guide for management students and researchers /,"Monippally, Mathukutty M.; Pawar, Badrinarayan Shankar,","Response,",2010,N/A,N/A, English Language - Modern,EBOOKS,https://libswu.on.worldcat.org/oclc/651046268
658054510,The language of everyday life :an introduction /,"Delin, Judy.","SAGE Publications,",2000,N/A,N/A, English Language - Modern,EBOOKS,https://libswu.on.worldcat.org/oclc/658054510
679479446,"Marginal words, marginal work? :tutoring the academy in the work of writing centers /","Macauley, William J.Mauriello, Nicholas.","Hampton Press,",2007,N/A,N/A, English Language - Modern,EBOOKS,https://libswu.on.worldcat.org/oclc/679479446
679768527,English in Australia.,Australian Association for the Teaching of English.,"Australian Association for the Teaching of English,",1965,N/A,N/A, English Language - Modern,EJOURNALS/EMAGAZINES,https://libswu.on.worldcat.org/oclc/679768527
682036165,"Read, research and write :academic skills for ESL students in higher education /","Brandt, Caroline.","SAGE,",2009,N/A,N/A, English Language - Modern,EBOOKS,https://libswu.on.worldcat.org/oclc/682036165
696037889,RELC journal.,"Regional English Language Centre,Regional Language Centre,",SEAMEO Regional Language CentreSAGE Publishing,1970,N/A,1745-526X, English Language - Modern,EJOURNALS/EMAGAZINES,https://libswu.on.worldcat.org/oclc/696037889
703151344,How to sound clever :master the 600 everyday words you pretend to understand when you don't /,"Bergh, Hubert van den.","A. & C. Black,",2010,N/A,N/A, English Language - Modern,EBOOKS,https://libswu.on.worldcat.org/oclc/703151344
721343090,Reading between the lines :a balanced approach to literacy /,"Neville Lynch, Marion E.,","Peter Lang,",2005,N/A,N/A, English Language - Modern,EBOOKS,https://libswu.on.worldcat.org/oclc/721343090
730265353,English for academic correspondence and socializing /,"Wallwork, Adrian.","Springer,",2011,N/A,N/A, English Language - Modern,EBOOKS,https://libswu.on.worldcat.org/oclc/730265353
741343355,The globe's emigrating children :teaching in a second language /,"Stark, Kathleen A.","Peter Lang Pub.,",2008,N/A,N/A, English Language - Modern,EBOOKS,https://libswu.on.worldcat.org/oclc/741343355
742513147,English language teaching matters :a collection of articles and teaching materials /,"Berman, Michael,; Belak, Mojca.Rimmer, Wayne.","O-Books,",2011,N/A,N/A, English Language - Modern,EBOOKS,https://libswu.on.worldcat.org/oclc/742513147
746946654,Modern English Teacher.,Gale Group.,N/A,,N/A,0308-0587, English Language - Modern,EJOURNALS/EMAGAZINES,https://libswu.on.worldcat.org/oclc/746946654
747255789,English as an additional language :approaches to teaching linguistic minority students /,"Leung, Constant,Creese, Angela.","SAGE,",2010,N/A,N/A, English Language - Modern,EBOOKS,https://libswu.on.worldcat.org/oclc/747255789
761341975,The use of English.,N/A,"[Scottish Academic Press, etc.]",1949,N/A,N/A, English Language - Modern,EJOURNALS/EMAGAZINES,https://libswu.on.worldcat.org/oclc/761341975
762029618,Brazilian English language teaching journal.,Pontifícia Universidade Católica do Rio Grande do Sul.,"Pontifícia Universidade Católica do Rio Grande do Sul, Faculdade de Letras,",2010,N/A,2178-3640, English Language - Modern,EJOURNALS/EMAGAZINES,https://libswu.on.worldcat.org/oclc/762029618
770966187,Perspectives.,N/A,TESOL Arabia.,1992,N/A,N/A, English Language - Modern,EJOURNALS/EMAGAZINES,https://libswu.on.worldcat.org/oclc/770966187
778032466,Louisiana English journal.,Louisiana Council of Teachers of English.,"Louisiana Council of Teachers of English,",1960,N/A,N/A, English Language - Modern,EJOURNALS/EMAGAZINES,https://libswu.on.worldcat.org/oclc/778032466
779659440,Computers and composition.,ScienceDirect (Online service),JAI.,1983,N/A,8755-4615, English Language - Modern,EJOURNALS/EMAGAZINES,https://libswu.on.worldcat.org/oclc/779659440
786947066,Research papers in language teaching and learning.,Ελληνικο Ανοικτο Πανεπιστημιο.; Ελληνικο Ανοικτο Πανεπιστημιο.,"Hellenic Open Universiy, School of Humanities",2010,N/A,1792-1244, English Language - Modern,EJOURNALS/EMAGAZINES,https://libswu.on.worldcat.org/oclc/786947066
793995937,How to master the IELTS :over 400 practice questions for all parts of the International English Language Testing System /,"Tyreman, C. J.","Kogan Page Limited,",2012,N/A,N/A, English Language - Modern,EBOOKS,https://libswu.on.worldcat.org/oclc/793995937
795699010,Journal of English linguistics.,"Peters, Robert Anthony,",Western Washington University.,1967,N/A,N/A, English Language - Modern,EJOURNALS/EMAGAZINES,https://libswu.on.worldcat.org/oclc/795699010
795953612,Reading improvement.,N/A,"Project Innovation, Inc.",2004,N/A,0034-0510, English Language - Modern,EJOURNALS/EMAGAZINES,https://libswu.on.worldcat.org/oclc/795953612
795977957,California reader.,N/A,California Reading Association.,2008,N/A,0892-6964, English Language - Modern,EJOURNALS/EMAGAZINES,https://libswu.on.worldcat.org/oclc/795977957
795977969,TESL reporter.,N/A,TESL Reporter.,2008,N/A,0886-0661, English Language - Modern,EJOURNALS/EMAGAZINES,https://libswu.on.worldcat.org/oclc/795977969
795981188,English teaching.,"Han'guk Yŏngŏ Kyoyuk Hakhoe,",Korea Association of Teachers of English,1900,N/A,2671-9312, English Language - Modern,EJOURNALS/EMAGAZINES,https://libswu.on.worldcat.org/oclc/795981188
795990719,Literacy learning: the middle years.,N/A,Australian Literacy Educators' Association.,2010,N/A,1320-5692, English Language - Modern,EJOURNALS/EMAGAZINES,https://libswu.on.worldcat.org/oclc/795990719
797817599,Check your English vocabulary for TOEFL /,"Wyatt, Rawdon.","Bloomsbury,",2012,N/A,N/A, English Language - Modern,EBOOKS,https://libswu.on.worldcat.org/oclc/797817599
806034386,Transforming schools for English learners :a comprehensive framework for school leaders /,"Zacarian, Debbie.","Corwin,",2011,N/A,N/A, English Language - Modern,EBOOKS,https://libswu.on.worldcat.org/oclc/806034386
809605940,Asian journal of english language teaching.,N/A,Chinese University Press.,2010,N/A,1026-2652, English Language - Modern,EJOURNALS/EMAGAZINES,https://libswu.on.worldcat.org/oclc/809605940
811565952,English for academic research :vocabulary exercises /,"Wallwork, Adrian.","Springer,",2013,N/A,N/A, English Language - Modern,EBOOKS,https://libswu.on.worldcat.org/oclc/811565952
813296867,Tradition today.,Centre for English Traditional Heritage.,Centre for English Traditional Heritage,2011,N/A,2050-0920, English Language - Modern,EJOURNALS/EMAGAZINES,https://libswu.on.worldcat.org/oclc/813296867
826659713,How the ELL brain learns /,"Sousa, David A.","Calif. :Corwin Press,",2011,N/A,N/A, English Language - Modern,EBOOKS,https://libswu.on.worldcat.org/oclc/826659713
827174522,Malaysian journal of ELT research.,"Malaysian English Language Teaching Association,","Malaysian English Language Teaching Association (MELTA),",2005,N/A,2716-6414, English Language - Modern,EJOURNALS/EMAGAZINES,https://libswu.on.worldcat.org/oclc/827174522
828424267,Breaking open the box :a guide for creative techniques to improve academic writing and generate critical thinking /,"Dafoe, Nancy,","ROWMAN and LITTLEFIELD EDUCATION, A division of ROWMAN and LITTLEFIELD Publishers, Inc.,",2013,N/A,N/A, English Language - Modern,EBOOKS,https://libswu.on.worldcat.org/oclc/828424267
828848679,"Journal of language teaching, linguistics, and literature :jurnal Pusat Bahasa, Universiti Kebangsaan Malaysia.",Universiti Kebangsaan Malaysia.SPARC (Organization),"Pusat Bahasa, Universiti Kebangsaan Malaysia,",1991,N/A,0128-5157, English Language - Modern,EJOURNALS/EMAGAZINES,https://libswu.on.worldcat.org/oclc/828848679
830169901,Polishing Your Prose :How to Turn First Drafts into Finished Work.,"Cahn, Steven M.; Cahn, Victor L.","Columbia University Press,",2013,N/A,N/A, English Language - Modern,EBOOKS,https://libswu.on.worldcat.org/oclc/830169901
830324494,Teaching English language learners :43 strategies for successful K-8 classrooms /,"Colombo, Michaela.","Sage Publications,",2012,N/A,N/A, English Language - Modern,EBOOKS,https://libswu.on.worldcat.org/oclc/830324494
833299132,English in Post-Revolutionary Iran /,"Borjian, Maryam.","Multilingual Matters,",2013,N/A,N/A, English Language - Modern,EBOOKS,https://libswu.on.worldcat.org/oclc/833299132
833763712,Culturally and Linguistically Diverse Exceptional Students :Strategies for Teaching and Assessment.,"Grassi, Elizabeth A.; Barker, Heidi Bulmahn.","SAGE Publications,",2009,N/A,N/A, English Language - Modern,EBOOKS,https://libswu.on.worldcat.org/oclc/833763712
840404156,"Differentiated literacy strategies for English language learners, grades K-6 /","Gregory, Gayle.; Burkman, Amy.","Corwin,",2012,N/A,N/A, English Language - Modern,EBOOKS,https://libswu.on.worldcat.org/oclc/840404156
842264676,Assessment in the second language writing classroom /,"Crusan, Deborah.","University of Michigan Press,",2010,N/A,N/A, English Language - Modern,EBOOKS,https://libswu.on.worldcat.org/oclc/842264676
842265861,"One on one with second language writers :a guide for writing tutors, teachers, and consultants /","Reynolds, Dudley W.","University of Michigan Press,",2009,N/A,N/A, English Language - Modern,EBOOKS,https://libswu.on.worldcat.org/oclc/842265861
843880810,Listening myths :applying second language research to classroom teaching /,"Brown, Steven,","University of Michigan Press,",2011,N/A,N/A, English Language - Modern,EBOOKS,https://libswu.on.worldcat.org/oclc/843880810
844939526,Teaching English as a foreign or second language :a teacher self-development and methodology guide /,"Gebhard, Jerry Greer.","University of Michigan Press,",2006,N/A,N/A, English Language - Modern,EBOOKS,https://libswu.on.worldcat.org/oclc/844939526
853461155,Arab world English journal.,N/A,"[publisher not identified],",2010,N/A,2229-9327, English Language - Modern,EJOURNALS/EMAGAZINES,https://libswu.on.worldcat.org/oclc/853461155
860713937,Teaching Right Livelihood :eine Handreichung für Lehrkräfte und Lehrerbildner mit englischsprachigen Unterrichtsmaterialien /,"Christoforatou, Ellen.","Kassel University Press,",2012,N/A,N/A, English Language - Modern,EBOOKS,https://libswu.on.worldcat.org/oclc/860713937
862827314,Changing Methodologies in TESOL.,"Spiro, Jane.","Edinburgh University Press,",2013,N/A,N/A, English Language - Modern,EBOOKS,https://libswu.on.worldcat.org/oclc/862827314
869281995,Leading academic achievement for English language learners :a guide for principals /,"Alford, Betty J.; Niño, Mary Catherine.","Corwin,",2011,N/A,N/A, English Language - Modern,EBOOKS,https://libswu.on.worldcat.org/oclc/869281995
878809179,Check your English vocabulary for IELTS.,"Wyatt, Rawdon.","Bloomsbury,",2012,N/A,N/A, English Language - Modern,EBOOKS,https://libswu.on.worldcat.org/oclc/878809179
883470412,Writing and pedagogy.,N/A,"Equinox,",2009,N/A,1756-5839, English Language - Modern,EJOURNALS/EMAGAZINES,https://libswu.on.worldcat.org/oclc/883470412
898028397,Where metaphors come from :reconsidering context in metaphor /,"Kövecses, Zoltán,","Oxford University Press,",2015,N/A,N/A, English Language - Modern,EBOOKS,https://libswu.on.worldcat.org/oclc/898028397
899736177,Language magazine.,N/A,Language Media LLC.,2000,N/A,N/A, English Language - Modern,EJOURNALS/EMAGAZINES,https://libswu.on.worldcat.org/oclc/899736177
900540398,The essential guide for educating beginning English learners /,"Zacarian, Debbie.; Haynes, Judie.","Corwin,",2012,N/A,N/A, English Language - Modern,EBOOKS,https://libswu.on.worldcat.org/oclc/900540398
904754373,The Cambridge handbook of stylistics /,"Stockwell, Peter,Whiteley, Sara","Cambridge University Press,",2014,N/A,N/A, English Language - Modern,EBOOKS,https://libswu.on.worldcat.org/oclc/904754373
908831899,Dictionary of the British English spelling system /,"Brooks, Greg.; Open Book Publishers.","Open Book Publishers,",2015,N/A,N/A, English Language - Modern,EBOOKS,https://libswu.on.worldcat.org/oclc/908831899
912420487,Journal of college reading and learning.,EBSCO Publishing (Firm),Western College Reading and Learning Association,,N/A,1079-0195, English Language - Modern,EJOURNALS/EMAGAZINES,https://libswu.on.worldcat.org/oclc/912420487
915346566,Moving from spoken to written language with ELLs /,"Soto, Ivannia.","Corwin, A SAGE Company,",2014,N/A,N/A, English Language - Modern,EBOOKS,https://libswu.on.worldcat.org/oclc/915346566
918559946,Teaching English in secondary schools /,"Gordon, John,","SAGE Publications Ltd,",2015,N/A,N/A, English Language - Modern,EBOOKS,https://libswu.on.worldcat.org/oclc/918559946
932622769,Team teaching and team learning in the language classroom :collaboration for innovation in ELT /,"Stewart, Tim,Dalsky, David,Tajino, Akira,","Routledge,",2016,N/A,N/A, English Language - Modern,EBOOKS,https://libswu.on.worldcat.org/oclc/932622769
939263056,Teaching Beginner ELLs Using Picture Books :Tellability.,"Lado, Ana L. (Luisa)","SAGE Publications,",2012,N/A,N/A, English Language - Modern,EBOOKS,https://libswu.on.worldcat.org/oclc/939263056
949899217,Speaking to good effect :an introduction to the theory and practice of rhetoric /,"Lawrie, D. G.","Sun Press,",2006,N/A,N/A, English Language - Modern,EBOOKS,https://libswu.on.worldcat.org/oclc/949899217
953851901,Engaging English learners through access to standards :a team-based approach to schoolwide student achievement /,"Fairbairn, Shelley,; Jones-Vo, Stephaney,","Corwin,",2016,N/A,N/A, English Language - Modern,EBOOKS,https://libswu.on.worldcat.org/oclc/953851901
958509243,"Differentiated Literacy Strategies for English Language Learners, Grades 7-12.","Gregory, Gayle H.; Burkman, Amy.","SAGE Publications,",2011,N/A,N/A, English Language - Modern,EBOOKS,https://libswu.on.worldcat.org/oclc/958509243
958717333,English in Aotearoa.,"New Zealand Association for the Teaching of English,",NZATE,1986,N/A,2744-5003, English Language - Modern,EJOURNALS/EMAGAZINES,https://libswu.on.worldcat.org/oclc/958717333
963180776,ELL frontiers :using technology to enhance instruction for English learners /,"Parris, Heather,; Estrada, Lisa,Honigsfeld, Andrea M.,","Corwin,",2016,N/A,N/A, English Language - Modern,EBOOKS,https://libswu.on.worldcat.org/oclc/963180776
964290980,Sounds fascinating :further observations on English phonetics and phonology /,"Wells, J. C.","Cambridge University Press,",2016,N/A,N/A, English Language - Modern,EBOOKS,https://libswu.on.worldcat.org/oclc/964290980
969056418,Rating EFL Written Performance.,"Bukta, Katalin,",De Gruyter,2014,N/A,N/A, English Language - Modern,EBOOKS,https://libswu.on.worldcat.org/oclc/969056418
986647978,Culturally proficient practice :supporting educators of English learning students /,"Quezada, Reyes L.,; Lindsey, Delores B.,Lindsey, Randall B.,","Corwin,",2016,N/A,N/A, English Language - Modern,EBOOKS,https://libswu.on.worldcat.org/oclc/986647978
1007860039,Deeper writing :quick writes and mentor texts to illuminate new possibilities /,"Holland, Robin W.,","Corwin,",2016,N/A,N/A, English Language - Modern,EBOOKS,https://libswu.on.worldcat.org/oclc/1007860039
1013751556,Basic & workplace skills bulletin.,N/A,"Education Publishing Company,",2016,N/A,2399-2212, English Language - Modern,EJOURNALS/EMAGAZINES,https://libswu.on.worldcat.org/oclc/1013751556
1022936891,TESOL in context /,"Australian Council of TESOL Associations,",Australian Council of TESOL Associations,1990,N/A,2209-0916, English Language - Modern,EJOURNALS/EMAGAZINES,https://libswu.on.worldcat.org/oclc/1022936891
1023426173,Developing critical thinking in EFL classes :an infusion approach /,"Lin, Yue,","Springer,",2018,N/A,N/A, English Language - Modern,EBOOKS,https://libswu.on.worldcat.org/oclc/1023426173
1035423143,Language issues /,National Association for Teaching English as a Second Language to Adults.National Association for Teaching English and Other Community Languages to Adults.,NATESLA :[1986?]-NATESLANATECLA,1986,N/A,0268-5833, English Language - Modern,EJOURNALS/EMAGAZINES,https://libswu.on.worldcat.org/oclc/1035423143
1048149315,"Rhetorical Agency :Mind, Meshwork, Materiality, Mobility /","Belikian, Les.","Punctum Books,",2017,N/A,N/A, English Language - Modern,EBOOKS,https://libswu.on.worldcat.org/oclc/1048149315
1048769896,The politics of English second language writing assessment in global contexts /,"Ruecker, Todd Christopher,Crusan, Deborah,","Routledge,",2018,N/A,N/A, English Language - Modern,EBOOKS,https://libswu.on.worldcat.org/oclc/1048769896
1050142333,Patterns of change in 18th-century English :a sociolinguistic approach /,"Nevalainen, Terttu,Palander-Collin, Minna,Säily, Tanja,","John Benjamins Publishing Company,",2018,N/A,N/A, English Language - Modern,EBOOKS,https://libswu.on.worldcat.org/oclc/1050142333
1051436680,"Corpus linguistics for English teachers :tools, online resources, and classroom activities /","Friginal, Eric,","Routledge,",2018,N/A,N/A, English Language - Modern,EBOOKS,https://libswu.on.worldcat.org/oclc/1051436680
1051777829,The semantic transparency of English compound nouns /,"Schäfer, Martin,","Language Science Press,",2018,N/A,N/A, English Language - Modern,EBOOKS,https://libswu.on.worldcat.org/oclc/1051777829
1051780908,Deletion phenomena in comparative constructions :English comparatives in a cross-linguistic perspective /,"Bacskai-Atkari, Julia.","Language Science Press,",2018,N/A,N/A, English Language - Modern,EBOOKS,https://libswu.on.worldcat.org/oclc/1051780908
1058555256,English in Texas.,N/A,The Council.,1900,N/A,0425-0508, English Language - Modern,EJOURNALS/EMAGAZINES,https://libswu.on.worldcat.org/oclc/1058555256
1059514278,Learners in transition :Chinese students' journeys from EFL to ESL and EIL /,"Fong, Yoke Sim,","Routledge, Taylor & Francis Group,",2019,N/A,N/A, English Language - Modern,EBOOKS,https://libswu.on.worldcat.org/oclc/1059514278
1067230824,Developing writers in higher education :a longitudinal study /,"Gere, Anne Ruggles,","University of Michigan Press,",2019,N/A,N/A, English Language - Modern,EBOOKS,https://libswu.on.worldcat.org/oclc/1067230824
1076271139,Get a better grade :seven steps to excellent essays and assignments /,"Leicester, Mal,; Taylor, Denise,","Sage Publications,",2017,N/A,N/A, English Language - Modern,EBOOKS,https://libswu.on.worldcat.org/oclc/1076271139
1076485645,"Teaching reading to English learners, grades 6-12 :a framework for improving achievement in the content areas /","Calderón, Margarita,; Slakk, Shawn,","Corwin, A Sage Company,",2018,N/A,N/A, English Language - Modern,EBOOKS,https://libswu.on.worldcat.org/oclc/1076485645
1082956692,The acrolect in Jamaica :the architecture of phonological variation /,"Irvine-Sobers, G. Alison.","Language Science Press,",2018,N/A,N/A, English Language - Modern,EBOOKS,https://libswu.on.worldcat.org/oclc/1082956692
1097124383,Identity and the Young English Language Learner :Identity and the Young English Language Learner.,"Day, Dr. Elaine.; ProQuest (Firm)","Multilingual Matters,",2002,N/A,N/A, English Language - Modern,EBOOKS,https://libswu.on.worldcat.org/oclc/1097124383
1114279690,"Making sense of ""bad English"" :an introduction to language attitudes and ideologies /","Peterson, Elizabeth","Routledge,",2020,N/A,N/A, English Language - Modern,EBOOKS,https://libswu.on.worldcat.org/oclc/1114279690
1126409987,The TESOLANZ journal.,"TESOL Association of Aotearoa New Zealand,","Teachers of English to Speakers of Other Languages, Aotearoa/New Zealand (Incorporated), Te Ropu Kaiwhakaako Reo Ingarihi ki Iwi Reo Ke,",1993,N/A,2624-4543, English Language - Modern,EJOURNALS/EMAGAZINES,https://libswu.on.worldcat.org/oclc/1126409987
1135559961,On Deletion Phenomena in English,John Thomas Grinder.,De Gruyter Mouton,1976,N/A,N/A, English Language - Modern,EBOOKS,https://libswu.on.worldcat.org/oclc/1135559961
1152173485,Educational change amongst English language college teachers in China :transitioning from teaching for general to academic purposes /,"Li, Yulong,","Springer,",2020,N/A,N/A, English Language - Modern,EBOOKS,https://libswu.on.worldcat.org/oclc/1152173485
1166396045,From Clerks to Corpora: essays on the English language yesterday and today.,"Shaw, Philip.; Erman, Britt.Melchers, Gunnel.Sundkvist, Peter.","Stockholm University Press,",2015,N/A,N/A, English Language - Modern,EBOOKS,https://libswu.on.worldcat.org/oclc/1166396045
1227842059,The expanding universe of writing studies :higher education writing research /,"Blewett, Kelly,; Donahue, Tiane K.,Monroe, Cynthia,","Peter Lang,",2021,N/A,N/A, English Language - Modern,EBOOKS,https://libswu.on.worldcat.org/oclc/1227842059
1229768593,English teaching forum.,United States.,"U.S. Dept. of State :Supt. of Docs., U.S. G.P.O. [distributor]",1990,N/A,"1559-6621,1559-663X", English Language - Modern,EJOURNALS/EMAGAZINES,https://libswu.on.worldcat.org/oclc/1229768593
1238161887,MY FIRST DICTIONARY.,SUSAN MILLER.,"SEQUOIA KIDS MEDIA,",2021,N/A,N/A, English Language - Modern,EBOOKS,https://libswu.on.worldcat.org/oclc/1238161887
1239980524,Powerful practices for supporting English learners :elevating diverse assets and identities /,"Westernoff, Fern,; Jones-Vo, Stephaney,Markus, Paula,Cummins, Jim,","Corwin,",2021,N/A,N/A, English Language - Modern,EBOOKS,https://libswu.on.worldcat.org/oclc/1239980524
1240718084,Feedback that moves writers forwardhow to escape correcting mode to transform student writing /,"McGee, Patricia,","Corwin,",2017,N/A,N/A, English Language - Modern,EBOOKS,https://libswu.on.worldcat.org/oclc/1240718084
1243465778,Literacy forum NZ =Te Korero pānui tuhituhi o Aotearoa.,New Zealand Literacy Association.,"New Zealand Literacy Association,",2013,N/A,2324-3643, English Language - Modern,EJOURNALS/EMAGAZINES,https://libswu.on.worldcat.org/oclc/1243465778
1243599963,An introduction to English syntax  /,"Miller, J. E.; NetLibrary, Inc.","Edinburgh University Press,",2002,N/A,N/A, English Language - Modern,EBOOKS,https://libswu.on.worldcat.org/oclc/1243599963
1244584282,"Communicating in English  :talk, text, technology /","Allington, Daniel.Mayor, Barbara M.,","Routledge,",2012,N/A,N/A, English Language - Modern,EBOOKS,https://libswu.on.worldcat.org/oclc/1244584282
1246319064,Mextesol journal,N/A,Asociación Mexicana de Maestros de Inglés,1976,N/A,2395-9908, English Language - Modern,EJOURNALS/EMAGAZINES,https://libswu.on.worldcat.org/oclc/1246319064
1269091419,Wiki writing :collaborative learning in the college classroom /,"Cummings, Robert E.,Barton, Matt.","Digital Culture Books, an imprint of the University of Michigan Press and the University of Michigan Library,",2008,N/A,N/A, English Language - Modern,EBOOKS,https://libswu.on.worldcat.org/oclc/1269091419
1273728089,Significance in language :a theory of semantics /,"Feist, Jim,","Routledge, Taylor & Francis Group,",2022,N/A,N/A, English Language - Modern,EBOOKS,https://libswu.on.worldcat.org/oclc/1273728089
1289607088,Digital-age teaching for English learners :a guide to equitable learning for all students /,"Rubin, Heather,; Estrada, Lisa,Honigsfeld, Andrea,","Corwin,",2022,N/A,N/A, English Language - Modern,EBOOKS,https://libswu.on.worldcat.org/oclc/1289607088
1291712477,Changing spaces :writing centres and access to higher education /,"Archer, Arlene,Richards, Rose,","Sun Press,",2011,N/A,N/A, English Language - Modern,EBOOKS,https://libswu.on.worldcat.org/oclc/1291712477
1295269208,World Englishes and Language Assessment.,"Smaoui, Chokri.; Rahal, Aicha.","Cambridge Scholars Publisher,",2022,N/A,N/A, English Language - Modern,EBOOKS,https://libswu.on.worldcat.org/oclc/1295269208
1302164877,A Glossary of English Grammar /,"Leech, Geoffrey,","Edinburgh University Press,",2022,N/A,N/A, English Language - Modern,EBOOKS,https://libswu.on.worldcat.org/oclc/1302164877
1305843490,The competition of word-formation processes in the derivational paradigm of verbs :dia-synchronic evidence for the profile and resolution of competition in English /,"Fernández-Alcaina, Cristina,","Peter Lang,",2022,N/A,N/A, English Language - Modern,EBOOKS,https://libswu.on.worldcat.org/oclc/1305843490
1311491234,"Go online! :reconfiguring writing courses for the new, virtual world /","Gray-Rosendale, Laura,Rosendale, Steven,","Peter Lang,",2022,N/A,N/A, English Language - Modern,EBOOKS,https://libswu.on.worldcat.org/oclc/1311491234
1312173671,"English in Non-English-Speaking Countries :Practices, Perceptions, Challenges, and Perspectives /","Vaneva, Marjana.","Cambridge Scholars Publishing,",2022,N/A,N/A, English Language - Modern,EBOOKS,https://libswu.on.worldcat.org/oclc/1312173671
1319441716,Confident voices :digital tools for language acquisition /,"Spencer, John","Corwin,",2016,N/A,N/A, English Language - Modern,EBOOKS,https://libswu.on.worldcat.org/oclc/1319441716
1322446606,Verbs in fictive motion /,"Waliński, Jacek,","Wydawnictwo Uniwersytetu Łódzkiego,",2018,N/A,N/A, English Language - Modern,EBOOKS,https://libswu.on.worldcat.org/oclc/1322446606
1334655172,Stylistic use of phraseological units in discourse /,"Naciscione, Anita,","John Benjamins Publishing Company,",2010,N/A,N/A, English Language - Modern,EBOOKS,https://libswu.on.worldcat.org/oclc/1334655172
1348378312,HISTORY OF ENGLISH.,"Hejná, Míša,; Walkden, George,","LANGUAGE SCIENCE PRESS,",2022,N/A,N/A, English Language - Modern,EBOOKS,https://libswu.on.worldcat.org/oclc/1348378312
1351613210,"PRODUCTION, PERCEPTION, AND COMPREHENSION OF SUBPHONEMIC DETAIL  :word-final /s/ in English /","Schmitz, Dominic.","LANGUAGE SCIENCE PRESS,",2022,N/A,N/A, English Language - Modern,EBOOKS,https://libswu.on.worldcat.org/oclc/1351613210
1356736542,"But does this work with English learners? :a guide for English language arts teachers, grades 6-12 /","Stewart, Mary Amanda,; Genova, Holly,Bernabei, Gretchen S.,","Corwin Press, Incorporated,",2021,N/A,N/A, English Language - Modern,EBOOKS,https://libswu.on.worldcat.org/oclc/1356736542
1367856827,WLN :a journal of writing center scholarship.,International Writing Centers Association.Thomson Gale (Firm),"Writing Lab Newsletter LLC,",2015,N/A,N/A, English Language - Modern,EJOURNALS/EMAGAZINES,https://libswu.on.worldcat.org/oclc/1367856827
1370493555,"DEAFinitely English  :Online materials for teachers of English as a Foreign Language for Deaf, deaf and hard of hearing students.","Sedláčková, Jitka.; Tóthová, Lenka.Nunn, Nicola.Yang, JunHui.","Masaryk University,",2022,N/A,N/A, English Language - Modern,EBOOKS,https://libswu.on.worldcat.org/oclc/1370493555
1371574034,Reflexively speaking :metadiscourse in English as a lingua franca /,"Mauranen, Anna,","De Gruyter Mouton,",2023,N/A,N/A, English Language - Modern,EBOOKS,https://libswu.on.worldcat.org/oclc/1371574034
1374197770,English language learning and technology :lectures on applied linguistics in the age of information and communication technology /,"Chapelle, Carol A.,","John Benjamins Publishing Company,",2003,N/A,N/A, English Language - Modern,EBOOKS,https://libswu.on.worldcat.org/oclc/1374197770
1374326641,A vocabulary companion to practical English.,"Wieczorek, Anna Ewa,","Wydawnictwo Uniwersytetu Łódzkiego,",2023,N/A,N/A, English Language - Modern,EBOOKS,https://libswu.on.worldcat.org/oclc/1374326641
1374588177,A vocabulary companion to practical English.,"Wieczorek, Anna Ewa,","Wydawnictwo Uniwersytetu Łódzkiego,",2023,N/A,N/A, English Language - Modern,EBOOKS,https://libswu.on.worldcat.org/oclc/1374588177
1382528828,The dynamic lexicon of English :a socio-cognitive approach towards loan processes and their linguistic effects /,"Landmann, Julia,","Brill,",2023,N/A,N/A, English Language - Modern,EBOOKS,https://libswu.on.worldcat.org/oclc/1382528828
1385981249,Using online technologies for informal learning by future teachers of English /,"Černá, Jana,","Palacky University,",2022,N/A,N/A, English Language - Modern,EBOOKS,https://libswu.on.worldcat.org/oclc/1385981249
1396181545,"Media-related out-of-school contact with English in Germany and Switzerland :frequency, forms and the effect on language learning /","Krüger, Maleika,","Springer VS,",2023,N/A,N/A, English Language - Modern,EBOOKS,https://libswu.on.worldcat.org/oclc/1396181545
1399414638,English language education for graduate employability in Vietnam /,"Nghia, Tran Le Huu,Tran, Ly Thi,Ngo, Mai Tuyet,","Springer,",2024,N/A,N/A, English Language - Modern,EBOOKS,https://libswu.on.worldcat.org/oclc/1399414638
1403050807,English language and internet,"Careca, Samuca",Anmol Publications,,N/A,N/A, English Language - Modern,EBOOKS,https://libswu.on.worldcat.org/oclc/1403050807
1404965872,How to learn writing in English,"Durodola, Sharolyn Pollard",Anmol Publications,,N/A,N/A, English Language - Modern,EBOOKS,https://libswu.on.worldcat.org/oclc/1404965872
1410103480,LIVES AND WORK OF 12 FURTHER EDUCATION BASED TEACHER EDUCATORS IN ENGLAND.,N/A,"UNIVERSITY OF HUDDERSFIEL,",2023,N/A,N/A, English Language - Modern,EBOOKS,https://libswu.on.worldcat.org/oclc/1410103480
1410127515,Learning English out of school :an inclusive approach to research and action /,"Moore, Emilee,Vallejo, Claudia,","Peter Lang,",2021,N/A,N/A, English Language - Modern,EBOOKS,https://libswu.on.worldcat.org/oclc/1410127515
1410143364,"English Medium Instruction as a Local PracticeLanguage, culture and pedagogy.","Han, Jinghe.",Springer Nature,2023,N/A,N/A, English Language - Modern,EBOOKS,https://libswu.on.worldcat.org/oclc/1410143364
1410148335,"Duale Schriftnutzung: Brailleschrift und SchwarzschriftEine sequenzielle, explanative Mixed-Methods Studie.","Winter, Fabian.",Springer Nature,2022,N/A,N/A, English Language - Modern,EBOOKS,https://libswu.on.worldcat.org/oclc/1410148335
1410150128,The Author as AnnotatorAmbiguities of Self-Annotation in Pope and Byron.,"Lahrsow, Miriam.",Brill,2022,N/A,N/A, English Language - Modern,EBOOKS,https://libswu.on.worldcat.org/oclc/1410150128
1414421643,MULTIDISCIPLINARY EXPLORATION INTO FLOW IN WRITING.,"Rossen-Knill, Deborah F.,; Schaefer, Katherine L.,Bayne, Matthew W.,Gegg-Harrison, Whitney,Crasta, Dev,DiMauro, Alessandra,","ROUTLEDGE,",2024,N/A,N/A, English Language - Modern,EBOOKS,https://libswu.on.worldcat.org/oclc/1414421643
1418749406,Forms of reduced English /,"Laganà, Massimo,","Cambridge Scholars Publishing,",2023,N/A,N/A, English Language - Modern,EBOOKS,https://libswu.on.worldcat.org/oclc/1418749406
1418754941,Stellar English :a down-to-earth guide to grammar and style /,"Cioffi, Frank L.,","Princeton University Press,",2024,N/A,N/A, English Language - Modern,EBOOKS,https://libswu.on.worldcat.org/oclc/1418754941
1419064977,"Hybrid learning in English language teaching :motivation, challenges and opportunities /","Effiong, Okon,Batziakas, Bill,Ben Abbes, Karima,","Cambridge Scholars Publishing,",2024,N/A,N/A, English Language - Modern,EBOOKS,https://libswu.on.worldcat.org/oclc/1419064977
1419698246,Concessive constructions in varieties of English /,"Schützler, Ole,","Language Science Press,",2023,N/A,N/A, English Language - Modern,EBOOKS,https://libswu.on.worldcat.org/oclc/1419698246
1420831244,"Planowanie lekcji języka angielskiego, czyli To plan or not to plan :karty pracy /","Parr-Modrzejewska, Anna,; Szubko-Sitarek, Weronika,","Wydawnictwo Uniwersytetu Łódzkiego,",2023,N/A,N/A, English Language - Modern,EBOOKS,https://libswu.on.worldcat.org/oclc/1420831244
1423777691,"Planowanie lekcji języka angielskiego, czyli To plan or not to plan :przewodnik metodyczny /","Parr-Modrzejewska, Anna,; Szubko-Sitarek, Weronika,","Wydawnictwo Uniwersytetu Łódzkiego,",2023,N/A,N/A, English Language - Modern,EBOOKS,https://libswu.on.worldcat.org/oclc/1423777691
1427665722,Strategies for e-Learning in Teaching English As a Foreign Language :Digital Pathways /,"AbdAlgane, Mohammed,; Ali, Rabea,","Cambridge Scholars Publishing,",2024,N/A,N/A, English Language - Modern,EBOOKS,https://libswu.on.worldcat.org/oclc/1427665722
1440366402,Writing on the edge.,"University of California, Davis.","Writing on the Edge,",1989,N/A,1064-6051, English Language - Modern,EJOURNALS/EMAGAZINES,https://libswu.on.worldcat.org/oclc/1440366402
1453405182,A construction grammar of the English language :CASA - a constructionist approach to syntactic analysis /,"Herbst, Thomas,; Hoffmann, Thomas,","John Benjamins Publishing Company,",2024,N/A,N/A, English Language - Modern,EBOOKS,https://libswu.on.worldcat.org/oclc/1453405182
1465271810,Adalbert Stifter :(Ver-)Führung der Sanften Gewalt /,"Dinkel, Benjamin,","Brill / Fink,",2024,N/A,N/A, English Language - Modern,EBOOKS,https://libswu.on.worldcat.org/oclc/1465271810
1465428561,A multidisciplinary exploration into flow in writing /,"Rossen-Knill, Deborah F.,; Schaefer, Katherine L.,Bayne, Matthew W.,Gegg-Harrison, Whitney,Crasta, Dev,DiMauro, Alessandra,","Routledge,",2024,N/A,N/A, English Language - Modern,EBOOKS,https://libswu.on.worldcat.org/oclc/1465428561
1478250349,Death-related intensifiers in the history of English :grammaticalisation and related phenomena /,"Blanco-Suárez, Zeltia,","Peter Lang,",2025,N/A,N/A, English Language - Modern,EBOOKS,https://libswu.on.worldcat.org/oclc/1478250349
1503860282,HOSPITAL ENGLISH :the brilliant learning workbook for international nurses.,"Arakelian, Catharine.","ROUTLEDGE,",2017,N/A,N/A, English Language - Modern,EBOOKS,https://libswu.on.worldcat.org/oclc/1503860282
1510704863,Culinary linguistics :the chef's special /,"Gerhardt, Cornelia,Frobenius, Maximiliane,Hucklenbroich-Ley, Susanne,","John Benjamins Publishing Company,",2013,N/A,N/A, English Language - Modern,EBOOKS,https://libswu.on.worldcat.org/oclc/1510704863
1528965531,What Really Works in the English Classroom.,Ana Kechan-Igballe Miftari Fetishi.,Balkan University Press,2025,N/A,N/A, English Language - Modern,EBOOKS,https://libswu.on.worldcat.org/oclc/1528965531
1547757172,"Keywords of identity, race, and human mobility in early modern England /","Das, Nandini,; Melo, João Vicente,Smith, Haig,Working, Lauren,","Routledge,",2025,N/A,N/A, English Language - Modern,EBOOKS,https://libswu.on.worldcat.org/oclc/1547757172
1547759651,European women's letter-writing from the 11th to the 20th centuries /,"Monagle, Clare,; James, Carolyn,Garrioch, David,Caine, Barbara,","Routledge,",2025,N/A,N/A, English Language - Modern,EBOOKS,https://libswu.on.worldcat.org/oclc/1547759651
1586553925,Extramural English Activities and Individual Learner Differences :A case of Hungary.,"Fajt,","Editions L'Harmattan,",2024,N/A,N/A, English Language - Modern,EBOOKS,https://libswu.on.worldcat.org/oclc/1586553925
1606820,Smoking and health bulletin.,National Clearinghouse for Smoking and Health.United States.Center for Health Promotion and Education (U.S.).Center for Chronic Disease Prevention and Health Promotion (U.S.).,"U.S. Dept. of Health, Education, and Welfare, Public Health Service, National Clearinghouse for Smoking and Health,",1970,0081-0363,N/A, Health And Human Services Department,N/A,https://libswu.on.worldcat.org/oclc/1606820
1727134,Environmental health perspectives :EHP.,National Institute of Environmental Health Sciences.,"U.S. Dept. of Health, Education, and Welfare, Public Health Service, National Institutes of Health, National Institute of Environmental Health Sciences,",1972,0091-6765,N/A, Health And Human Services Department,N/A,https://libswu.on.worldcat.org/oclc/1727134
31848353,Emerging infectious diseases.,Centers for Disease Control and Prevention (U.S.)National Center for Infectious Diseases (U.S.),"Centers for Disease Control and Prevention (CDC),",1995,1080-6040,N/A, Health And Human Services Department,N/A,https://libswu.on.worldcat.org/oclc/31848353
47679210,"HIV impact :a closing the gap newsletter of the Office of Minority Health, U.S. Department of Health and Human Services.",United States.,"Office of Minority Health, Office of Public Health and Science, U.S. Dept. of Health and Human Services,",2000,N/A,N/A, Health And Human Services Department,EJOURNALS/EMAGAZINES,https://libswu.on.worldcat.org/oclc/47679210
48450485,Public health reports.,United States.United States.Association of Schools of Public Health.,"U.S. Department of Health, Education and Welfare, Public Health Service, Health Resources Administration,",1974,N/A,1468-2877, Health And Human Services Department,EJOURNALS/EMAGAZINES,https://libswu.on.worldcat.org/oclc/48450485
52306068,Not bosses but leaders :how to lead the way to success /,"Adair, John Eric,; Reed, Peter J.","Kogan Page,",2003,N/A,N/A, Health And Human Services Department,EBOOKS,https://libswu.on.worldcat.org/oclc/52306068
52546934,Schizophrenia /,"Maj, Mario,Sartorius, N.","Wiley,",2003,N/A,N/A, Health And Human Services Department,EBOOKS,https://libswu.on.worldcat.org/oclc/52546934
53153460,"The leader as communicator :strategies and tactics to build loyalty, focus effort, and spark creativity /","Mai, Robert P.; Akerson, Alan,; Amacom.","AMACOM, American Management Association,",2003,N/A,N/A, Health And Human Services Department,EBOOKS,https://libswu.on.worldcat.org/oclc/53153460
53893669,Implementing inquiry-based learning in nursing /,"Cleverly, Dankay,","Routledge,",2003,N/A,N/A, Health And Human Services Department,EBOOKS,https://libswu.on.worldcat.org/oclc/53893669
55084454,Building the bridge as you walk on it :a guide for leading change /,"Quinn, Robert E.,","Jossey-Bass,",2004,N/A,N/A, Health And Human Services Department,EBOOKS,https://libswu.on.worldcat.org/oclc/55084454
55084483,Flexible leadership :creating value by balancing multiple challenges and choices /,"Yukl, Gary A.,; Lepsinger, Richard,","Jossey-Bass,",2004,N/A,N/A, Health And Human Services Department,EBOOKS,https://libswu.on.worldcat.org/oclc/55084483
181819367,Environmental Health Perspectives.,National Institute of Environmental Health Sciences.,N/A,1972,N/A,0091-6765, Health And Human Services Department,EJOURNALS/EMAGAZINES,https://libswu.on.worldcat.org/oclc/181819367
222547537,Alcohol health and research world.,N/A,"[U.S. Dept. of Health, Education, and Welfare, Public Health Service, Alcohol, Drug Abuse, and Mental Health Administration]",1990,N/A,0090-838X, Health And Human Services Department,EJOURNALS/EMAGAZINES,https://libswu.on.worldcat.org/oclc/222547537
437299547,Medicines management in mental health care /,"Harris, Neil,Baker, John,Gray, Richard,","Wiley-Blackwell,",2009,N/A,N/A, Health And Human Services Department,EBOOKS,https://libswu.on.worldcat.org/oclc/437299547
441887021,ECGs for nurses /,"Jevon, Philip.","Wiley-Blackwell,",2009,N/A,N/A, Health And Human Services Department,EBOOKS,https://libswu.on.worldcat.org/oclc/441887021
555250575,Children today /,United States.United States.United States.,"The Bureau :For sale by the Supt. for Docs., U.S. G.P.O.,",1972,N/A,N/A, Health And Human Services Department,EJOURNALS/EMAGAZINES,https://libswu.on.worldcat.org/oclc/555250575
562295554,FDA consumer.,United States.,"[U.S. Dept. of Health, Education, and Welfare, Public Health Service, Food and Drug Administration] ;[Supt. of Docs., U.S. G.P.O., distributor],",1972,N/A,N/A, Health And Human Services Department,EJOURNALS/EMAGAZINES,https://libswu.on.worldcat.org/oclc/562295554
564752301,Aging /,United States.United States.United States.United States.United States.,"The Agency,",1951,N/A,N/A, Health And Human Services Department,EJOURNALS/EMAGAZINES,https://libswu.on.worldcat.org/oclc/564752301
595057654,Biological applications of liquid scintillation counting,"Kobayashi, Yutaka,; Maudsley, David V.,; Worcester Foundation for Experimental Biology.","Academic Press,",1974,N/A,N/A, Health And Human Services Department,EBOOKS,https://libswu.on.worldcat.org/oclc/595057654
650075121,Competencies for advanced nursing practice /,"Hinchliff, Susan M.Rogers, Rosemary,; Royal College of Nursing (Great Britain)","Hodder Arnold,",2008,N/A,N/A, Health And Human Services Department,EBOOKS,https://libswu.on.worldcat.org/oclc/650075121
703920422,Health care financing review.,United States.United States.United States.,"[Dept. of Health, Education, and Welfare, Health Care Financing Administration, Office of Research, Demonstrations, and Statistics],",1979,N/A,0195-8631, Health And Human Services Department,EJOURNALS/EMAGAZINES,https://libswu.on.worldcat.org/oclc/703920422
760167903,NIDA notes /,National Institute on Drug Abuse.United States.National Institutes of Health (U.S.),"U.S. Dept. of Health and Human Services, Public Health Service, Alcohol, Drug Abuse, and Mental Health Administration,",1985,N/A,N/A, Health And Human Services Department,EJOURNALS/EMAGAZINES,https://libswu.on.worldcat.org/oclc/760167903
810933970,Writers on organizations /,"Pugh, Derek S.; Hickson, David J.","Sage Publications,",2007,N/A,N/A, Health And Human Services Department,EBOOKS,https://libswu.on.worldcat.org/oclc/810933970
820120454,Current diagnosis & treatment :emergency medicine.,"Stone, C. Keith.Humphries, Roger L.Adkins, Brian.Allen, Thomas W.Armstrong, Zachary E.Ashfaq, Shah.Azadi, Kavon.Borys, Douglas J.Bowers, Rebecca C.Brantley, Jonathan C.Brown, Eric J.Burns, Boyd.Carter, Craig.Coleman, Royce.Colvin, Christopher.Coomes, Justin.Daniel, Kimrey J.Danzl, Daniel F.Davis, Elizabeth.Desai, Sameer.Dorroh, Colby.Drigalla, Dorian.Eckerline, Charles A.,Ewan, Bill.Fowler, S. Derrick.Fritz, David A.Gemmill, Jennifer.Goshorn, Eric C.Greenberg, Robert D.Hall, Gregory.Hart, Raymond G.Heidenreich, Joseph.Huecker, Martin R.Jaffe, Jon.Jones, Jonathon.Jones, Thomas R.Juergens, Andre","McGraw-Hill,",2011,N/A,N/A, Health And Human Services Department,EBOOKS,https://libswu.on.worldcat.org/oclc/820120454
855025023,The NLM technical bulletin.,National Library of Medicine (U.S.),"U.S. Dept. of Health and Human Services, Public Health Service, National Institutes of Health, National Library of Medicine",1977,N/A,N/A, Health And Human Services Department,EJOURNALS/EMAGAZINES,https://libswu.on.worldcat.org/oclc/855025023
1117178220,Diabetes dateline,National Diabetes Information Clearinghouse (U.S.),National Diabetes Information Clearinghouse (NDIC),1997,N/A,N/A, Health And Human Services Department,EJOURNALS/EMAGAZINES,https://libswu.on.worldcat.org/oclc/1117178220
1121412509,Emerging infectious diseases.,Centers for Disease Control and Prevention (U.S.)National Center for Infectious Diseases (U.S.),"Centers for Disease Control and Prevention (CDC),",1995,N/A,N/A, Health And Human Services Department,EJOURNALS/EMAGAZINES,https://libswu.on.worldcat.org/oclc/1121412509
35245295,Information and computation.,N/A,Academic Press,1987,N/A,1090-2651, Information Theory,EJOURNALS/EMAGAZINES,https://libswu.on.worldcat.org/oclc/35245295
44578848,IEEE transactions on information theory /,Institute of Electrical and Electronics Engineers.Institute of Electrical and Electronics Engineers.IEEE Information Theory Group.IEEE Information Theory Society.,[Institute of Electrical and Electronics Engineers],1963,N/A,1557-9654, Information Theory,EJOURNALS/EMAGAZINES,https://libswu.on.worldcat.org/oclc/44578848
47189959,Problems of information transmission.,N/A,Consultants BureauPleiades Publishing,1965,N/A,1608-3253, Information Theory,EJOURNALS/EMAGAZINES,https://libswu.on.worldcat.org/oclc/47189959
47881652,"Proceedings :1991 IEEE International Symposium on Information Theory, Budapest Convention Centre, Budapest, Hungary, June 24-28, 1991 /",IEEE International Symposium on Information Theory; IEEE Information Theory Society.,"Institute of Electrical and Electronics Engineers ;Additional copies available from IEEE Service Center,",1991,N/A,N/A, Information Theory,EBOOKS,https://libswu.on.worldcat.org/oclc/47881652
47883575,Proceedings of the Thirtieth Hawaii International Conference on System Sciences /,"Annual Hawaii International Conference on System Sciences; El-Rewini, Hesham.Patt, Yale N.Nunamaker, J. F.Sprague, Ralph H.; University of Hawaii.IEEE Computer Society.Association for Computing Machinery.","IEEE Computer Society Press,",1997,N/A,N/A, Information Theory,EBOOKS,https://libswu.on.worldcat.org/oclc/47883575
52185680,Transactions of the I.R.E. Professional Group on Information Theory.,Institute of Radio Engineers.,Institute of Radio Engineers,1953,N/A,2168-2704, Information Theory,EJOURNALS/EMAGAZINES,https://libswu.on.worldcat.org/oclc/52185680
53219359,"2003 IEEE Information Theory Workshop :proceedings : La Sorbonne, Paris, France, 31 March-4 April, 2003 /",Information Theory Workshop; IEEE Information Theory Society.,"IEEE,",2003,N/A,N/A, Information Theory,EBOOKS,https://libswu.on.worldcat.org/oclc/53219359
53283529,"Proceedings of the 35th Annual Hawaii International Conference on System Sciences :abstracts and CD-ROM of full papers : 7-10 January, 2001[sic], Big Island, Hawaii /","Annual Hawaii International Conference on System Sciences; Sprague, Ralph H.; IEEE Computer Society.","IEEE Computer Society Press,",2002,N/A,N/A, Information Theory,EBOOKS,https://libswu.on.worldcat.org/oclc/53283529
53296098,"2003 IEEE International Symposium on Information Theory :proceedings : Pacifico Yokohama, Yokohama, Japan, June 29-July 4, 2003 /",IEEE International Symposium on Information Theory; IEEE Information Theory Society.,"IEEE,",2003,N/A,N/A, Information Theory,EBOOKS,https://libswu.on.worldcat.org/oclc/53296098
54683741,"Proceedings of the 34th Annual Hawaii International Conference on System Sciences :abstracts and CD-ROM of full papers : January 3-6, 2001, Maui, Hawaii /","Annual Hawaii International Conference on System Sciences; Sprague, Ralph H.; IEEE Computer Society.","IEEE Computer Society Press,",2001,N/A,N/A, Information Theory,EBOOKS,https://libswu.on.worldcat.org/oclc/54683741
56936366,"Proceedings of the 37th Annual Hawaii International Conference on System Sciences :abstracts and CD-ROM of full papers : 5-8 January, 2004, Big Island, Hawaii /","Annual Hawaii International Conference on System Sciences; Sprague, Ralph H.; IEEE Computer Society.","IEEE Computer Society Press,",2004,N/A,N/A, Information Theory,EBOOKS,https://libswu.on.worldcat.org/oclc/56936366
57533181,"Proceedings of the 38th Annual Hawaii International Conference on System Sciences :abstracts and CD-ROM of full papers : 3-6 January, 2004, Big Island, Hawaii /","Annual Hawaii International Conference on System Sciences; Sprague, Ralph H.; IEEE Computer Society.","IEEE Computer Society Press,",2005,N/A,N/A, Information Theory,EBOOKS,https://libswu.on.worldcat.org/oclc/57533181
61363592,Introduction to information theory and data compression /,"Hankerson, Darrel R.; Harris, Greg A.Johnson, Peter D.","Chapman & Hall/CRC Press,",2003,N/A,N/A, Information Theory,EBOOKS,https://libswu.on.worldcat.org/oclc/61363592
156828638,"2007 10th Canadian Workshop On Information Theory :Edmonton, Alberta, Canada, June 6-8, 2007.",Canadian Workshop on Information Theory,"IEEE,",2007,N/A,N/A, Information Theory,EBOOKS,https://libswu.on.worldcat.org/oclc/156828638
162130143,Uncertain input data problems and the worst scenario method /,"Hlaváček, Ivan,; Chleboun, Jan.Babuška, Ivo.","Elsevier,",2004,N/A,N/A, Information Theory,EBOOKS,https://libswu.on.worldcat.org/oclc/162130143
316808061,"Proceedings of the Fourth International Conference on Semantics, Knowledge and Grid :December 3-5, 2008, Beijing, China.","International Conference on Semantics, Knowledge and Grid","IEEE Computer Society,",2008,N/A,N/A, Information Theory,EBOOKS,https://libswu.on.worldcat.org/oclc/316808061
440574082,"Proceedings 2008 3rd international conference on intelligent system and knowledge engineering :Nov. 17-19, 2008, Xiamen, China /","International Conference on Intelligent Systems and Knowledge Engineering; Li, Shaozi.Li, Tianrui.Ruan, Da.","IEEE Press,",2008,N/A,N/A, Information Theory,EBOOKS,https://libswu.on.worldcat.org/oclc/440574082
506264528,"2007 IEEE International Symposium on Information Theory :ISIT 2007 : proceedings : Acropolis Congress and Exhibition Center, Nice, France : 24th-29th June 2007 /",IEEE International Symposium on Information Theory; IEEE Information Theory Society.Institute of Electrical and Electronics Engineers.,"IEEE Xplore,",2008,N/A,N/A, Information Theory,EBOOKS,https://libswu.on.worldcat.org/oclc/506264528
681049261,Proceedings of the Thirty-First Hawaii International Conference on System Sciences /,Annual Hawaii International Conference on System Sciences; University of Hawaii.IEEE Computer Society.,"IEEE Computer Society Press,",1998,N/A,N/A, Information Theory,EBOOKS,https://libswu.on.worldcat.org/oclc/681049261
698543631,"CTRQ 2010 :the Third International Conference on Communication Theory, Reliability, and Quality of Service : proceedings : 13-19 June 2010 Athens/Glyfada, Greece /","International Conference on Communication Theory, Reliability, and Quality of Service; Borcoci, Eugen.Diaz, Michel,; International Conference on Models and Ontology-Based Design of Protocols, Architectures and Services","IEEE Computer Society,",2010,N/A,N/A, Information Theory,EBOOKS,https://libswu.on.worldcat.org/oclc/698543631
713369173,"ISITA-ISSSTA 2010 :2010 International Symposium on Information Theory and its Applications : Taichung, Taiwan, October 17-20, 2010 /",International Symposium on Information Theory and its Applications; Society of Information Theory and its Applications.,"IEEE,",2010,N/A,N/A, Information Theory,EBOOKS,https://libswu.on.worldcat.org/oclc/713369173
752607091,IRE transactions on information theory.,IRE Professional Group on Information Theory.,"Professional Group on Information, Institute of Radio Engineers,",1955,N/A,N/A, Information Theory,EJOURNALS/EMAGAZINES,https://libswu.on.worldcat.org/oclc/752607091
812616623,Proceedings Nineteen Ninety-Four IEEE International Symposium on Information Theory.,"IEEE, Information Theory Society Staff,; IEEE, Society Staff,",IEEE,1994,N/A,N/A, Information Theory,EBOOKS,https://libswu.on.worldcat.org/oclc/812616623
812616751,Proceedings 1995 IEEE International Symposium on Information Theory.,"IEEE, Information Theory Society Staff,; Institute of Electrical and Electronics Engineers, Inc. Staff,",IEEE,1995,N/A,N/A, Information Theory,EBOOKS,https://libswu.on.worldcat.org/oclc/812616751
812617223,Information Theory :2000 IEEE International Symposium On.,"IEEE, Information Theory Society Staff,; Institute of Electrical and Electronics Engineers, Inc. Staff,","I E E E,",2000,N/A,N/A, Information Theory,EBOOKS,https://libswu.on.worldcat.org/oclc/812617223
812624480,2010 IEEE International Symposium on Information Theory.,N/A,I E E E,2010,N/A,N/A, Information Theory,EBOOKS,https://libswu.on.worldcat.org/oclc/812624480
812629663,2006 IEEE International Symposium on Information Theory.,N/A,I E E E,2006,N/A,N/A, Information Theory,EBOOKS,https://libswu.on.worldcat.org/oclc/812629663
812632070,1998 IEEE International Symposium on Information Theory.,"IEEE, Information Theory Society Staff,; Institute of Electrical and Electronics Engineers, Inc. Staff,",IEEE,1998,N/A,N/A, Information Theory,EBOOKS,https://libswu.on.worldcat.org/oclc/812632070
812650356,2009 IEEE Information Theory Workshop on Networking and Information Theory.,N/A,I E E E,2009,N/A,N/A, Information Theory,EBOOKS,https://libswu.on.worldcat.org/oclc/812650356
812659536,2011 IEEE International Symposium on Information Theory Proceedings.,IEEE International Symposium on Information Theory; IEEE Information Theory Society.,"IEEE,",2011,N/A,N/A, Information Theory,EBOOKS,https://libswu.on.worldcat.org/oclc/812659536
853622845,"Wittgenstein and the philosophy of information :proceedings of the 30. International Ludwig Wittgenstein symposium, Kirchberg am Wechsel, Austria 2007.","International Wittgenstein Symposium; Pichler, Alois,Hrachovec, Herbert.; Österreichische Ludwig Wittgenstein Gesellschaft.","Ontos Verlag,",2008,N/A,N/A, Information Theory,EBOOKS,https://libswu.on.worldcat.org/oclc/853622845
860757794,"Proceedings of 2012 International Conference on Complex Systems (ICCS12) :[Agadir, Morocco, November 5-6, 2012] /","International Conference on Complex Systems; Essaaidi, Mohamed,Nemiche, Mohamed,; Institute of Electrical and Electronics Engineers.","IEEE,",2012,N/A,N/A, Information Theory,EBOOKS,https://libswu.on.worldcat.org/oclc/860757794
863087302,2013 IEEE International Symposium on Information Theory :ISIT 2013 /,"IEEE International Symposium on Information Theory; Institute of Electrical and Electronics Engineers,IEEE Information Theory Society,","IEEE,",2013,N/A,N/A, Information Theory,EBOOKS,https://libswu.on.worldcat.org/oclc/863087302
863087517,"2013 13th Canadian Workshop on Information Theory :... 18-21 June 2013 in Toronto, Canada.","Canadian Workshop on Information Theory; Institute of Electrical and Electronics Engineers,","[IEEE],",2013,N/A,N/A, Information Theory,EBOOKS,https://libswu.on.worldcat.org/oclc/863087517
869640767,Concepts and Recent Advances in Generalized Information Measures and Statistics.,"Kowalski, Andres M.","Bentham Science Publishers,",2013,N/A,N/A, Information Theory,EBOOKS,https://libswu.on.worldcat.org/oclc/869640767
881404735,"2013 Ninth International Conference on Semantics, Knowledge and Grids :SKG 2013 : proceedings : Beijing, China, 3-4 October 2013.","International Conference on Semantics, Knowledge and Grid; IEEE Computer Society,","Conference Publishing Services, IEEE Computer Society,",2013,N/A,N/A, Information Theory,EBOOKS,https://libswu.on.worldcat.org/oclc/881404735
893191469,2014 IEEE International Symposium on Information Theory /,"IEEE International Symposium on Information Theory; Institute of Electrical and Electronics Engineers,IEEE Information Theory Society,","IEEE,",2014,N/A,N/A, Information Theory,EBOOKS,https://libswu.on.worldcat.org/oclc/893191469
917876906,"SKG 2014 :2014 10th International Conference on Semantics, Knowledge and Grids : proceedings : 27-29 August 2014, Beijing, China /","International Conference on Semantics, Knowledge and Grid; Zhuge, Hai,Sun, Xiaoping,; IEEE Computer Society,","Conference Publishing Services, IEEE Computer Society,",2014,N/A,N/A, Information Theory,EBOOKS,https://libswu.on.worldcat.org/oclc/917876906
946568383,"2015 IEEE International Symposium on Information Theory (ISIT) :Hong Kong Convention and Exhibition Centre, Hong Kong, 14-19 June 2015 /","IEEE International Symposium on Information Theory; Institute of Electrical and Electronics Engineers,IEEE Information Theory Society,","IEEE,",2015,N/A,N/A, Information Theory,EBOOKS,https://libswu.on.worldcat.org/oclc/946568383
956653902,1988 IEEE International Symposium on Information Theory.,N/A,"IEEE,",1988,N/A,N/A, Information Theory,EBOOKS,https://libswu.on.worldcat.org/oclc/956653902
956657526,"SKG 2015 :2015 11th International Conference on Semantics, Knowledge and Grids : proceedings : 19-21 August 2015, Beijing, China.","International Conference on Semantics, Knowledge and Grid; IEEE Computer Society,Institute of Electrical and Electronics Engineers.","Conference Publishing Services, IEEE Computer Society,",2015,N/A,N/A, Information Theory,EBOOKS,https://libswu.on.worldcat.org/oclc/956657526
981111860,"ISITA 2016 :proceedings of 2016 International Symposium on Information Theory and Its Applications ((ISITA2016) : Hyatt Regency Monterey Hotel, Monterey, California, USA, October 30 - November 2, 2016.","International Symposium on Information Theory and its Applications; Denshi Jōhō Tsūshin Gakkai (Japan).Denshi Jōhō Tsūshin Gakkai (Japan).IEEE Information Theory Society,Denshi Jōhō Tsūshin Gakkai (Japan),Institute of Electrical and Electronics Engineers.","The Institute of Electronics, Information and Communication Engineers,",2016,N/A,N/A, Information Theory,EBOOKS,https://libswu.on.worldcat.org/oclc/981111860
990404925,2009 International Symposium on Information Science and Engineering.,"IEEE Staff,; IEEE Staff,",IEEE,2009,N/A,N/A, Information Theory,EBOOKS,https://libswu.on.worldcat.org/oclc/990404925
990468136,IEEE International Symposium on Information Theory 2002.,"IEEE, Information Theory Society Staff,",I E E E,2002,N/A,N/A, Information Theory,EBOOKS,https://libswu.on.worldcat.org/oclc/990468136
990539721,"2009 Second International Conference on Communication Theory, Reliability, and Quality of Service.","IEEE Staff,; IEEE Staff,",IEEE,2009,N/A,N/A, Information Theory,EBOOKS,https://libswu.on.worldcat.org/oclc/990539721
990732549,2012 Fourth International Symposium on Information Science and Engineering (ISISE).,"IEEE Electrical Insulation Society Staff,",IEEE,2012,N/A,N/A, Information Theory,EBOOKS,https://libswu.on.worldcat.org/oclc/990732549
1004753371,2017 15th Canadian Workshop on Information Theory (CWIT).,"Canadian Workshop on Information Theory; Institute of Electrical and Electronics Engineers,","IEEE,",2017,N/A,N/A, Information Theory,EBOOKS,https://libswu.on.worldcat.org/oclc/1004753371
1005845092,2017 IEEE International Symposium on Information Theory (ISIT) :25-30 June 2017.,"IEEE International Symposium on Information Theory; Institute of Electrical and Electronics Engineers,","IEEE,",2017,N/A,N/A, Information Theory,EBOOKS,https://libswu.on.worldcat.org/oclc/1005845092
1012453629,"SMAP 2017 :12th International Workshop on Semantic and Social Media Adaptation and Personalization : proceedings : July 9-10, 2017, Bratislava, Slovakia /","International Workshop on Semantic and Social Media Adaptation and Personalization; Bielikova, Maria,Simko, Marian,; IEEE Computational Intelligence Society,Slovenská technická univerzita (Bratislava, Slovakia).Institute of Electrical and Electronics Engineers,; UMAP (Conference)","IEEE,",2017,N/A,N/A, Information Theory,EBOOKS,https://libswu.on.worldcat.org/oclc/1012453629
1028646898,"Proceedings of the 2017 12th International Conference on Intelligent Systems and Knowledge Engineering (ISKE) :IEEE ISKE 2017 : November 24-26, 2017, NanJing, JiangSu, China /","International Conference on Intelligent Systems and Knowledge Engineering; Li, Tianrui,Martínez López, Luis,Li, Yun,; Institute of Electrical and Electronics Engineers,","IEEE,",2017,N/A,N/A, Information Theory,EBOOKS,https://libswu.on.worldcat.org/oclc/1028646898
1028655838,2017 IEEE Information Theory Workshop (ITW).,"Information Theory Workshop; Institute of Electrical and Electronics Engineers,","IEEE,",2017,N/A,N/A, Information Theory,EBOOKS,https://libswu.on.worldcat.org/oclc/1028655838
1039978635,"SKG 2017 :2017 13th International Conference on Semantics, Knowledge and Grids : proceedings : 14-15 August, 2017, Beijing, China /","International Conference on Semantics, Knowledge and Grid; Zhuge, Hai,Sun, Xiaoping,; IEEE Computer Society,Institute of Electrical and Electronics Engineers.","IEEE Computer Society, Conference Publishing Services,",2017,N/A,N/A, Information Theory,EBOOKS,https://libswu.on.worldcat.org/oclc/1039978635
1053698636,2018 IEEE International Symposium on Information Theory (ISIT) :17-22 June 2018.,"IEEE International Symposium on Information Theory; Institute of Electrical and Electronics Engineers,","IEEE,",2018,N/A,N/A, Information Theory,EBOOKS,https://libswu.on.worldcat.org/oclc/1053698636
1058064300,"2007 Information Theory and Applications Workshop :conference proceedings, University of California, San Diego, January 29, 2007-2 February 2007.",Information Theory and Applications Workshop; Information Theory and Applications Workshop.,"IEEE,",2007,N/A,N/A, Information Theory,EBOOKS,https://libswu.on.worldcat.org/oclc/1058064300
1066426557,2016 Information Theory and Applications Workshop (ITA).,"IEEE Staff,; IEEE.",IEEE,2016,N/A,N/A, Information Theory,EBOOKS,https://libswu.on.worldcat.org/oclc/1066426557
1086570583,2018 IEEE Information Theory Workshop (ITW).,"Information Theory Workshop; Zhongshan da xue (Guangzhou, China),Institute of Electrical and Electronics Engineers,","IEEE,",2018,N/A,N/A, Information Theory,EBOOKS,https://libswu.on.worldcat.org/oclc/1086570583
1086610937,IEEE journal on selected areas in information theory.,"IEEE Information Theory Society,","Institute of Electrical and Electronics Engineers, Inc.,",2020,N/A,2641-8770, Information Theory,EJOURNALS/EMAGAZINES,https://libswu.on.worldcat.org/oclc/1086610937
1104299333,"ISITA 2018, Singapore :proceedings of 2018 International Symposium on Information Theory and Its Applications (ISITA2018) : Grand Copthorne Waterfront, Singapore, October 28-31, 2018.","International Symposium on Information Theory and its Applications; Denshi Jōhō Tsūshin Gakkai (Japan).IEEE Information Theory Society,Denshi Jōhō Tsūshin Gakkai (Japan),","The Institute of Electronics, Information and Communication Engineers,",2018,N/A,N/A, Information Theory,EBOOKS,https://libswu.on.worldcat.org/oclc/1104299333
1108755819,"IWCIT 2019 :Iran Workshop on Communication and Information Theory : 24-25 April 2019, Sharif University of Technology, Tehran, Iran.","Iran Workshop on Communication and Information Theory; Dānishgāh-i Ṣanʻatī-i Sharīf,Institute of Electrical and Electronics Engineers.Institute of Electrical and Electronics Engineers,","IEEE,",2019,N/A,N/A, Information Theory,EBOOKS,https://libswu.on.worldcat.org/oclc/1108755819
1109191019,2013 Information Theory and Applications Workshop.,"Information Theory and Applications Workshop,; Information Theory and Applications Workshop.","IEEE,",2013,N/A,N/A, Information Theory,EBOOKS,https://libswu.on.worldcat.org/oclc/1109191019
1120168923,"2019 International Conference on Data Science and Communication (IconDSC) :Faculty of Engineering, CHRIST (Deemed to be University), Bangalore, 2019-03-01 to 2019-03-02.","International Conference on Data Science and Communication; Christ University (Bangalore, India).Institute of Electrical and Electronics Engineers,","IEEE,",2019,N/A,N/A, Information Theory,EBOOKS,https://libswu.on.worldcat.org/oclc/1120168923
1135649070,2019 14th International Workshop on Semantic and Social Media Adaptation and Personalization (SMAP).,"International Workshop on Semantic and Social Media Adaptation and Personalization; Cyprus University of Technology,Institute of Electrical and Electronics Engineers,","IEEE,",2019,N/A,N/A, Information Theory,EBOOKS,https://libswu.on.worldcat.org/oclc/1135649070
1155864611,2019 IEEE Information Theory Workshop (ITW).,"Information Theory Workshop; Institute of Electrical and Electronics Engineers,","IEEE,",2019,N/A,N/A, Information Theory,EBOOKS,https://libswu.on.worldcat.org/oclc/1155864611
1182823416,"2015 Iran Workshop on Communication and Information Theory :6-7 May 2015, Tehran, Iran /",Iran Workshop on Communication and Information Theory; Institute of Electrical and Electronics Engineers.,"Institute of Electrical and Electronics Engineers,",2015,N/A,N/A, Information Theory,EBOOKS,https://libswu.on.worldcat.org/oclc/1182823416
1200516488,"Proceedings of IEEE 14th International Conference on Intelligent Systems and Knowledge Engineering (ISKE 2019) :November 14-16, 2019, Dalian, China /","International Conference on Intelligent Systems and Knowledge Engineering; Zou, Li,; Liaoning shi fan da xue,Dalian hai shi da xue,Institute of Electrical and Electronics Engineers.Institute of Electrical and Electronics Engineers,","IEEE Press,",2019,N/A,N/A, Information Theory,EBOOKS,https://libswu.on.worldcat.org/oclc/1200516488
1200517981,"IWCIT 2020 :Iran Workshop on Communication and Information Theory : 26-28 May 2020, Sharif University of Technology, Tehran, Iran.","Iran Workshop on Communication and Information Theory; Dānishgāh-i Ṣanʻatī-i Sharīf,Institute of Electrical and Electronics Engineers.Institute of Electrical and Electronics Engineers,","IEEE,",2020,N/A,N/A, Information Theory,EBOOKS,https://libswu.on.worldcat.org/oclc/1200517981
1201221451,"2020 IEEE International Symposium on Information Theory :proceedings : July 21-26, 2020, Virtual, Los Angeles, California, USA /","IEEE International Symposium on Information Theory; IEEE Information Theory Society,Institute of Electrical and Electronics Engineers,","IEEE,",2020,N/A,N/A, Information Theory,EBOOKS,https://libswu.on.worldcat.org/oclc/1201221451
1224928909,2020 Information Theory and Applications Workshop (ITA).,"Information Theory and Applications Workshop; Institute of Electrical and Electronics Engineers,","IEEE,",2020,N/A,N/A, Information Theory,EBOOKS,https://libswu.on.worldcat.org/oclc/1224928909
1227308545,SMAP 2020 :15th International Workshop on Semantic and Social Media Adaptation & Personalization : papers.,"International Workshop on Semantic and Social Media Adaptation and Personalization; Ionio Panepistēmio,IEEE Computational Intelligence Society,Institute of Electrical and Electronics Engineers,","IEEE,",2020,N/A,N/A, Information Theory,EBOOKS,https://libswu.on.worldcat.org/oclc/1227308545
1243119555,"2019 15th International Conference on Semantics, Knowledge and Grids (SKG).",N/A,IEEE.,2019,N/A,N/A, Information Theory,EBOOKS,https://libswu.on.worldcat.org/oclc/1243119555
1244118169,"Graph structures for knowledge representation and reasoning :6th International Workshop, GKR 2020, Virtual Event, September 5, 2020, Revised selected papers /","GKR (Conference); Cochez, Michael,Croitoru, Madalina,Marquis, PierreRudolph, Sebastian","Springer,",2021,N/A,N/A, Information Theory,EBOOKS,https://libswu.on.worldcat.org/oclc/1244118169
1259084772,2016 IEEE International Symposium on Information Theory (ISIT) /,"Institute of Electrical and Electronics Engineers,","IEEE,",2016,N/A,N/A, Information Theory,EBOOKS,https://libswu.on.worldcat.org/oclc/1259084772
1259178924,2015 IEEE Information Theory Workshop (ITW) /,"Institute of Electrical and Electronics Engineers,","IEEE,",2015,N/A,N/A, Information Theory,EBOOKS,https://libswu.on.worldcat.org/oclc/1259178924
1259252636,"Information Optics (WIO), 2015 14th Workshop on /","Institute of Electrical and Electronics Engineers,","IEEE,",2015,N/A,N/A, Information Theory,EBOOKS,https://libswu.on.worldcat.org/oclc/1259252636
1266289225,"27th International Conference on Computer Theory and Applications :ICCTA 2017 : conference proceedings : 28-30 October 2017, Alexandria, Egypt.","International Conference on Computer Theory and Applications; Computer Scientific Society,Institute of Electrical and Electronics Engineers.Institute of Electrical and Electronics Engineers,","IEEE,",2017,N/A,N/A, Information Theory,EBOOKS,https://libswu.on.worldcat.org/oclc/1266289225
1266289785,"30th International Conference on Computer Theory and Applications :ICCTA 2020 : conference proceedings : 12-14 December 2020, Alexandria, Egypt.","International Conference on Computer Theory and Applications; Computer Scientific Society,Institute of Electrical and Electronics Engineers.Institute of Electrical and Electronics Engineers,","IEEE,",2020,N/A,N/A, Information Theory,EBOOKS,https://libswu.on.worldcat.org/oclc/1266289785
1268551632,"25th International Conference on Computer Theory and Applications :ICCTA 2015 : conference proceedings : 24-26 October 2015, Alexandria, Egypt.","International Conference on Computer Theory and Applications; Computer Scientific Society,Institute of Electrical and Electronics Engineers.Institute of Electrical and Electronics Engineers,","IEEE,",2015,N/A,N/A, Information Theory,EBOOKS,https://libswu.on.worldcat.org/oclc/1268551632
1268551722,"26th International Conference on Computer Theory and Applications :ICCTA 2016 : conference proceedings : 25-27 October 2016, Alexandria, Egypt.","International Conference on Computer Theory and Applications; Computer Scientific Society,Institute of Electrical and Electronics Engineers.Institute of Electrical and Electronics Engineers,","IEEE,",2016,N/A,N/A, Information Theory,EBOOKS,https://libswu.on.worldcat.org/oclc/1268551722
1272920331,"2021 IEEE International Symposium on Information Theory :proceedings : 12-20 July, 2021 virtual, Melbourne, Victoria, Australia /","IEEE International Symposium on Information Theory; Institute of Electrical and Electronics Engineers,IEEE Information Theory Society,","IEEE,",2021,N/A,N/A, Information Theory,EBOOKS,https://libswu.on.worldcat.org/oclc/1272920331
1272924982,"IWCIT 2021 :Iran Workshop on Communication and Information Theory : 19-20 May 2021, Sharif University of Technology, Tehran, Iran.","Iran Workshop on Communication and Information Theory; Dānishgāh-i Ṣanʻatī-i Sharīf,Institute of Electrical and Electronics Engineers,","IEEE,",2021,N/A,N/A, Information Theory,EBOOKS,https://libswu.on.worldcat.org/oclc/1272924982
1277313977,Mastering uncertainty in mechanical engineering /,"Pelz, Peter F.,Groche, Peter,Pfetsch, Marc E.,Schaeffner, Maximilian,","Springer,",2021,N/A,N/A, Information Theory,EBOOKS,https://libswu.on.worldcat.org/oclc/1277313977
1294170936,Information & media.,"Vilniaus Universitetas,","Vilnius University Press,",2021,N/A,2783-6207, Information Theory,EJOURNALS/EMAGAZINES,https://libswu.on.worldcat.org/oclc/1294170936
1303388358,Fundamentals of information theory and coding design /,"Togneri, Roberto.,; DeSilva, Christopher J. S.","Chapman & Hall/CRC,",2002,N/A,N/A, Information Theory,EBOOKS,https://libswu.on.worldcat.org/oclc/1303388358
1316132998,2008 Information Theory and Applications Workshop.,IEEE Staff; IEEE Staff,I E E E,2008,N/A,N/A, Information Theory,EBOOKS,https://libswu.on.worldcat.org/oclc/1316132998
1316484234,2012 Information Theory and Applications Workshop.,IEEE Staff; IEEE Staff,IEEE,2012,N/A,N/A, Information Theory,EBOOKS,https://libswu.on.worldcat.org/oclc/1316484234
1334882820,Dimensions of uncertainty in communication engineering  /,"Biglieri, Ezio.","Academic Press,",2022,N/A,N/A, Information Theory,EBOOKS,https://libswu.on.worldcat.org/oclc/1334882820
1363834265,2022 IEEE International Symposium on Information Theory (ISIT).,"IEEE International Symposium on Information Theory; Institute of Electrical and Electronics Engineers,IEEE Information Theory Society,","IEEE,",2022,N/A,N/A, Information Theory,EBOOKS,https://libswu.on.worldcat.org/oclc/1363834265
1368201477,"2022 IEEE 4th International Conference on Advanced Trends in Information Theory (ATIT) :conference proceedings : December 15-16, 2022, Kyiv, Ukraine /","IEEE International Conference on Advanced Trends in Information Theory; Institute of Electrical and Electronics Engineers,Institute of Electrical and Electronics Engineers,","IEEE,",2022,N/A,N/A, Information Theory,EBOOKS,https://libswu.on.worldcat.org/oclc/1368201477
1373856987,SMAP 2022 :  17th International Workshop on Semantic and Social Media Adaptation & Personalization /,"International Workshop on Semantic and Social Media Adaptation and Personalization; Mylonas, Phivos,Kermanidou, Katia-Lida,; IEEE Computational Intelligence Society,Institute of Electrical and Electronics Engineers,","IEEE,",2022,N/A,N/A, Information Theory,EBOOKS,https://libswu.on.worldcat.org/oclc/1373856987
1375648868,Objective information theory /,"Xu, Jianfeng,; Wang, Shuliang,Liu, Zhenyu,Wang, Yashi,Wang, Yingfei,Dang, Yingxu,","Springer Nature Singapore Pte Ltd,",2023,N/A,N/A, Information Theory,EBOOKS,https://libswu.on.worldcat.org/oclc/1375648868
1377682559,2021 IEEE 3rd International Conference on Advanced Trends in Information Theory (ATIT) /,"Institute of Electrical and Electronics Engineers,","Institute of Electrical and Electronics Engineers,",2021,N/A,N/A, Information Theory,EBOOKS,https://libswu.on.worldcat.org/oclc/1377682559
1377821046,"2022 IEEE Information Theory Workshop (ITW) :November 1-9, 2022 in Mumbai India /","Information Theory Workshop; Institute of Electrical and Electronics Engineers,IEEE Information Theory Society,","IEEE,",2022,N/A,N/A, Information Theory,EBOOKS,https://libswu.on.worldcat.org/oclc/1377821046
1377823779,"2018 28th International Conference on Computer Theory and Applications (ICCTA) :ICCTA 2018 : proceedings : 30 October - 1 November 2018, Alexandria, Egypt /","Institute of Electrical and Electronics Engineers,","IEEE,",2018,N/A,N/A, Information Theory,EBOOKS,https://libswu.on.worldcat.org/oclc/1377823779
1396077065,2023 IEEE International Symposium on Information Theory (ISIT).,N/A,IEEE,2023,N/A,N/A, Information Theory,EBOOKS,https://libswu.on.worldcat.org/oclc/1396077065
1396874172,1765-2022 - IEEE Recommended Practice for Estimating the Uncertainty in Error Vector Magnitude of Measured Digitally Modulated Signals for Wireless Communications.,N/A,IEEE.,2022,N/A,N/A, Information Theory,EBOOKS,https://libswu.on.worldcat.org/oclc/1396874172
1411312986,"Proceedings 2022 6th International Conference on Business and Information Management (ICBIM 2022) :26-28 August 2022, Guangzhou, China.","Institute of Electrical and Electronics Engineers; IEEE Computer Society,","IEEE Computer Society Conference Publishing Services,",2022,N/A,N/A, Information Theory,EBOOKS,https://libswu.on.worldcat.org/oclc/1411312986
1411315020,2023 North American Power Symposium (NAPS) /,"Institute of Electrical and Electronics Engineers,",IEEE.,2023,N/A,N/A, Information Theory,EBOOKS,https://libswu.on.worldcat.org/oclc/1411315020
1434172883,2013 12th Workshop on Information Optics (WIO) /,"Institute of Electrical and Electronics Engineers,","IEEE,",2013,N/A,N/A, Information Theory,EBOOKS,https://libswu.on.worldcat.org/oclc/1434172883
1435762812,"Proceedings :International Symposium on Information Theory, 2005 : ISIT 2005 /","IEEE Information Theory Society,","IEEE,",2005,N/A,N/A, Information Theory,EBOOKS,https://libswu.on.worldcat.org/oclc/1435762812
1435763423,"Proceedings of 2020 International Symposium on Information Theory and its Applications (ISITA2020) :: Kapolei, Hawai'i, USA, October 24-27, 2020 /","Institute of Electrical and Electronics Engineers,","IEEE,",2020,N/A,N/A, Information Theory,EBOOKS,https://libswu.on.worldcat.org/oclc/1435763423
1435764959,"2015 10th International Workshop on Semantic and Social Media Adaptation and Personalization :SMAP 2015 : proceedings : November 5-6,2015, Trento, Italy /","International Workshop on Semantic and Social Media Adaptation and Personalization,","IEEE,",2015,N/A,N/A, Information Theory,EBOOKS,https://libswu.on.worldcat.org/oclc/1435764959
1438989845,2024 18th International Conference on Ubiquitous Information Management and Communication (IMCOM) /,"Institute of Electrical and Electronics Engineers (IEEE),",IEEE.,2024,N/A,N/A, Information Theory,EBOOKS,https://libswu.on.worldcat.org/oclc/1438989845
1439604539,"Information Theory (CWIT), 2015 IEEE 14th Canadian Workshop on /","Institute of Electrical and Electronics Engineers,","IEEE,",2015,N/A,N/A, Information Theory,EBOOKS,https://libswu.on.worldcat.org/oclc/1439604539
1439605061,"Information Theory and its Applications (ISITA), 2014 International Symposium on /","Institute of Electrical and Electronics Engineers,","IEEE,",2014,N/A,N/A, Information Theory,EBOOKS,https://libswu.on.worldcat.org/oclc/1439605061
1439607324,2019 IEEE International Symposium on Information Theory (ISIT) /,"Institute of Electrical and Electronics Engineers,","IEEE,",2019,N/A,N/A, Information Theory,EBOOKS,https://libswu.on.worldcat.org/oclc/1439607324
1456754019,Uncertainty in computational intelligence-based decision making /,"Ahmadian, Ali,","Academic Press,",2025,N/A,N/A, Information Theory,EBOOKS,https://libswu.on.worldcat.org/oclc/1456754019
1490992847,"Knowledge cartography for young thinkers :sustainability issues, mapping techniques and AI tools /","Okada, Alexandra,","Springer,",2025,N/A,N/A, Information Theory,EBOOKS,https://libswu.on.worldcat.org/oclc/1490992847
1499173012,2024 19th International Workshop on Semantic and Social Media Adaptation & Personalization :SMAP 2024,"Institute of Electrical and Electronics Engineers,","IEEE,",2024,N/A,N/A, Information Theory,EBOOKS,https://libswu.on.worldcat.org/oclc/1499173012
1505883006,1847.1-2024 - IEEE Recommended Practice for Location Accuracy User Acceptance Testing of Location Services for Healthcare /,"Institute of Electrical and Electronics Engineers,","IEEE,",2025,N/A,N/A, Information Theory,EBOOKS,https://libswu.on.worldcat.org/oclc/1505883006
1515467283,2023 Seminar on Information Systems Theory and Practice (ISTP) /,"Institute of Electrical and Electronics Engineers (IEEE),",IEEE.,2023,N/A,N/A, Information Theory,EBOOKS,https://libswu.on.worldcat.org/oclc/1515467283
1524509142,2024 IEEE International Symposium on Information Theory,"Institute of Electrical and Electronics Engineers,","IEEE,",2024,N/A,N/A, Information Theory,EBOOKS,https://libswu.on.worldcat.org/oclc/1524509142
1531615867,2025 13th Iran Workshop on Communication and Information Theory (IWCIT),"Institute of Electrical and Electronics Engineers,","IEEE,",2025,N/A,N/A, Information Theory,EBOOKS,https://libswu.on.worldcat.org/oclc/1531615867
1550791097,IEEE ISIT 2025 :2025 IEEE International Symposium on Information Theory Symposium Proceedings,"Institute of Electrical and Electronics Engineers,","IEEE,",2025,N/A,N/A, Information Theory,EBOOKS,https://libswu.on.worldcat.org/oclc/1550791097
1567029270,2025 20th International Workshop on Semantic and Social Media Adaptation and Personalization :SMAP 2025,"Institute of Electrical and Electronics Engineers,","IEEE,",2025,N/A,N/A, Information Theory,EBOOKS,https://libswu.on.worldcat.org/oclc/1567029270
52985622,Reporting for journalists /,"Frost, Chris,","Routledge,",2003,N/A,N/A, Journalism-Practical Journalism - Study & Teaching,EBOOKS,https://libswu.on.worldcat.org/oclc/52985622
60620688,Journalism & mass communication educator.,"Association for Education in Journalism and Mass Communication,Association of Schools of Journalism and Mass Communication,",Association for Education in Journalism and Mass Communication in cooperation with the Association of Schools of Journalism and Mass CommunicationSAGE,1995,N/A,2161-4326, Journalism-Practical Journalism - Study & Teaching,EJOURNALS/EMAGAZINES,https://libswu.on.worldcat.org/oclc/60620688
60624065,World broadcast engineering.,N/A,Intertec,2000,N/A,N/A, Journalism-Practical Journalism - Study & Teaching,EJOURNALS/EMAGAZINES,https://libswu.on.worldcat.org/oclc/60624065
65519626,Electronic news.,Association for Education in Journalism and Mass Communication.,"Lawrence Erlbaum Associates,Taylor & FrancisSage",2007,N/A,1931-244X, Journalism-Practical Journalism - Study & Teaching,EJOURNALS/EMAGAZINES,https://libswu.on.worldcat.org/oclc/65519626
70774156,War and the media :reporting conflict 24/7 /,"Thussu, Daya Kishan.Freedman, Des,","Sage,",2003,N/A,N/A, Journalism-Practical Journalism - Study & Teaching,EBOOKS,https://libswu.on.worldcat.org/oclc/70774156
276948468,"Communication, journalism education today.",Journalism Education Association (U.S.),"Journalism Education Association Inc.,",1998,N/A,N/A, Journalism-Practical Journalism - Study & Teaching,EJOURNALS/EMAGAZINES,https://libswu.on.worldcat.org/oclc/276948468
290527745,News writing /,"McKane, Anna.","SAGE Publications,",2006,N/A,N/A, Journalism-Practical Journalism - Study & Teaching,EBOOKS,https://libswu.on.worldcat.org/oclc/290527745
290535054,Newspaper journalism :a practical introduction /,"Pape, Susan.; Featherstone, Sue.","SAGE,",2005,N/A,N/A, Journalism-Practical Journalism - Study & Teaching,EBOOKS,https://libswu.on.worldcat.org/oclc/290535054
290535117,Feature writing :a practical introduction /,"Pape, Susan.; Featherstone, Sue.","SAGE Publications,",2006,N/A,N/A, Journalism-Practical Journalism - Study & Teaching,EBOOKS,https://libswu.on.worldcat.org/oclc/290535117
290537251,Sports journalism :context and issues /,"Boyle, Raymond,","SAGE,",2006,N/A,N/A, Journalism-Practical Journalism - Study & Teaching,EBOOKS,https://libswu.on.worldcat.org/oclc/290537251
294908556,News as entertainment :the rise of global infotainment /,"Thussu, Daya Kishan.","Sage,",2007,N/A,N/A, Journalism-Practical Journalism - Study & Teaching,EBOOKS,https://libswu.on.worldcat.org/oclc/294908556
297537900,Journalists under fire :information war and journalistic practices /,"Tumber, Howard.; Webster, Frank.","SAGE,",2006,N/A,N/A, Journalism-Practical Journalism - Study & Teaching,EBOOKS,https://libswu.on.worldcat.org/oclc/297537900
298329091,"Good writing for journalists :narrative, style, structure /","Phillips, Angela.","SAGE Publications,",2007,N/A,N/A, Journalism-Practical Journalism - Study & Teaching,EBOOKS,https://libswu.on.worldcat.org/oclc/298329091
605325082,Understanding global news :a critical introduction /,"Ginneken, Jaap van,","Sage,",1998,N/A,N/A, Journalism-Practical Journalism - Study & Teaching,EBOOKS,https://libswu.on.worldcat.org/oclc/605325082
606550549,News and news sources :a critical introduction /,"Manning, Paul,","Sage Publications,",2001,N/A,N/A, Journalism-Practical Journalism - Study & Teaching,EBOOKS,https://libswu.on.worldcat.org/oclc/606550549
607867179,Practical journalism :how to write news /,"Sissons, Helen.","SAGE Publications,",2006,N/A,N/A, Journalism-Practical Journalism - Study & Teaching,EBOOKS,https://libswu.on.worldcat.org/oclc/607867179
638860686,Radio journalism /,"Starkey, Guy.; Crisell, Andrew.","Sage Publications,",2009,N/A,N/A, Journalism-Practical Journalism - Study & Teaching,EBOOKS,https://libswu.on.worldcat.org/oclc/638860686
650081258,Alternative journalism /,"Atton, Chris.; Hamilton, James Frederick,","Sage,",2008,N/A,N/A, Journalism-Practical Journalism - Study & Teaching,EBOOKS,https://libswu.on.worldcat.org/oclc/650081258
748997745,IRE Journal.,N/A,"University of Missouri Press,",1996,N/A,0164-7016, Journalism-Practical Journalism - Study & Teaching,EJOURNALS/EMAGAZINES,https://libswu.on.worldcat.org/oclc/748997745
760287026,Newspaper journalism /,"Cole, Peter.; Harcup, Tony.","SAGE,",2010,N/A,N/A, Journalism-Practical Journalism - Study & Teaching,EBOOKS,https://libswu.on.worldcat.org/oclc/760287026
782129920,Interactive week.,N/A,Ziff-Davis.,1900,N/A,1078-7259, Journalism-Practical Journalism - Study & Teaching,EJOURNALS/EMAGAZINES,https://libswu.on.worldcat.org/oclc/782129920
787906506,Practical newspaper reporting /,"Spark, David.; Harris, Geoffrey.","SAGE,",2011,N/A,N/A, Journalism-Practical Journalism - Study & Teaching,EBOOKS,https://libswu.on.worldcat.org/oclc/787906506
797818089,Television journalism /,"Cushion, Stephen.","SAGE,",2012,N/A,N/A, Journalism-Practical Journalism - Study & Teaching,EBOOKS,https://libswu.on.worldcat.org/oclc/797818089
802052833,The handbook of global online journalism /,"Siapera, Eugenia.Veglis, Andreas.","Wiley-Blackwell,",2012,N/A,N/A, Journalism-Practical Journalism - Study & Teaching,EBOOKS,https://libswu.on.worldcat.org/oclc/802052833
808344285,Broadcast news producing /,"Schultz, Brad,","Sage,",2005,N/A,N/A, Journalism-Practical Journalism - Study & Teaching,EBOOKS,https://libswu.on.worldcat.org/oclc/808344285
808381420,"The pen and the sword :press, war, and terror in the 21st century /","Exoo, Calvin F.","SAGE,",2010,N/A,N/A, Journalism-Practical Journalism - Study & Teaching,EBOOKS,https://libswu.on.worldcat.org/oclc/808381420
811403208,News coverage of violence against women :engendering blame /,"Meyers, Marian,","Sage Publications,",1997,N/A,N/A, Journalism-Practical Journalism - Study & Teaching,EBOOKS,https://libswu.on.worldcat.org/oclc/811403208
870647325,Digital journalism /,"Jones, Janet,; Salter, Lee.","SAGE,",2012,N/A,N/A, Journalism-Practical Journalism - Study & Teaching,EBOOKS,https://libswu.on.worldcat.org/oclc/870647325
871646144,Foundations of community journalism /,"Reader, Bill,Hatcher, John A.","SAGE,",2012,N/A,N/A, Journalism-Practical Journalism - Study & Teaching,EBOOKS,https://libswu.on.worldcat.org/oclc/871646144
875379202,"New media, old news :journalism and democracy in the digital age /","Fenton, Natalie.","SAGE,",2010,N/A,N/A, Journalism-Practical Journalism - Study & Teaching,EBOOKS,https://libswu.on.worldcat.org/oclc/875379202
945740347,Die chimare einer globalen offentlichkeit e-book.,Dirk-Claas Ulrich.,"Transcript-Verlag,",2015,N/A,N/A, Journalism-Practical Journalism - Study & Teaching,EBOOKS,https://libswu.on.worldcat.org/oclc/945740347
953852152,Managing today's news media :audience first /,"Husni, Samir,; Wenger, Debora Halpern,Price, Hank,","CQ Press ;SAGE,",2016,N/A,N/A, Journalism-Practical Journalism - Study & Teaching,EBOOKS,https://libswu.on.worldcat.org/oclc/953852152
966359171,Constructions of Cultural Identities in Newsreel Cinema and Television after 1945.,"Imesch, Kornelia.","transcript Verlag,",2016,N/A,N/A, Journalism-Practical Journalism - Study & Teaching,EBOOKS,https://libswu.on.worldcat.org/oclc/966359171
972637164,IEE Colloquium on Capturing the Action :Changes in Newsgathering Technology.,N/A,"IET,",1995,N/A,N/A, Journalism-Practical Journalism - Study & Teaching,EBOOKS,https://libswu.on.worldcat.org/oclc/972637164
1024251747,Responsible drone journalism /,"Gynnild, Astrid,Uskali, Turo,","Routledge, Taylor and Francis Group,",2018,N/A,N/A, Journalism-Practical Journalism - Study & Teaching,EBOOKS,https://libswu.on.worldcat.org/oclc/1024251747
1028048922,"From media hype to Twitter storm :news explosions and their impact on issues, crises and public opinion /","Vasterman, P.,","Amsterdam University Press,",2018,N/A,N/A, Journalism-Practical Journalism - Study & Teaching,EBOOKS,https://libswu.on.worldcat.org/oclc/1028048922
1053990282,"Reality lost :markets of attention, misinformation and manipulation /","Hendricks, Vincent F.,; Vestergaard, Mads,","Springer Open,",2019,N/A,N/A, Journalism-Practical Journalism - Study & Teaching,EBOOKS,https://libswu.on.worldcat.org/oclc/1053990282
1056457916,Extra!,Fairness & Accuracy in Reporting (Organization),"FAIR,",1987,N/A,0895-2310, Journalism-Practical Journalism - Study & Teaching,EJOURNALS/EMAGAZINES,https://libswu.on.worldcat.org/oclc/1056457916
1059083628,Sports journalism :a practical introduction /,"Andrews, Phil,","Sage,",2014,N/A,N/A, Journalism-Practical Journalism - Study & Teaching,EBOOKS,https://libswu.on.worldcat.org/oclc/1059083628
1088907285,"Tech giants, artificial intelligence, and the future of journalism /","Whittaker, Jason,","Routledge,",2019,N/A,N/A, Journalism-Practical Journalism - Study & Teaching,EBOOKS,https://libswu.on.worldcat.org/oclc/1088907285
1097268396,The war correspondent /,"McLaughlin, Greg,","Pluto Press,",2016,N/A,N/A, Journalism-Practical Journalism - Study & Teaching,EBOOKS,https://libswu.on.worldcat.org/oclc/1097268396
1111776867,"Crisis reporters, emotions, and technology :an ethnography /","Kotišová, Johana,","Palgrave Macmillan,",2019,N/A,N/A, Journalism-Practical Journalism - Study & Teaching,EBOOKS,https://libswu.on.worldcat.org/oclc/1111776867
1116950719,Editor & publisher,N/A,"Editor and Publisher Co.,",1994,N/A,0013-094X, Journalism-Practical Journalism - Study & Teaching,EJOURNALS/EMAGAZINES,https://libswu.on.worldcat.org/oclc/1116950719
1117085925,Circulation management,N/A,[Aster Pub. Corp.],2002,N/A,0888-8191, Journalism-Practical Journalism - Study & Teaching,EJOURNALS/EMAGAZINES,https://libswu.on.worldcat.org/oclc/1117085925
1117177946,Electronic media,Crain Communications Inc.,"[Crain Communications Inc.],",1996,N/A,0745-0311, Journalism-Practical Journalism - Study & Teaching,EJOURNALS/EMAGAZINES,https://libswu.on.worldcat.org/oclc/1117177946
1117858474,"Tech giants, artificial intelligence, and the future of journalism /","Whittaker, Jason,","Routledge, Taylor & Francis Group,",2019,N/A,N/A, Journalism-Practical Journalism - Study & Teaching,EBOOKS,https://libswu.on.worldcat.org/oclc/1117858474
1121158734,Journalism4.0 @ Stellenbosch :Journalism Department's forty years /,"Rabe, Lizette,","Sun Press,",2018,N/A,N/A, Journalism-Practical Journalism - Study & Teaching,EBOOKS,https://libswu.on.worldcat.org/oclc/1121158734
1127567718,Myth of 'free media' and fake news in the post-truth era /,"Seneviratne, Kalinga,","Sage,",2020,N/A,N/A, Journalism-Practical Journalism - Study & Teaching,EBOOKS,https://libswu.on.worldcat.org/oclc/1127567718
1135912995,"Immersive journalism as storytelling :ethics, production and design /","Uskali, Turo,Gynnild, Astrid,Jones, Sarah,Sirkkunen, Esa,","Routledge,",2020,N/A,N/A, Journalism-Practical Journalism - Study & Teaching,EBOOKS,https://libswu.on.worldcat.org/oclc/1135912995
1182800365,What is digital journalism studies? /,"Steensen, Steen,; Westlund, Oscar,","Routledge,",2020,N/A,N/A, Journalism-Practical Journalism - Study & Teaching,EBOOKS,https://libswu.on.worldcat.org/oclc/1182800365
1190776788,"The psychology of fake news :accepting, sharing, and correcting misinformation /","Greifeneder, Rainer,Jaffé, Mariela E.,Newman, Eryn J.,Schwarz, Norbert,","Routledge, Taylor & Francis Group,",2021,N/A,N/A, Journalism-Practical Journalism - Study & Teaching,EBOOKS,https://libswu.on.worldcat.org/oclc/1190776788
1224019459,Dynamics of media editing /,"Filak, Vincent F.,","CQ Press, an imprint of SAGE Publications, Inc.,",2020,N/A,N/A, Journalism-Practical Journalism - Study & Teaching,EBOOKS,https://libswu.on.worldcat.org/oclc/1224019459
1229397064,Raleigh Letter.,N/A,Great Neck Publishing,2017,N/A,N/A, Journalism-Practical Journalism - Study & Teaching,EBOOKS,https://libswu.on.worldcat.org/oclc/1229397064
1229568314,The Psychology of Fake News.,"Greifeneder, Rainer.",Routledge,2020,N/A,N/A, Journalism-Practical Journalism - Study & Teaching,EBOOKS,https://libswu.on.worldcat.org/oclc/1229568314
1230560702,Feature writing and reporting :journalism in the digital age /,"Cox, Jennifer B.,","SAGE,",2021,N/A,N/A, Journalism-Practical Journalism - Study & Teaching,EBOOKS,https://libswu.on.worldcat.org/oclc/1230560702
1237870962,"Postfaktisches Erzählen? :Post-Truth, Fake News, Narration /","Weixler, Antonius,Chihaia, Matei,Martínez, Matías,Rennhak, Katharina,Scheffel, Michael,Sommer, Roy,","Walter de Gruyter,",2021,N/A,N/A, Journalism-Practical Journalism - Study & Teaching,EBOOKS,https://libswu.on.worldcat.org/oclc/1237870962
1245956970,Climate change and journalism :negotiating rifts of time /,"Bødker, Henrik,Morris, Hanna E.,","Routledge, Taylor & Francis Group,",2022,N/A,N/A, Journalism-Practical Journalism - Study & Teaching,EBOOKS,https://libswu.on.worldcat.org/oclc/1245956970
1246726294,The data journalism handbooktowards a critical data practice /,"Bounegru, Liliana,Gray, Jonathan,","Amsterdam University Press,",2021,N/A,N/A, Journalism-Practical Journalism - Study & Teaching,EBOOKS,https://libswu.on.worldcat.org/oclc/1246726294
1247939633,Fashion media and sustainability :encouraging ethical consumption via journalism and influencers /,"Denisova, Anastasia,","University of Westminster Press,",2021,N/A,N/A, Journalism-Practical Journalism - Study & Teaching,EBOOKS,https://libswu.on.worldcat.org/oclc/1247939633
1253573110,What Do We Know and What Should We Do About Fake News? /,"Anstead, Nick,","SAGE Publications Ltd,",2021,N/A,N/A, Journalism-Practical Journalism - Study & Teaching,EBOOKS,https://libswu.on.worldcat.org/oclc/1253573110
1266912443,The Politics of Social Media Manipulation /,"Colombo, Gabriele,De Gaetano, Carlo,Groen, Maarten,Hagen, Sal,Jokubauskaitė, Emilija,Niederer, Sabine,Niederer, Sabine,Peeters, Stijn,Rogers, Richard,Rogers, Richard,Torres, Guillén,Tuters, Marc,","Amsterdam University Press,",2021,N/A,N/A, Journalism-Practical Journalism - Study & Teaching,EBOOKS,https://libswu.on.worldcat.org/oclc/1266912443
1268412800,Climate change and journalism :negotiating rifts of time /,"Bødker, Henrik,Morris, Hanna E.,","Routledge,",2021,N/A,N/A, Journalism-Practical Journalism - Study & Teaching,EBOOKS,https://libswu.on.worldcat.org/oclc/1268412800
1284935082,Mobile and social media journalism :a practical guide /,"Adornato, Anthony,","CQ Press,",2018,N/A,N/A, Journalism-Practical Journalism - Study & Teaching,EBOOKS,https://libswu.on.worldcat.org/oclc/1284935082
1308952745,Gegen die Öffentlichkeit :Alternative Nachrichtenmedien im deutschsprachigen Raum /,"Schwaiger, Lisa,","Transcript Verlag,",2022,N/A,N/A, Journalism-Practical Journalism - Study & Teaching,EBOOKS,https://libswu.on.worldcat.org/oclc/1308952745
1324241760,Creating chaos online :disinformation and subverted post-publics /,"Zelenkauskaite, Asta,; Michigan Publishing (University of Michigan),","University of Michigan Press,",2022,N/A,N/A, Journalism-Practical Journalism - Study & Teaching,EBOOKS,https://libswu.on.worldcat.org/oclc/1324241760
1331301705,"Bias, belief, and conviction in an age of fake facts /","Finger, Anke K.Wagner, Manuela","Routledge,",2023,N/A,N/A, Journalism-Practical Journalism - Study & Teaching,EBOOKS,https://libswu.on.worldcat.org/oclc/1331301705
1348483047,›Fake News‹ in Literatur und Medien :Fakten und Fiktionen im interdisziplinären Diskurs. /,N/A,"transcript,",2022,N/A,N/A, Journalism-Practical Journalism - Study & Teaching,EBOOKS,https://libswu.on.worldcat.org/oclc/1348483047
1356276624,Making humanitarian crises :emotions and images in history /,"Edgar, Brenda Lynn,Gorin, Valérie,Martín-Moruno, Dolores,","Palgrave Macmillan,",2022,N/A,N/A, Journalism-Practical Journalism - Study & Teaching,EBOOKS,https://libswu.on.worldcat.org/oclc/1356276624
1356978765,Handbuch Zeitschriftenforschung /,"Scheiding, Oliver,Fazli, Sabina,","Transcript Verlag :transcript Verlag,",2023,N/A,N/A, Journalism-Practical Journalism - Study & Teaching,EBOOKS,https://libswu.on.worldcat.org/oclc/1356978765
1358756233,Humanitarian journalists :covering crises from a boundary zone /,"Scott, Martin,; Wright, Kate,Bunce, Melanie,","Routledge,",2023,N/A,N/A, Journalism-Practical Journalism - Study & Teaching,EBOOKS,https://libswu.on.worldcat.org/oclc/1358756233
1365629854,"Optimising emotions, incubating falsehoods :how to protect the global civic body from disinformation and misinformation /","Bakir, Vian,; McStay, Andrew,","Palgrave Macmillan,",2022,N/A,N/A, Journalism-Practical Journalism - Study & Teaching,EBOOKS,https://libswu.on.worldcat.org/oclc/1365629854
1368053035,"Mit Daten sprechen :Praktiken, Expertisen und Visualisierungsmodi im Datenjournalismus /","Estermann, Rahel,","transcript Verlag,",2023,N/A,N/A, Journalism-Practical Journalism - Study & Teaching,EBOOKS,https://libswu.on.worldcat.org/oclc/1368053035
1397573599,Information disorder :learning to recognize fake news /,"Biondo, Francesco,La Rocca, Gevisa,Trapani, Viviana,","Peter Lang,",2022,N/A,N/A, Journalism-Practical Journalism - Study & Teaching,EBOOKS,https://libswu.on.worldcat.org/oclc/1397573599
1399424918,Speak up! - zum Umgang mit Fake News und Hate Speech :Ostbelgische Zivilgesellschaft und internationale Wissenschaft im Austausch /,"Kirschner, Sabrina,Lask, Tomke,","Transcript Verlag,",2023,N/A,N/A, Journalism-Practical Journalism - Study & Teaching,EBOOKS,https://libswu.on.worldcat.org/oclc/1399424918
1406829195,GENERALISIERTES VERTRAUEN IN AUTOMATISIERTEN JOURNALISMUS  :bedeutung und einflussfaktoren... auf das vertrauen deutscher leser*innen.,"KORNER, THERESA.","SPRINGER VS,",2024,N/A,N/A, Journalism-Practical Journalism - Study & Teaching,EBOOKS,https://libswu.on.worldcat.org/oclc/1406829195
1413478074,Hybrid investigative journalism /,"Konow-Lund, Maria,Park, Michelle,Bebawi, Saba,","Palgrave Macmillan,",2024,N/A,N/A, Journalism-Practical Journalism - Study & Teaching,EBOOKS,https://libswu.on.worldcat.org/oclc/1413478074
1423777654,"Periodismo, ciudadanía y política en el escenario digital /","Míguez González, María Isabel,Dafonte-Gómez, Alberto,","Dykinson, S.L.,",2023,N/A,N/A, Journalism-Practical Journalism - Study & Teaching,EBOOKS,https://libswu.on.worldcat.org/oclc/1423777654
1424745926,"Historical Media Memories of the Rwandan Genocide  :Documentaries, Films, and Television News.","Gustafsson, Tommy.","Edinburgh University Press,",2024,N/A,N/A, Journalism-Practical Journalism - Study & Teaching,EBOOKS,https://libswu.on.worldcat.org/oclc/1424745926
1458443834,"Organizing for independencesecessionist protest, organizational change, and the referendum crisis in Catalonia /","Gunzelmann, Hans,","Amsterdam University Press,",2024,N/A,N/A, Journalism-Practical Journalism - Study & Teaching,EBOOKS,https://libswu.on.worldcat.org/oclc/1458443834
1458653198,"Terrorism news beat :professionalism, profit, and the press /","Hoffman, Aaron M.,; Michigan Publishing (University of Michigan),","University of Michigan Press,",2025,N/A,N/A, Journalism-Practical Journalism - Study & Teaching,EBOOKS,https://libswu.on.worldcat.org/oclc/1458653198
1463276043,Online Journalism :The Essential Guide /,"Hill, Steve,; Lashmar, Paul,","SAGE Publications Ltd,",2014,N/A,N/A, Journalism-Practical Journalism - Study & Teaching,EBOOKS,https://libswu.on.worldcat.org/oclc/1463276043
1463311017,Adrodd ar Dlodi:Naratif y Cyfryngau Newyddion a Chyfathrebiadau'r Trydydd Sector yng Nghymru,"MOORE, KERRY.","Cardiff University Press,",2021,N/A,N/A, Journalism-Practical Journalism - Study & Teaching,EBOOKS,https://libswu.on.worldcat.org/oclc/1463311017
1500872938,Journalism in a Fractured World.,"Eldridge, Scott A.",Peter Lang International Academic Publishers,2025,N/A,N/A, Journalism-Practical Journalism - Study & Teaching,EBOOKS,https://libswu.on.worldcat.org/oclc/1500872938
1520428981,"Fake news - what's the harm? :four ideas for fact-checkers, policymakers and platforms on countering the consequences of false information and defending free speech /","Cunliffe-Jones, Peter,","University of Westminster,",2025,N/A,N/A, Journalism-Practical Journalism - Study & Teaching,EBOOKS,https://libswu.on.worldcat.org/oclc/1520428981
1543498343,The politics of social media manipulation /,"Rogers, Richard,Niederer, Sabine.","ROUTLEDGE,",2025,N/A,N/A, Journalism-Practical Journalism - Study & Teaching,EBOOKS,https://libswu.on.worldcat.org/oclc/1543498343
1547759336,"From media hype to Twitter storm :news explosions and their impact on issues, crises and public opinion /","Vasterman, P.,","Routledge,",2025,N/A,N/A, Journalism-Practical Journalism - Study & Teaching,EBOOKS,https://libswu.on.worldcat.org/oclc/1547759336
1549666636,NARRATIVE THEORY IN JOURNALISTIC PRACTICE :understanding emerging digital genres.,"Hågvar, Yngve Benestad.Hornmoen, Harald.Alnæs, Jørgen,","ROUTLEDGE,",2025,N/A,N/A, Journalism-Practical Journalism - Study & Teaching,EBOOKS,https://libswu.on.worldcat.org/oclc/1549666636
1559149508,Transmedialer Journalismus zwischen Theorie und PraxisEin anwendungsbezogenes Modell für zeitgemäße Berichterstattung,"Schulz, Lea",Barbara Budrich Academic Press,2025,N/A,N/A, Journalism-Practical Journalism - Study & Teaching,EBOOKS,https://libswu.on.worldcat.org/oclc/1559149508
37477378,Columbia journalism review.,Columbia University.,Graduate School of Journalism of Columbia University,1962,N/A,2691-6479," Journalism, the Periodical Press",EJOURNALS/EMAGAZINES,https://libswu.on.worldcat.org/oclc/37477378
38912600,Gazette.,N/A,"H.E. Stenfert Kroese,A.E. KluwerSage Publications",1955,N/A,1460-3594," Journalism, the Periodical Press",EJOURNALS/EMAGAZINES,https://libswu.on.worldcat.org/oclc/38912600
42821649,Newspaper research journal,Association for Education in Journalism.Association for Education in Journalism and Mass Communication.,"[Newspaper Division, Association for Education in Journalism],[Sage Publications]",1979,N/A,2376-4791," Journalism, the Periodical Press",EJOURNALS/EMAGAZINES,https://libswu.on.worldcat.org/oclc/42821649
43609560,Serials review.,N/A,"Elsevier Science Inc.Routledge, Taylor & Francis",1975,N/A,1879-095X," Journalism, the Periodical Press",EJOURNALS/EMAGAZINES,https://libswu.on.worldcat.org/oclc/43609560
43638285,The Wall Street journal.,News Corporation.Dow Jones & Co.,"Dow Jones & Co.,",1959,N/A,2574-9579," Journalism, the Periodical Press",ENEWSPAPERS,https://libswu.on.worldcat.org/oclc/43638285
60616162,Journalism & communication monographs.,"Association for Education in Journalism and Mass Communication,","Association for Education in Journalism and Mass Communication,Sage Publications in association with the Association for Education in Journalism and Mass Communication",1999,N/A,2161-4342," Journalism, the Periodical Press",EJOURNALS/EMAGAZINES,https://libswu.on.worldcat.org/oclc/60616162
60617850,Journalism & mass communication quarterly.,"Association for Education in Journalism and Mass Communication,",Association for Education in Journalism and Mass CommunicationSage Publications,1995,N/A,2161-430X," Journalism, the Periodical Press",EJOURNALS/EMAGAZINES,https://libswu.on.worldcat.org/oclc/60617850
63203263,International communication gazette.,N/A,"Sage Publications,",2006,N/A,1748-0493," Journalism, the Periodical Press",EJOURNALS/EMAGAZINES,https://libswu.on.worldcat.org/oclc/63203263
137342671,The Christian Science monitor.,"Christian Science Publishing Society.EBSCO Publishing (Firm)NewsBank, inc.Gale Group.LexisNexis (Firm)","Christian Science Pub. Society,",1983,N/A,0882-7729," Journalism, the Periodical Press",EJOURNALS/EMAGAZINES,https://libswu.on.worldcat.org/oclc/137342671
181818823,American Journalism Review.,University of Maryland at College Park.,N/A,1993,N/A,1067-8654," Journalism, the Periodical Press",EJOURNALS/EMAGAZINES,https://libswu.on.worldcat.org/oclc/181818823
181819413,Folio: the Magazine for Magazine Management.,N/A,N/A,1970,N/A,0046-4333," Journalism, the Periodical Press",EJOURNALS/EMAGAZINES,https://libswu.on.worldcat.org/oclc/181819413
181819909,The Masthead.,National Conference of Editorial Writers (U.S.),N/A,1949,N/A,0025-5122," Journalism, the Periodical Press",EJOURNALS/EMAGAZINES,https://libswu.on.worldcat.org/oclc/181819909
181820304,The Quill.,"Sigma Delta Chi.Society of Professional Journalists, Sigma Delta Chi.",N/A,1912,N/A,0033-6475," Journalism, the Periodical Press",EJOURNALS/EMAGAZINES,https://libswu.on.worldcat.org/oclc/181820304
266074426,British journalism review.,N/A,"B.J.R. Pub.,",1989,N/A,0956-4748," Journalism, the Periodical Press",EJOURNALS/EMAGAZINES,https://libswu.on.worldcat.org/oclc/266074426
290530178,Understanding journalism /,"Burns, Lynette Sheridan.","SAGE,",2002,N/A,N/A," Journalism, the Periodical Press",EBOOKS,https://libswu.on.worldcat.org/oclc/290530178
297454146,Key concepts in journalism studies /,"Franklin, Bob,","SAGE Publications,",2005,N/A,N/A," Journalism, the Periodical Press",EBOOKS,https://libswu.on.worldcat.org/oclc/297454146
405716500,Estudos em jornalismo e mídia.,N/A,N/A,1900,N/A,1806-6496," Journalism, the Periodical Press",EJOURNALS/EMAGAZINES,https://libswu.on.worldcat.org/oclc/405716500
609694934,Storage magazine.,N/A,Array Publications,2002,N/A,N/A," Journalism, the Periodical Press",EJOURNALS/EMAGAZINES,https://libswu.on.worldcat.org/oclc/609694934
646066590,The globalization of news /,"Boyd-Barrett, Oliver.Rantanen, Terhi.","Sage Publications,",1998,N/A,N/A," Journalism, the Periodical Press",EBOOKS,https://libswu.on.worldcat.org/oclc/646066590
647893650,Encyclopedia of journalism /,"Sterling, Christopher H.,","SAGE Reference,",2009,N/A,N/A," Journalism, the Periodical Press",EBOOKS,https://libswu.on.worldcat.org/oclc/647893650
727823740,New sound :international magazine for music.,Savez organizacija kompozitora Jugoslavije.,Union of Yugoslav Composers' Organizations.,2004,N/A,N/A," Journalism, the Periodical Press",EJOURNALS/EMAGAZINES,https://libswu.on.worldcat.org/oclc/727823740
741575576,Serials review.,N/A,"JAI Press,",1975,0098-7913,N/A," Journalism, the Periodical Press",N/A,https://libswu.on.worldcat.org/oclc/741575576
782070232,Bit: Numerical mathematics.,N/A,N/A,1961,N/A,0006-3835," Journalism, the Periodical Press",EJOURNALS/EMAGAZINES,https://libswu.on.worldcat.org/oclc/782070232
795966132,Journalism.,N/A,Sage Publication.,2000,N/A,1741-3001," Journalism, the Periodical Press",EJOURNALS/EMAGAZINES,https://libswu.on.worldcat.org/oclc/795966132
808344272,Taking journalism seriously :news and the academy /,"Zelizer, Barbie,","Sage,",2004,N/A,N/A," Journalism, the Periodical Press",EBOOKS,https://libswu.on.worldcat.org/oclc/808344272
870647383,Magazine journalism /,"Holmes, Tim,; Nice, Liz.","SAGE Publications,",2012,N/A,N/A," Journalism, the Periodical Press",EBOOKS,https://libswu.on.worldcat.org/oclc/870647383
875378260,JournalismNext :a practical guide to digital reporting and publishing /,"Briggs, Mark,; Sizemore, Jennifer,","CQ Press, a division of Sage,",2010,N/A,N/A," Journalism, the Periodical Press",EBOOKS,https://libswu.on.worldcat.org/oclc/875378260
891090159,Frontier Star.,N/A,AsiaNet Pakistan (Pvt) Ltd.,,N/A,N/A," Journalism, the Periodical Press",EJOURNALS/EMAGAZINES,https://libswu.on.worldcat.org/oclc/891090159
946606451,Information Retrieval Journal.,N/A,Springer Netherlands.,,N/A,1573-7659," Journalism, the Periodical Press",EJOURNALS/EMAGAZINES,https://libswu.on.worldcat.org/oclc/946606451
958032038,Affekte :Analysen ästhetisch-medialer Prozesse. Mit einer Einleitung von Mieke Bal.,"Krause-Wahl, AntjeOehlschlägel, HeikeWiemer, Serjoscha","[Verlag nicht ermittelbar],",2006,N/A,N/A," Journalism, the Periodical Press",EBOOKS,https://libswu.on.worldcat.org/oclc/958032038
980561020,Newspaper research journal.,Association for Education in Journalism and Mass Communication.Association for Education in Journalism.EBSCO Publishing (Firm),"[Newspaper Division, Association for Education in Journalism],[Sage Publications]",1979,N/A,0739-5329," Journalism, the Periodical Press",EJOURNALS/EMAGAZINES,https://libswu.on.worldcat.org/oclc/980561020
1029759963,A handbook of journalism :media in the information age /,"Anand, V. EshwarJayanthi, K.","SAGE Publications India Pvt. Ltd.,",2018,N/A,N/A," Journalism, the Periodical Press",EBOOKS,https://libswu.on.worldcat.org/oclc/1029759963
1076770842,MM Science Journal,N/A,MM Publishing.,,N/A,1803-1269," Journalism, the Periodical Press",EJOURNALS/EMAGAZINES,https://libswu.on.worldcat.org/oclc/1076770842
1098592825,The ledger.,N/A,"The Ledger Pub. Co.,",1967,N/A,N/A," Journalism, the Periodical Press",EJOURNALS/EMAGAZINES,https://libswu.on.worldcat.org/oclc/1098592825
1118496260,ITlib: Informacne Technologie a Kniznice,N/A,Slovart GTG Ltd.,,N/A,1335-793X," Journalism, the Periodical Press",EJOURNALS/EMAGAZINES,https://libswu.on.worldcat.org/oclc/1118496260
1126165764,"Redaktion, die Sparten Verlag und Vertrieb, Wirtschaft und Technik, Sicherung der öffentlichen Aufgabe /","Dovifat, Emil.","De Gruyter,",1955,N/A,N/A," Journalism, the Periodical Press",EBOOKS,https://libswu.on.worldcat.org/oclc/1126165764
1153035787,"B. F. Dolbin, der Zeichner als Reporter","Schaber, Will","De Gruyter, Inc.",2019,N/A,N/A," Journalism, the Periodical Press",EBOOKS,https://libswu.on.worldcat.org/oclc/1153035787
1202561117,"Theoretische und rechtliche Grundlagen, Nachricht und Meinung, Sprache und Form  /","Dovifat, Emil.","de Gruyter,",1955,N/A,N/A," Journalism, the Periodical Press",EBOOKS,https://libswu.on.worldcat.org/oclc/1202561117
1229609340,On Misreporting by the Press.,N/A,Great Neck Publishing,2017,N/A,N/A," Journalism, the Periodical Press",EBOOKS,https://libswu.on.worldcat.org/oclc/1229609340
1229616774,Ciberlegenda.,Universidade Federal Fluminense.,Universidade Federal Fluminense.,,N/A,1519-0617," Journalism, the Periodical Press",EJOURNALS/EMAGAZINES,https://libswu.on.worldcat.org/oclc/1229616774
1285131307,Journalism and emotion /,"Jukes, Stephen,","SAGE Publications,",2020,N/A,N/A," Journalism, the Periodical Press",EBOOKS,https://libswu.on.worldcat.org/oclc/1285131307
1286807066,"The Politics of Dementia :Forgetting and Remembering the Violent Past in Literature, Film and Graphic Narratives /","Deng, Maohui,Gwyer, Kirstin,Krüger-Fürhoff, Irmela Marei,Krüger-Fürhoff, Irmela Marei,Lucenko, Kristina,Medina, Raquel,Schmidt, Nina,Schmidt, Nina,Thew, Emily,Vermeulen, Pieter,Vice, Sue,Vice, Sue,Walrath, Dana,Zimmermann, Martina,","De Gruyter,",2021,N/A,N/A," Journalism, the Periodical Press",EBOOKS,https://libswu.on.worldcat.org/oclc/1286807066
1309428613,The SAGE encyclopedia of journalism.,"Borchard, Gregory A.,","SAGE Publications, Inc.,",2022,N/A,N/A," Journalism, the Periodical Press",EBOOKS,https://libswu.on.worldcat.org/oclc/1309428613
1314332197,Journalism in the data age /,"Tong, Jingrong,","SAGE,",2022,N/A,N/A," Journalism, the Periodical Press",EBOOKS,https://libswu.on.worldcat.org/oclc/1314332197
1321818789,Periodical studies today :multidisciplinary analyses /,"Ernst, Jutta,Hoff, Dagmar von,Scheiding, Oliver,","Brill,",2022,N/A,N/A," Journalism, the Periodical Press",EBOOKS,https://libswu.on.worldcat.org/oclc/1321818789
1419918234,Quill & scroll.,"Quill and Scroll Society,","Quill and Scroll Society,",1926,N/A,N/A," Journalism, the Periodical Press",EJOURNALS/EMAGAZINES,https://libswu.on.worldcat.org/oclc/1419918234
1436459419,Dead men's propaganda :ideology and utopia in comparative communications studies /,"Rantanen, Terhi.","LSE Press,",2024,N/A,N/A," Journalism, the Periodical Press",EBOOKS,https://libswu.on.worldcat.org/oclc/1436459419
1439889196,CoatingsPro Magazine /,"National Association of Corrosion Engineers,","National Association of Corrosion Engineers,",2020,N/A,N/A," Journalism, the Periodical Press",EJOURNALS/EMAGAZINES,https://libswu.on.worldcat.org/oclc/1439889196
1463277747,The New Ethics of Journalism :Principles for the 21st Century /,"McBride, Kelly,Rosenstiel, Thomas B.,","CQ Press,",2014,N/A,N/A," Journalism, the Periodical Press",EBOOKS,https://libswu.on.worldcat.org/oclc/1463277747
1527062698,News research journal.,Association for Education in Journalism and Mass Communication.,"Sage Publishing,",2025,N/A,3049-7841," Journalism, the Periodical Press",EJOURNALS/EMAGAZINES,https://libswu.on.worldcat.org/oclc/1527062698
1559217176,"Ausstieg Aus Dem JournalismusGründe, Wege und Folgen.","Rick, Jana.","Halem, Herbert von, Verlagsgesellschaft mbH & Co. KG,",2025,N/A,N/A," Journalism, the Periodical Press",EBOOKS,https://libswu.on.worldcat.org/oclc/1559217176
1590924440,Was läuft da schief im Journalismus? :warum es mit den Medien bergab geht und wie man ihnen aufhelfen kann /,"Engelbrechten-Ilow, Hermann von,","Herbert von Halem Verlag,",2023,N/A,N/A," Journalism, the Periodical Press",EBOOKS,https://libswu.on.worldcat.org/oclc/1590924440
37104824,Journal of economics & management strategy.,N/A,MIT Press,1992,N/A,1530-9134, Management. Industrial Management,EJOURNALS/EMAGAZINES,https://libswu.on.worldcat.org/oclc/37104824
38266569,Computer supported cooperative work.,N/A,"Kluwer Academic Publishers,",1992,N/A,1573-7551, Management. Industrial Management,EJOURNALS/EMAGAZINES,https://libswu.on.worldcat.org/oclc/38266569
38266682,Group decision and negotiation.,"Institute for Operations Research and the Management Sciences,Institute for Operations Research and the Management Sciences.",Kluwer Academic PublishersSpringer Netherlands,1992,N/A,1572-9907, Management. Industrial Management,EJOURNALS/EMAGAZINES,https://libswu.on.worldcat.org/oclc/38266682
38266755,Journal of productivity analysis.,N/A,"Kluwer Academic Publishers,",1989,N/A,1573-0441, Management. Industrial Management,EJOURNALS/EMAGAZINES,https://libswu.on.worldcat.org/oclc/38266755
38562742,Business and society review.,"Bentley College.Blackwell Publishers,","Blackwell Publishers,",1974,N/A,1467-8594, Management. Industrial Management,EJOURNALS/EMAGAZINES,https://libswu.on.worldcat.org/oclc/38562742
38868358,Nonprofit management & leadership.,"Mandel Center for Nonprofit Organizations,Centre for Voluntary Organisation (London School of Economics and Political Science),","[Jossey-Bass] :Wiley Periodicals, Inc.",1990,N/A,1542-7854, Management. Industrial Management,EJOURNALS/EMAGAZINES,https://libswu.on.worldcat.org/oclc/38868358
38995112,Information & management.,N/A,North-Holland,1977,N/A,1872-7530, Management. Industrial Management,EJOURNALS/EMAGAZINES,https://libswu.on.worldcat.org/oclc/38995112
39189374,The journal of strategic information systems.,N/A,North-Holland,1991,N/A,1873-1198, Management. Industrial Management,EJOURNALS/EMAGAZINES,https://libswu.on.worldcat.org/oclc/39189374
39224585,Scandinavian journal of management.,Nordisk Företagsekonomisk Förening.,Elsevier Science,1988,N/A,1873-3387, Management. Industrial Management,EJOURNALS/EMAGAZINES,https://libswu.on.worldcat.org/oclc/39224585
39259108,British journal of management.,"British Academy of Management,",Blackwell Pub.,1990,N/A,1467-8551, Management. Industrial Management,EJOURNALS/EMAGAZINES,https://libswu.on.worldcat.org/oclc/39259108
39502437,Leadership in action.,"Center for Creative Leadership,","[Center for Creative Leadership] :Jossey-Bass, a Pub. unit of John Wiley & Sons",1997,N/A,1532-1088, Management. Industrial Management,EJOURNALS/EMAGAZINES,https://libswu.on.worldcat.org/oclc/39502437
40336500,Business strategy review.,"London Business School,",Blackwell Pub.,1990,N/A,1467-8616, Management. Industrial Management,EJOURNALS/EMAGAZINES,https://libswu.on.worldcat.org/oclc/40336500
41181749,Management communication quarterly.,N/A,Sage Publications,1987,N/A,1552-6798, Management. Industrial Management,EJOURNALS/EMAGAZINES,https://libswu.on.worldcat.org/oclc/41181749
41181851,Organizational research methods.,Academy of Management.,Sage Publications,1998,N/A,1552-7425, Management. Industrial Management,EJOURNALS/EMAGAZINES,https://libswu.on.worldcat.org/oclc/41181851
41385139,Organization & environment.,N/A,[Sage Publications],1997,N/A,1552-7417, Management. Industrial Management,EJOURNALS/EMAGAZINES,https://libswu.on.worldcat.org/oclc/41385139
41615289,Corporate communications :an international journal.,MCB University Press.,"MCB University Press,Emerald Group Publishing",1996,N/A,1758-6046, Management. Industrial Management,EJOURNALS/EMAGAZINES,https://libswu.on.worldcat.org/oclc/41615289
41964024,Journal of management inquiry.,"Western Academy of Management,","Sage Periodicals Press, Sage Publications",1992,N/A,1552-6542, Management. Industrial Management,EJOURNALS/EMAGAZINES,https://libswu.on.worldcat.org/oclc/41964024
42596404,The International journal of logistics management.,"Andersen Consulting,Bell & Howell Information and Learning,International Logistics Research Institute,","Braybrooke Press,",1990,N/A,1758-6550, Management. Industrial Management,EJOURNALS/EMAGAZINES,https://libswu.on.worldcat.org/oclc/42596404
43351013,The leadership quarterly.,N/A,JAI Press,1990,N/A,1873-3409, Management. Industrial Management,EJOURNALS/EMAGAZINES,https://libswu.on.worldcat.org/oclc/43351013
43477371,Project management methodology :a practical guide for the next millennium /,"Kliem, Ralph L.; Ludin, Irwin S.Robertson, Ken L.,","Marcel Dekker,",1997,N/A,N/A, Management. Industrial Management,EBOOKS,https://libswu.on.worldcat.org/oclc/43477371
43478061,European journal of innovation management.,MCB University Press.,"MCB University Press,Emerald Group",1998,N/A,1758-7115, Management. Industrial Management,EJOURNALS/EMAGAZINES,https://libswu.on.worldcat.org/oclc/43478061
43482347,Journal of teaching in international business.,"Taylor & Francis,",Haworth Press,1989,N/A,1528-6991, Management. Industrial Management,EJOURNALS/EMAGAZINES,https://libswu.on.worldcat.org/oclc/43482347
43552012,Journal of organizational behavior management.,N/A,Haworth Press,1977,N/A,1540-8604, Management. Industrial Management,EJOURNALS/EMAGAZINES,https://libswu.on.worldcat.org/oclc/43552012
43606465,Journal of management.,"Southern Management Association,",Elsevier Science Inc.Sage Publications,1975,N/A,1557-1211, Management. Industrial Management,EJOURNALS/EMAGAZINES,https://libswu.on.worldcat.org/oclc/43606465
44089855,Strategic change.,N/A,"John Wiley & Sons,",1996,N/A,1099-1697, Management. Industrial Management,EJOURNALS/EMAGAZINES,https://libswu.on.worldcat.org/oclc/44089855
44514128,Voluntas :international journal of voluntary and nonprofit organizations.,"International Society for Third-Sector Research,",Kluwer Academic/Plenum Publishers,1990,N/A,1573-7888, Management. Industrial Management,EJOURNALS/EMAGAZINES,https://libswu.on.worldcat.org/oclc/44514128
44708262,Enterprise and innovation management studies.,N/A,"Routledge,",2000,N/A,1469-5863, Management. Industrial Management,EJOURNALS/EMAGAZINES,https://libswu.on.worldcat.org/oclc/44708262
45046494,Journal of organizational excellence.,N/A,"John Wiley & Sons, Inc.,",2000,N/A,1531-6653, Management. Industrial Management,EJOURNALS/EMAGAZINES,https://libswu.on.worldcat.org/oclc/45046494
45156855,Journal of intellectual capital.,MCB University Press.,"MCB University Press,",2000,N/A,1758-7468, Management. Industrial Management,EJOURNALS/EMAGAZINES,https://libswu.on.worldcat.org/oclc/45156855
45158161,Management decision.,"Emerald Group Publishing,MCB University Press,","MCB University Press,Emerald Group Publishing Limited",1967,N/A,1758-6070, Management. Industrial Management,EJOURNALS/EMAGAZINES,https://libswu.on.worldcat.org/oclc/45158161
45259690,Industrial management & data systems.,Institute of Factory Management (Great Britain)MCB University Press.,"MCB University Press,",1980,N/A,1758-5783, Management. Industrial Management,EJOURNALS/EMAGAZINES,https://libswu.on.worldcat.org/oclc/45259690
45309773,New Zealand management.,N/A,Profile Pub.,1998,N/A,N/A, Management. Industrial Management,EJOURNALS/EMAGAZINES,https://libswu.on.worldcat.org/oclc/45309773
45368682,Journal of organizational change management.,MCB University Press.,"MCB University Press,",1988,N/A,1758-7816, Management. Industrial Management,EJOURNALS/EMAGAZINES,https://libswu.on.worldcat.org/oclc/45368682
45384678,Leadership & organization development journal.,N/A,"MCB University Press,",1980,N/A,1472-5347, Management. Industrial Management,EJOURNALS/EMAGAZINES,https://libswu.on.worldcat.org/oclc/45384678
45417109,Management research news.,N/A,"[MCB University Press],",1978,N/A,1758-6135, Management. Industrial Management,EJOURNALS/EMAGAZINES,https://libswu.on.worldcat.org/oclc/45417109
45490637,Team performance management.,MCB University Press.,"MCB University Press,Emerald",1995,N/A,1758-6860, Management. Industrial Management,EJOURNALS/EMAGAZINES,https://libswu.on.worldcat.org/oclc/45490637
46239314,Journal of high technology management research.,N/A,JAI Press,1990,N/A,1879-1638, Management. Industrial Management,EJOURNALS/EMAGAZINES,https://libswu.on.worldcat.org/oclc/46239314
46806543,Organizational dynamics.,N/A,Elsevier Science,1972,N/A,1873-3530, Management. Industrial Management,EJOURNALS/EMAGAZINES,https://libswu.on.worldcat.org/oclc/46806543
47215403,Asia Pacific journal of management.,N/A,Kluwer Academic Publishers.Springer US,1983,N/A,1572-9958, Management. Industrial Management,EJOURNALS/EMAGAZINES,https://libswu.on.worldcat.org/oclc/47215403
47766739,Measuring business excellence.,N/A,MCB University Press,2000,N/A,1758-8057, Management. Industrial Management,EJOURNALS/EMAGAZINES,https://libswu.on.worldcat.org/oclc/47766739
47766742,Strategy and leadership.,N/A,Emerald Group Pub.Emerald,1996,N/A,1758-9568, Management. Industrial Management,EJOURNALS/EMAGAZINES,https://libswu.on.worldcat.org/oclc/47766742
47853105,Project management journal.,N/A,[Project Management Institute]Wiley InterScienceSage Publications,1998,N/A,1938-9507, Management. Industrial Management,EJOURNALS/EMAGAZINES,https://libswu.on.worldcat.org/oclc/47853105
47883389,"Managing virtual enterprises :a convergence of communications computing, and energy technologies : IEMC 96 proceedings, International Conference on Engineering and Technology Management, August 18 to 20, 1996, Vancouver, British Columbia, Canada /",IEEE International Engineering Management Conference; IEEE Engineering Management Society.,"Institute of Electrical and Electronics Engineers,",1996,N/A,N/A, Management. Industrial Management,EBOOKS,https://libswu.on.worldcat.org/oclc/47883389
47883407,"Proceedings, IEEE 9th International Workshops on Enabling Technologies, Infrastructure for Collaborative Enterprises (WET ICE 2000) :June 14-16, 2000, National Institute of Standards and Technology, Gaithersburg, Maryland, U.S.A. /",IEEE International Workshops on Enabling Technologies: Infrastructure for Collaborative Enterprises; IEEE Computer Society.,"IEEE Computer Society,",2000,N/A,N/A, Management. Industrial Management,EBOOKS,https://libswu.on.worldcat.org/oclc/47883407
48009278,International journal of cross cultural management.,N/A,Sage Publications,2001,N/A,1741-2838, Management. Industrial Management,EJOURNALS/EMAGAZINES,https://libswu.on.worldcat.org/oclc/48009278
48055064,Organization studies.,"European Group for Organizational Studies,","Sage Publications,",1980,N/A,1741-3044, Management. Industrial Management,EJOURNALS/EMAGAZINES,https://libswu.on.worldcat.org/oclc/48055064
48138435,"Restructuring the professional organization :accounting, healthcare, and law /","Brock, David,; Powell, Michael J.Hinings, C. R.","Routledge,",1999,N/A,N/A, Management. Industrial Management,EBOOKS,https://libswu.on.worldcat.org/oclc/48138435
48612253,"Proceedings :Seventh International Workshop on Groupware : CRIWG 2001 : September 6-8, 2001, Darmstadt, Germany /","CRIWG (Conference); Borges, Marcos R. S.Haake, Jörg M.Hoppe, H. Ulrich.; Institut für Integrierte Publikations- und Informationssysteme.IEEE Computer Society.","IEEE Computer Society,",2001,N/A,N/A, Management. Industrial Management,EBOOKS,https://libswu.on.worldcat.org/oclc/48612253
49286133,Journal of management education.,"OBTS Teaching Society for Management Educators,",Sage Publications,1991,N/A,1552-6658, Management. Industrial Management,EJOURNALS/EMAGAZINES,https://libswu.on.worldcat.org/oclc/49286133
49414913,Interfirm networks :organization and industrial competitiveness /,"Grandori, Anna.","Routledge,",1999,N/A,N/A, Management. Industrial Management,EBOOKS,https://libswu.on.worldcat.org/oclc/49414913
49492008,ASQ six sigma forum magazine.,American Society for Quality.,"American Society for Quality,",2001,1539-4069,N/A, Management. Industrial Management,N/A,https://libswu.on.worldcat.org/oclc/49492008
49569632,Evaluative inquiry for learning in organizations /,"Preskill, Hallie S.; Torres, Rosalie T.","Sage Publications,",1999,N/A,N/A, Management. Industrial Management,EBOOKS,https://libswu.on.worldcat.org/oclc/49569632
49852288,The new corporate strategy /,"Underwood, Jim,","Capstone Pub.,",2002,N/A,N/A, Management. Industrial Management,EBOOKS,https://libswu.on.worldcat.org/oclc/49852288
49912006,Journal of communication management.,"Emerald Group Publishing,Institute of Public Relations (Great Britain),International Association of Business Communicators,","Henry Stewart Publications,Emerald Group Publishing",1996,N/A,1478-0852, Management. Industrial Management,EJOURNALS/EMAGAZINES,https://libswu.on.worldcat.org/oclc/49912006
50000121,Decision sciences journal of innovative education.,"Decision Sciences Institute,","Blackwell Pub.,",2003,N/A,1540-4609, Management. Industrial Management,EJOURNALS/EMAGAZINES,https://libswu.on.worldcat.org/oclc/50000121
50009501,Journal of competitive intelligence and management.,Society of Competitive Intelligence Professionals.,"SCIP,",2003,N/A,1540-4242, Management. Industrial Management,EJOURNALS/EMAGAZINES,https://libswu.on.worldcat.org/oclc/50009501
50224033,IEEE guide adoption of PMI standard :a guide to the project management body of knowledge /,PMI Standards Committee.IEEE Computer Society.Institute of Electrical and Electronics Engineers.IEEE-SA Standards Board.,"Institute of Electrical and Electronics Engineers,",1999,N/A,N/A, Management. Industrial Management,EBOOKS,https://libswu.on.worldcat.org/oclc/50224033
50406762,Knowledge and information technology management :human and social perspectives /,"Gunasekaran, A.Khalil, Omar.Syed, Mahbubur Rahman,","Idea Group Pub.,",2003,N/A,N/A, Management. Industrial Management,EBOOKS,https://libswu.on.worldcat.org/oclc/50406762
50816502,Global innovation /,"Hamson, Ned,; Holder, Robert.","Capstone,",2002,N/A,N/A, Management. Industrial Management,EBOOKS,https://libswu.on.worldcat.org/oclc/50816502
50824741,Knowledge and business process management /,"Hlupic, Vlatka,","Idea Group Pub.,",2003,N/A,N/A, Management. Industrial Management,EBOOKS,https://libswu.on.worldcat.org/oclc/50824741
50825575,Negotiating skills for managers /,"Cohen, Steven,","McGraw-Hill,",2002,N/A,N/A, Management. Industrial Management,EBOOKS,https://libswu.on.worldcat.org/oclc/50825575
50856968,Crisis management /,"Gottschalk, Jack.","Capstone Pub.,",2002,N/A,N/A, Management. Industrial Management,EBOOKS,https://libswu.on.worldcat.org/oclc/50856968
50857003,Digital bridges :developing countries in the knowledge economy /,"Afele, John Senyo C.,","Idea Group Pub.,",2003,N/A,N/A, Management. Industrial Management,EBOOKS,https://libswu.on.worldcat.org/oclc/50857003
50882794,Creating business value with information technology :challenges and solutions /,"Shin, Namchul,","Idea Group Pub.,",2003,N/A,N/A, Management. Industrial Management,EBOOKS,https://libswu.on.worldcat.org/oclc/50882794
51060934,Project management step-by-step /,"Richman, Larry L.","Amacom,",2002,N/A,N/A, Management. Industrial Management,EBOOKS,https://libswu.on.worldcat.org/oclc/51060934
51060939,Making sense of strategy /,"Manning, Anthony D.","AMACOM,",2002,N/A,N/A, Management. Industrial Management,EBOOKS,https://libswu.on.worldcat.org/oclc/51060939
51169122,"Machiavelli, marketing, and management /","Harris, Phil,Lock, Andrew,Rees, Patricia.","Routledge,",2000,N/A,N/A, Management. Industrial Management,EBOOKS,https://libswu.on.worldcat.org/oclc/51169122
51209934,Dangerous markets :managing in financial crises /,"Barton, Dominic.; Newell, Roberto.Wilson, Greg.","Wiley,",2003,N/A,N/A, Management. Industrial Management,EBOOKS,https://libswu.on.worldcat.org/oclc/51209934
51215333,The leap to globalization :creating new value from business without borders /,"Korine, Harry,; Gomez, Pierre-Yves.","Jossey-Bass,",2002,N/A,N/A, Management. Industrial Management,EBOOKS,https://libswu.on.worldcat.org/oclc/51215333
51273670,International journal of organization theory and behavior.,N/A,Marcel DekkerTaylor & FrancisAcademics PressEmerald Publishing Limited,1998,N/A,1532-4273, Management. Industrial Management,EJOURNALS/EMAGAZINES,https://libswu.on.worldcat.org/oclc/51273670
51287041,Six sigma team dynamics :the elusive key to project success /,"Eckes, George,","John Wiley,",2003,N/A,N/A, Management. Industrial Management,EBOOKS,https://libswu.on.worldcat.org/oclc/51287041
51299180,Valuation :maximizing corporate value /,"Norton, George M.","Wiley,",2003,N/A,N/A, Management. Industrial Management,EBOOKS,https://libswu.on.worldcat.org/oclc/51299180
51338216,Organic growth :cost-effective business expansion from within /,"Mognetti, Jean-Frédéric.","Wiley,",2002,N/A,N/A, Management. Industrial Management,EBOOKS,https://libswu.on.worldcat.org/oclc/51338216
51520537,Project management /,"Heerkens, Gary.","McGraw-Hill,",2002,N/A,N/A, Management. Industrial Management,EBOOKS,https://libswu.on.worldcat.org/oclc/51520537
51555189,Systems development by virtual project teams :a comparative study of four cases /,"Croasdell, David.; Fox, Andrea.Sarker, Suprateek","Idea Group Pub.,",2003,N/A,N/A, Management. Industrial Management,EBOOKS,https://libswu.on.worldcat.org/oclc/51555189
51627036,The impact of information technology on roles and role processes in small groups /,"Heckman, Robert.","Idea Group Pub.,",2002,N/A,N/A, Management. Industrial Management,EBOOKS,https://libswu.on.worldcat.org/oclc/51627036
51742250,Customize the brand :make it more desirable and profitable /,"Nilson, Torsten H.,","Wiley,",2003,N/A,N/A, Management. Industrial Management,EBOOKS,https://libswu.on.worldcat.org/oclc/51742250
51754460,Management gurus and management fashions :a dramatistic inquiry /,"Jackson, Brad,","Routledge,",2001,N/A,N/A, Management. Industrial Management,EBOOKS,https://libswu.on.worldcat.org/oclc/51754460
51797735,Value shift :why companies must merge social and financial imperatives to achieve superior performance /,"Paine, Lynn Sharp.","McGraw-Hill,",2003,N/A,N/A, Management. Industrial Management,EBOOKS,https://libswu.on.worldcat.org/oclc/51797735
51804500,Leadershock -- and how to triumph over it :eight revolutionary rules for becoming a powerful and exhilarated leader /,"Hicks, Greg,","McGraw-Hill,",2003,N/A,N/A, Management. Industrial Management,EBOOKS,https://libswu.on.worldcat.org/oclc/51804500
51842485,"Self-employment, from dream to reality! :an interactive workbook for starting your small business /","Gilkerson, Linda D.; Paauwe, Theresia M.","JIST Works,",2003,N/A,N/A, Management. Industrial Management,EBOOKS,https://libswu.on.worldcat.org/oclc/51842485
51849367,Managing change and transition.,N/A,"Harvard Business School Press,",2003,N/A,N/A, Management. Industrial Management,EBOOKS,https://libswu.on.worldcat.org/oclc/51849367
51854273,Mind your manners :managing business cultures in the new global Europe /,"Mole, John,","Nicholas Brealey Pub.,",2003,N/A,N/A, Management. Industrial Management,EBOOKS,https://libswu.on.worldcat.org/oclc/51854273
51952786,Team Bush :leadership lessons from the Bush White House /,"Kettl, Donald F.","McGraw-Hill,",2003,N/A,N/A, Management. Industrial Management,EBOOKS,https://libswu.on.worldcat.org/oclc/51952786
51958257,Distributed work /,"Hinds, Pamela.Kiesler, Sara,","MIT Press,",2002,N/A,N/A, Management. Industrial Management,EBOOKS,https://libswu.on.worldcat.org/oclc/51958257
52079143,Entrepreneurship in a global context /,"Birley, Sue.MacMillan, Ian C.,; Insead.; Global Conference on Entrepreneurial Research","Routledge,",1997,N/A,N/A, Management. Industrial Management,EBOOKS,https://libswu.on.worldcat.org/oclc/52079143
52130433,What CEOs expect from corporate training :building workplace learning and performance initiatives that advance organizational goals /,"Rothwell, William J.,; Lindholm, John Edwin.Wallick, William G.","AMACOM,",2003,N/A,N/A, Management. Industrial Management,EBOOKS,https://libswu.on.worldcat.org/oclc/52130433
52151814,Be a successful consultant :an insider guide to setting up and running a consultancy practice /,"Nash, Susan Antoinette,","How To Books,",2003,N/A,N/A, Management. Industrial Management,EBOOKS,https://libswu.on.worldcat.org/oclc/52151814
52157436,The electronic journal on information systems in developing countries.,"City University of Hong Kong,University of Nebraska at Omaha,","City University of Hong Kong,John Wiley & Sons Ltd.",2000,N/A,1681-4835, Management. Industrial Management,EJOURNALS/EMAGAZINES,https://libswu.on.worldcat.org/oclc/52157436
52171578,The strategic project office :a guide to improving organizational performance /,"Crawford, J. Kent.","Marcel Dekker,",2002,N/A,N/A, Management. Industrial Management,EBOOKS,https://libswu.on.worldcat.org/oclc/52171578
52172062,Improv yourself :business spontaneity at the speed of thought /,"Keefe, Joseph A.","John Wiley & Sons,",2003,N/A,N/A, Management. Industrial Management,EBOOKS,https://libswu.on.worldcat.org/oclc/52172062
52205272,More than a pink Cadillac /,"Underwood, Jim,","McGraw-Hill,",2003,N/A,N/A, Management. Industrial Management,EBOOKS,https://libswu.on.worldcat.org/oclc/52205272
52234290,The business start-up kit /,"Strauss, Steven D.,","Dearborn Trade,",2003,N/A,N/A, Management. Industrial Management,EBOOKS,https://libswu.on.worldcat.org/oclc/52234290
52234652,Blueprint for project recovery :a project management guide : the complete process for getting derailed projects back on track /,"Cagle, Ronald B.","AMACOM,",2003,N/A,N/A, Management. Industrial Management,EBOOKS,https://libswu.on.worldcat.org/oclc/52234652
52238540,Deadline! :how premier organizations win the race against time /,"Carrison, Dan.","AMACOM, American Management Association,",2003,N/A,N/A, Management. Industrial Management,EBOOKS,https://libswu.on.worldcat.org/oclc/52238540
52242305,Partnering :the new face of leadership /,"Segil, Larraine.Goldsmith, Marshall.Belasco, James A.","AMACOM,",2003,N/A,N/A, Management. Industrial Management,EBOOKS,https://libswu.on.worldcat.org/oclc/52242305
52242592,The power of minds at work :organizational intelligence in action /,"Albrecht, Karl,","AMACOM,",2003,N/A,N/A, Management. Industrial Management,EBOOKS,https://libswu.on.worldcat.org/oclc/52242592
52243294,Algorithms for worst-case design and applications to risk management /,"Rustem, Berc.; Howe, Melendres.","Princeton University Press,",2002,N/A,N/A, Management. Industrial Management,EBOOKS,https://libswu.on.worldcat.org/oclc/52243294
52256719,Leadership lessons of the Navy Seals :battle-tested strategies for creating successful organizations and inspiring extraordinary results /,"Cannon, Jeff,; Cannon, Jon.","McGraw-Hill,",2003,N/A,N/A, Management. Industrial Management,EBOOKS,https://libswu.on.worldcat.org/oclc/52256719
52272794,Make your mission statement work :identify your organisation's values and live them every day /,"Talbot, Marianne.","How To Books,",2003,N/A,N/A, Management. Industrial Management,EBOOKS,https://libswu.on.worldcat.org/oclc/52272794
52274148,Just add management :seven steps to creating a productive workplace and motivating your employees in challenging times /,"Dibachi, Farzad.; Dibachi, Rhonda Love.","McGraw-Hill,",2003,N/A,N/A, Management. Industrial Management,EBOOKS,https://libswu.on.worldcat.org/oclc/52274148
52274341,Intercultural management /,"Jacob, Nina,","Kogan Page Ltd.,",2003,N/A,N/A, Management. Industrial Management,EBOOKS,https://libswu.on.worldcat.org/oclc/52274341
52274568,Innovation :harnessing creativity for business growth /,"Jolly, Adam.; Design Council.","Kogan Page,",2003,N/A,N/A, Management. Industrial Management,EBOOKS,https://libswu.on.worldcat.org/oclc/52274568
52276226,The brand gym :a practical workout for boosting brand and business /,"Taylor, David,","Wiley,",2003,N/A,N/A, Management. Industrial Management,EBOOKS,https://libswu.on.worldcat.org/oclc/52276226
52337495,Adapt or die :transforming your supply chain into an adaptive business network /,"Heinrich, Claus E.","J. Wiley & Sons,",2003,N/A,N/A, Management. Industrial Management,EBOOKS,https://libswu.on.worldcat.org/oclc/52337495
52337980,Essentials of supply chain management /,"Hugos, Michael H.","John Wiley & Sons,",2003,N/A,N/A, Management. Industrial Management,EBOOKS,https://libswu.on.worldcat.org/oclc/52337980
52344400,Big ideas :putting the zest into creativity /,"Ceserani, Jonne,","Kogan Page,",2003,N/A,N/A, Management. Industrial Management,EBOOKS,https://libswu.on.worldcat.org/oclc/52344400
52344724,Brand failures /,"Haig, Matt.","Kogan Page,",2003,N/A,N/A, Management. Industrial Management,EBOOKS,https://libswu.on.worldcat.org/oclc/52344724
52366251,Comprehensive intellectual capital management :step-by-step /,"Al-Ali, Nermien.","Wiley,",2003,N/A,N/A, Management. Industrial Management,EBOOKS,https://libswu.on.worldcat.org/oclc/52366251
52371436,Decision management :how to assure better decisions in your company /,"Yates, J. Frank","Jossey-Bass,",2003,N/A,N/A, Management. Industrial Management,EBOOKS,https://libswu.on.worldcat.org/oclc/52371436
52371482,Leading in black and white :working across the racial divide in corporate America /,"Livers, Ancella B.,; Caver, Keith A.,","Jossey-Bass ;Center for Creative Leadership,",2003,N/A,N/A, Management. Industrial Management,EBOOKS,https://libswu.on.worldcat.org/oclc/52371482
52371493,"Resizing the organization :managing layoffs, divestitures, and closings : maximizing gain while minimizing pain /","De Meuse, Kenneth P.Marks, Mitchell Lee.","Jossey-Bass,",2003,N/A,N/A, Management. Industrial Management,EBOOKS,https://libswu.on.worldcat.org/oclc/52371493
52372005,Creating the project office :a manager's guide to leading organizational change /,"Englund, Randall L.; Graham, Robert J.,Dinsmore, Paul C.","Jossey-Bass,",2003,N/A,N/A, Management. Industrial Management,EBOOKS,https://libswu.on.worldcat.org/oclc/52372005
52372338,"Charging back up the hill :workplace recovery after mergers, acquisitions, and downsizing /","Marks, Mitchell Lee.","Jossey-Bass,",2003,N/A,N/A, Management. Industrial Management,EBOOKS,https://libswu.on.worldcat.org/oclc/52372338
52372452,Retreats that work :designing and conducting effective offsites for groups and organizations /,"Campbell, Sheila,; Liteman, Merianne.Sugar, Steve.","Jossey-Bass,",2003,N/A,N/A, Management. Industrial Management,EBOOKS,https://libswu.on.worldcat.org/oclc/52372452
52372756,"Mastering alliance strategy :a comprehensive guide to design, management, and organization /","Bamford, James D.,; Gomes-Casseres, Benjamin.Robinson, Michael S.","Jossey-Bass,",2003,N/A,N/A, Management. Industrial Management,EBOOKS,https://libswu.on.worldcat.org/oclc/52372756
52376545,Making scorecards actionable :balancing strategy and control /,"Olve, Nils-Göran,","Wiley,",2003,N/A,N/A, Management. Industrial Management,EBOOKS,https://libswu.on.worldcat.org/oclc/52376545
52389355,Setting global standards :guidelines for creating codes of conduct in multinational corporations /,"Sethi, S. Prakash.","J. Wiley,",2003,N/A,N/A, Management. Industrial Management,EBOOKS,https://libswu.on.worldcat.org/oclc/52389355
52389449,A branded world :adventures in public relations and the creation of superbrands /,"Levine, Michael,","J. Wiley,",2003,N/A,N/A, Management. Industrial Management,EBOOKS,https://libswu.on.worldcat.org/oclc/52389449
52389472,The strategy gap :leveraging technology to execute winning strategies /,"Coveney, Michael.","Wiley,",2003,N/A,N/A, Management. Industrial Management,EBOOKS,https://libswu.on.worldcat.org/oclc/52389472
52391371,Organizational consulting :how to be an effective internal change agent /,"Weiss, Alan,","Wiley,",2003,N/A,N/A, Management. Industrial Management,EBOOKS,https://libswu.on.worldcat.org/oclc/52391371
52397639,29 leadership secrets from Jack Welch /,"Slater, Robert,","McGraw-Hill,",2003,N/A,N/A, Management. Industrial Management,EBOOKS,https://libswu.on.worldcat.org/oclc/52397639
52399358,Virtual teams that work :creating conditions for virtual team effectiveness /,"Gibson, Cristina B.Cohen, Susan G.","Jossey-Bass,",2003,N/A,N/A, Management. Industrial Management,EBOOKS,https://libswu.on.worldcat.org/oclc/52399358
52499457,"Stop the meeting I want to get off! :how to eliminate endless meetings while improving your team's communication, productivity, and effectiveness /","Snair, Scott.","McGraw-Hill,",2003,N/A,N/A, Management. Industrial Management,EBOOKS,https://libswu.on.worldcat.org/oclc/52499457
52499853,"The power of management capital :how to sustain and accelerate business growth and profitability by effectively accumulating, innovating, and utilizing management capital /","Feigenbaum, Armand V.; Feigenbaum, Donald S.","McGraw-Hill,",2003,N/A,N/A, Management. Industrial Management,EBOOKS,https://libswu.on.worldcat.org/oclc/52499853
52578156,Business strategies for information technology management /,"Kangas, Kalle.","IRM Press,",2003,N/A,N/A, Management. Industrial Management,EBOOKS,https://libswu.on.worldcat.org/oclc/52578156
52578326,Knowledge management :current issues and challenges /,"Coakes, Elayne,","IRM Press,",2003,N/A,N/A, Management. Industrial Management,EBOOKS,https://libswu.on.worldcat.org/oclc/52578326
52578425,Electronic enterprise :strategy and architecture /,"Targowski, Andrew,","IRM Press,",2003,N/A,N/A, Management. Industrial Management,EBOOKS,https://libswu.on.worldcat.org/oclc/52578425
52593054,Competitive advantage in SMEs :organising for innovation and change /,"Jones, Oswald.Tilley, Fiona.","J. Wiley,",2003,N/A,N/A, Management. Industrial Management,EBOOKS,https://libswu.on.worldcat.org/oclc/52593054
52593058,The timid corporation :why business is terrified of taking risk /,"Hunt, Benjamin.","J. Wiley,",2003,N/A,N/A, Management. Industrial Management,EBOOKS,https://libswu.on.worldcat.org/oclc/52593058
52596958,Sharing expertise :beyond knowledge management /,"Ackerman, Mark S.Pipek, Volkmar.Wulf, Volker.","MIT Press,",2003,N/A,N/A, Management. Industrial Management,EBOOKS,https://libswu.on.worldcat.org/oclc/52596958
52619040,The committed enterprise :how to make vision and values work /,"Davidson, J. H.","Butterworth-Heinemann,",2002,N/A,N/A, Management. Industrial Management,EBOOKS,https://libswu.on.worldcat.org/oclc/52619040
52625393,Awakening the leader within :a story of transformation /,"Cashman, Kevin.; Forem, Jack,","J. Wiley,",2003,N/A,N/A, Management. Industrial Management,EBOOKS,https://libswu.on.worldcat.org/oclc/52625393
52625630,"Companies are people, too :discover, develop, and grow your organization's true personality /","Fekete, Sandra.; Keith, LeeAnna.","John Wiley & Sons,",2003,N/A,N/A, Management. Industrial Management,EBOOKS,https://libswu.on.worldcat.org/oclc/52625630
52626220,Essentials of knowledge management /,"Bergeron, Bryan P.","J. Wiley,",2003,N/A,N/A, Management. Industrial Management,EBOOKS,https://libswu.on.worldcat.org/oclc/52626220
52627352,Life-cycle costing :using activity-based costing and Monte Carlo methods to manage future costs and risks /,"Emblemsvåg, Jan.","Wiley,",2003,N/A,N/A, Management. Industrial Management,EBOOKS,https://libswu.on.worldcat.org/oclc/52627352
52628639,Telephone IP news.,N/A,Worldwide Videotex,1900,N/A,0739-8654, Management. Industrial Management,EJOURNALS/EMAGAZINES,https://libswu.on.worldcat.org/oclc/52628639
52631780,The Jericho principle :how companies use strategic collaboration to find new sources of value /,"Welborn, Ralph,; Kasten, Vincent A.","J. Wiley,",2003,N/A,N/A, Management. Industrial Management,EBOOKS,https://libswu.on.worldcat.org/oclc/52631780
52645800,Why the bottom line isn't! :how to build value through people and organization /,"Ulrich, David,; Smallwood, W. Norman.","Wiley,",2003,N/A,N/A, Management. Industrial Management,EBOOKS,https://libswu.on.worldcat.org/oclc/52645800
52690290,The management of intangibles :the organisation's most valuable assets /,"Bounfour, Ahmed.","Routledge,",2003,N/A,N/A, Management. Industrial Management,EBOOKS,https://libswu.on.worldcat.org/oclc/52690290
52716624,Leading out loud :inspiring change through authentic communication /,"Pearce, Terry,","Jossey-Bass,",2003,N/A,N/A, Management. Industrial Management,EBOOKS,https://libswu.on.worldcat.org/oclc/52716624
52716785,Managing knowledge for sustained competitive advantage :designing strategies for effective human resource management /,"Jackson, Susan E.Hitt, Michael A.DeNisi, Angelo S.","Jossey-Bass,",2003,N/A,N/A, Management. Industrial Management,EBOOKS,https://libswu.on.worldcat.org/oclc/52716785
52717744,Rebuilding the corporate genome :unlocking the real value of your business /,"Aurik, Johan C.; Jonk, Gillis J.Willen, Robert E.","John Wiley,",2003,N/A,N/A, Management. Industrial Management,EBOOKS,https://libswu.on.worldcat.org/oclc/52717744
52722448,Absolute honesty :building a corporate culture that values straight talk and rewards integrity /,"Johnson, Larry,; Phillips, Bob,","AMACOM, American Management Association,",2003,N/A,N/A, Management. Industrial Management,EBOOKS,https://libswu.on.worldcat.org/oclc/52722448
52722613,Built to learn :the inside story of how Rockwell Collins became a true learning organization /,"Purington, Cliff,; Butler, Chris,Fister Gale, Sarah,","Amacom, American Management Association,",2003,N/A,N/A, Management. Industrial Management,EBOOKS,https://libswu.on.worldcat.org/oclc/52722613
52722658,Conquering consumerspace :marketing strategies for a branded world /,"Solomon, Michael R.","AMACOM,",2003,N/A,N/A, Management. Industrial Management,EBOOKS,https://libswu.on.worldcat.org/oclc/52722658
52722701,Cracking the corporate code :the revealing success stories of 32 African-American executives /,"Cobbs, Price M.; Turnock, Judith L.","American Management Association,",2003,N/A,N/A, Management. Industrial Management,EBOOKS,https://libswu.on.worldcat.org/oclc/52722701
52722861,Understanding organizations through culture and structure :relational and other lessons from the African-American organization /,"Nicotera, Anne Maydan,; Clinkscales, Marcia J.Walker, Felicia R.","Lawrence Erlbaum,",2003,N/A,N/A, Management. Industrial Management,EBOOKS,https://libswu.on.worldcat.org/oclc/52722861
52723146,The strongest link :forging a profitable and enduring corporate alliance /,"Slowinski, Gene,; Sagal, Matthew W.,","AMACOM,",2003,N/A,N/A, Management. Industrial Management,EBOOKS,https://libswu.on.worldcat.org/oclc/52723146
52723186,When Goliaths clash :managing executive conflict to build a more dynamic organization /,"Guttman, Howard M.","American Management Association,",2003,N/A,N/A, Management. Industrial Management,EBOOKS,https://libswu.on.worldcat.org/oclc/52723186
52723298,"Winning behavior :what the smartest, most successful companies do differently /","Bacon, Terry R.; Pugh, David G.","Amacom,",2003,N/A,N/A, Management. Industrial Management,EBOOKS,https://libswu.on.worldcat.org/oclc/52723298
52729273,Financial risk manager handbook /,"Jorion, Philippe,; Global Association of Risk Professionals.","Wiley,",2003,N/A,N/A, Management. Industrial Management,EBOOKS,https://libswu.on.worldcat.org/oclc/52729273
52729285,"Organizing change :an inclusive, systemic approach to maintain productivity and achieve results /","Lee, William W.; Krayer, Karl J.,","Pfeiffer,",2003,N/A,N/A, Management. Industrial Management,EBOOKS,https://libswu.on.worldcat.org/oclc/52729285
52731788,Brand new justice :the upside of global branding /,"Anholt, Simon.","Butterworth-Heinemann,",2003,N/A,N/A, Management. Industrial Management,EBOOKS,https://libswu.on.worldcat.org/oclc/52731788
52731868,Leadership for follower commitment /,"Cooper, David J.","Butterworth-Heinemann,",2003,N/A,N/A, Management. Industrial Management,EBOOKS,https://libswu.on.worldcat.org/oclc/52731868
52752746,Why CEOs fail :the 11 behaviors that can derail your climb to the top--and how to manage them /,"Dotlich, David L.; Cairo, Peter C.,","Jossey-Bass,",2003,N/A,N/A, Management. Industrial Management,EBOOKS,https://libswu.on.worldcat.org/oclc/52752746
52754362,Affiliation in the workplace :value creation in the new organization /,"Elsdon, Ron,","Praeger,",2003,N/A,N/A, Management. Industrial Management,EBOOKS,https://libswu.on.worldcat.org/oclc/52754362
52755101,"Pricing communication networks :economics, technology, and modelling /","Courcoubetis, Costas.; Weber, Richard,","Wiley,",2003,N/A,N/A, Management. Industrial Management,EBOOKS,https://libswu.on.worldcat.org/oclc/52755101
52761545,"Corporate diplomacy :the strategy for a volatile, fragmented business environment /","Steger, Ulrich.","Wiley,",2003,N/A,N/A, Management. Industrial Management,EBOOKS,https://libswu.on.worldcat.org/oclc/52761545
52891717,Managing business relationships /,"Ford, David,","J. Wiley,",2003,N/A,N/A, Management. Industrial Management,EBOOKS,https://libswu.on.worldcat.org/oclc/52891717
52898074,The partnering imperative :making business partnerships work /,"Deering, Anne,; Murphy, Anne,","J. Wiley,",2003,N/A,N/A, Management. Industrial Management,EBOOKS,https://libswu.on.worldcat.org/oclc/52898074
52898220,High-involvement innovation :building and sustaining competitive advantage through continuous change /,"Bessant, J. R.","J. Wiley,",2003,N/A,N/A, Management. Industrial Management,EBOOKS,https://libswu.on.worldcat.org/oclc/52898220
52940874,Knowledge management research & practice.,Operational Research Society (Great Britain),"Palgrave Macmillan,",2003,N/A,1477-8246, Management. Industrial Management,EJOURNALS/EMAGAZINES,https://libswu.on.worldcat.org/oclc/52940874
52986481,Innovation as strategic reflexivity /,"Sundbo, Jon.Fuglsang, Lars.","Routledge,",2003,N/A,N/A, Management. Industrial Management,EBOOKS,https://libswu.on.worldcat.org/oclc/52986481
52989906,The six dilemmas of collaboration :inter-organisational relationships as drama /,"Bryant, James W.,","Wiley,",2003,N/A,N/A, Management. Industrial Management,EBOOKS,https://libswu.on.worldcat.org/oclc/52989906
52993778,"Corporate and organizational identities :integrating strategy, marketing, communication and organizational perspectives /","Moingeon, Bertrand.Soenen, Guillaume B.","Routledge,",2003,N/A,N/A, Management. Industrial Management,EBOOKS,https://libswu.on.worldcat.org/oclc/52993778
52995337,Tools for thinking :modelling in management science /,"Pidd, Michael.","Wiley,",2003,N/A,N/A, Management. Industrial Management,EBOOKS,https://libswu.on.worldcat.org/oclc/52995337
52995555,The Lombardi rules :26 lessons from Vince Lombardi-- the world's greatest coach /,"Lombardi, Vince.","McGraw-Hill,",2003,N/A,N/A, Management. Industrial Management,EBOOKS,https://libswu.on.worldcat.org/oclc/52995555
52996338,From followers to leaders :managing technology and innovation in newly industrializing countries /,"Forbes, Naushad,; Wield, David.","Routledge,",2003,N/A,N/A, Management. Industrial Management,EBOOKS,https://libswu.on.worldcat.org/oclc/52996338
52996839,Strategic operations management :the new competitive advantage /,"Lowson, Robert H.,","Routledge,",2003,N/A,N/A, Management. Industrial Management,EBOOKS,https://libswu.on.worldcat.org/oclc/52996839
53004883,Running the successful hi-tech project office /,"Miranda, Eduardo,","Artech House,",2003,N/A,N/A, Management. Industrial Management,EBOOKS,https://libswu.on.worldcat.org/oclc/53004883
53011658,Brain storm :tap into your creativity to generate awesome ideas and remarkable results /,"Rich, Jason.","Career Press,",2003,N/A,N/A, Management. Industrial Management,EBOOKS,https://libswu.on.worldcat.org/oclc/53011658
53014743,Time management /,"Mancini, Marc.","McGraw-Hill,",2003,N/A,N/A, Management. Industrial Management,EBOOKS,https://libswu.on.worldcat.org/oclc/53014743
53023827,"Supply chains, markets and power :mapping buyer and supplier power regimes /","Cox, Andrew W.","Routledge,",2003,N/A,N/A, Management. Industrial Management,EBOOKS,https://libswu.on.worldcat.org/oclc/53023827
53025433,Managing risk in organizations :a guide for managers /,"Frame, J. Davidson.","Jossey-Bass,",2003,N/A,N/A, Management. Industrial Management,EBOOKS,https://libswu.on.worldcat.org/oclc/53025433
53025878,Strategic innovation :embedding innovation as a core competency in your organization /,"Snyder, Nancy Tennant,; Duarte, Deborah L.,","Jossey-Bass,",2003,N/A,N/A, Management. Industrial Management,EBOOKS,https://libswu.on.worldcat.org/oclc/53025878
53025917,"Strategic planning for success :aligning people, performance, and payoffs /","Kaufman, Roger A.","Jossey-Bass/Pfeiffer,",2003,N/A,N/A, Management. Industrial Management,EBOOKS,https://libswu.on.worldcat.org/oclc/53025917
53026247,From cost to performance management :a blueprint for organizational development /,"Stenzel, Catherine.; Stenzel, Joe.","J. Wiley & Sons,",2003,N/A,N/A, Management. Industrial Management,EBOOKS,https://libswu.on.worldcat.org/oclc/53026247
53045956,"The Powell principles :24 lessons from Colin Powell, a legendary leader /","Harari, Oren.","McGraw-Hill,",2003,N/A,N/A, Management. Industrial Management,EBOOKS,https://libswu.on.worldcat.org/oclc/53045956
53061857,What the best CEOs know :7 exceptional leaders and their lessons for transforming any business /,"Krames, Jeffrey A.","McGraw-Hill,",2003,N/A,N/A, Management. Industrial Management,EBOOKS,https://libswu.on.worldcat.org/oclc/53061857
53073058,Game theory at work :how to use game theory to outthink and outmaneuver your competition /,"Miller, James D.","McGraw-Hill,",2003,N/A,N/A, Management. Industrial Management,EBOOKS,https://libswu.on.worldcat.org/oclc/53073058
53080274,Supply chain excellence :a handbook for dramatic improvement using the SCOR model /,"Bolstorff, Peter.; Rosenbaum, Robert","American Management Association,",2003,N/A,N/A, Management. Industrial Management,EBOOKS,https://libswu.on.worldcat.org/oclc/53080274
53080354,Demystifying six sigma :a company-wide approach to continuous improvement /,"Larson, Alan.","AMACOM,",2003,N/A,N/A, Management. Industrial Management,EBOOKS,https://libswu.on.worldcat.org/oclc/53080354
53080448,"Collaborative planning, forecasting, and replenishment :how to create a supply chain advantage /","Seifert, Dirk.","AMACOM,",2003,N/A,N/A, Management. Industrial Management,EBOOKS,https://libswu.on.worldcat.org/oclc/53080448
53094296,The future of leadership development /,"Kravis-deRoulet Leadership Conference; Murphy, Susan E.Riggio, Ronald E.","Lawrence Erlbaum Associates,",2003,N/A,N/A, Management. Industrial Management,EBOOKS,https://libswu.on.worldcat.org/oclc/53094296
53119111,The conflict and communication activity book :30 high-impact training exercises for adult learners /,"Withers, Bill.; Lewis, Keami D.","AMACOM,",2003,N/A,N/A, Management. Industrial Management,EBOOKS,https://libswu.on.worldcat.org/oclc/53119111
53119760,The new manager's handbook :24 lessons for mastering your new role /,"Stettner, Morey.","McGraw-Hill,",2003,N/A,N/A, Management. Industrial Management,EBOOKS,https://libswu.on.worldcat.org/oclc/53119760
53166159,Measuring performance in public and nonprofit organizations /,"Poister, Theodore H.","Jossey-Bass,",2003,N/A,N/A, Management. Industrial Management,EBOOKS,https://libswu.on.worldcat.org/oclc/53166159
53179812,Quality /,"Beckford, John,","Routledge,",2002,N/A,N/A, Management. Industrial Management,EBOOKS,https://libswu.on.worldcat.org/oclc/53179812
53206783,Project management :achieving project bottom-line succe$$ /,"Pinkerton, William J.","McGraw-Hill,",2003,N/A,N/A, Management. Industrial Management,EBOOKS,https://libswu.on.worldcat.org/oclc/53206783
53207248,Information and communication technology for competitive intelligence /,"Vriens, Dirk Jaap,","Idea Group Pub.,",2004,N/A,N/A, Management. Industrial Management,EBOOKS,https://libswu.on.worldcat.org/oclc/53207248
53207253,Redesigning human systems /,"Mumford, Enid.","Information Science Pub.,",2003,N/A,N/A, Management. Industrial Management,EBOOKS,https://libswu.on.worldcat.org/oclc/53207253
53207503,Neural networks in business forecasting /,"Zhang, G. Peter,","Idea Group Pub.,",2004,N/A,N/A, Management. Industrial Management,EBOOKS,https://libswu.on.worldcat.org/oclc/53207503
53236389,Logistics :an introduction to supply chain management /,"Waters, C. D. J.","Palgrave Macmillan,",2003,N/A,N/A, Management. Industrial Management,EBOOKS,https://libswu.on.worldcat.org/oclc/53236389
53237187,Annals of cases on information technology.,N/A,"Idea Group,",2003,N/A,N/A, Management. Industrial Management,EBOOKS,https://libswu.on.worldcat.org/oclc/53237187
53237271,"Electronic commerce in small to medium-sized enterprises :frameworks, issues and implications /","Al-Qirim, Nabeel A. Y.,","Idea,",2004,N/A,N/A, Management. Industrial Management,EBOOKS,https://libswu.on.worldcat.org/oclc/53237271
53237892,Strategies for information technology governance /,"Van Grembergen, Wim,","Idea Group Pub.,",2004,N/A,N/A, Management. Industrial Management,EBOOKS,https://libswu.on.worldcat.org/oclc/53237892
53238165,Trust in knowledge management and systems in organizations /,"Huotari, Maija-Leena.Iivonen, Mirja.","Idea Group Pub.,",2004,N/A,N/A, Management. Industrial Management,EBOOKS,https://libswu.on.worldcat.org/oclc/53238165
53241541,"Virtual teams :projects, protocols and processes /","Pauleen, David J.,","Idea Group Pub.,",2004,N/A,N/A, Management. Industrial Management,EBOOKS,https://libswu.on.worldcat.org/oclc/53241541
53333797,Negotiating moves :problem presentation and resolution in Japanese business discourse /,"Yotsukura, Lindsay Amthor.","Elsevier,",2003,N/A,N/A, Management. Industrial Management,EBOOKS,https://libswu.on.worldcat.org/oclc/53333797
53344329,Understanding the small family business /,"Fletcher, Denise E.,","Routledge,",2003,N/A,N/A, Management. Industrial Management,EBOOKS,https://libswu.on.worldcat.org/oclc/53344329
53371789,Multiple commitments in the workplace :an integrative approach /,"Cohen, Aaron,","Lawrence Erlhaum Associates,",2003,N/A,N/A, Management. Industrial Management,EBOOKS,https://libswu.on.worldcat.org/oclc/53371789
53382611,The accidental manager :get the skills you need to excel in your new career /,"Topchik, Gary S.","AMACOM, American Management Association,",2004,N/A,N/A, Management. Industrial Management,EBOOKS,https://libswu.on.worldcat.org/oclc/53382611
53400843,Defending the brand :aggressive strategies for protecting your brand in the online arena /,"Murray, Brian H.,","American Management Association,",2004,N/A,N/A, Management. Industrial Management,EBOOKS,https://libswu.on.worldcat.org/oclc/53400843
53400847,"Early warning :using competitive intelligence to anticipate market shifts, control risk, and create powerful strategies /","Gilad, Benjamin.","American Management Association,",2004,N/A,N/A, Management. Industrial Management,EBOOKS,https://libswu.on.worldcat.org/oclc/53400847
53403531,How to succeed as a lifestyle entrepreneur :running a business without letting it run your life /,"Schine, Gary L.","Dearborn Trade,",2003,N/A,N/A, Management. Industrial Management,EBOOKS,https://libswu.on.worldcat.org/oclc/53403531
53448124,Staying power :30 secrets invincible executives use for getting to the top-and staying there /,"Schweich, Thomas A.,","Contemporary Books,",2003,N/A,N/A, Management. Industrial Management,EBOOKS,https://libswu.on.worldcat.org/oclc/53448124
53448125,The art of what works :how success really happens /,"Duggan, William.","McGraw-Hill,",2003,N/A,N/A, Management. Industrial Management,EBOOKS,https://libswu.on.worldcat.org/oclc/53448125
53448139,Leaning into Six Sigma :a parable of the journey to Six Sigma and a lean enterprise /,"Wheat, Barbara.; Mills, Chuck.Carnell, Mike.","McGraw-Hill,",2003,N/A,N/A, Management. Industrial Management,EBOOKS,https://libswu.on.worldcat.org/oclc/53448139
53455617,Deutsche Bank :leveraging human capital with the knowledge management system HRBase /,"Heier, Hauke.; Borgman, Hans Paul,","Idea Group Pub.,",2004,N/A,N/A, Management. Industrial Management,EBOOKS,https://libswu.on.worldcat.org/oclc/53455617
53455622,Towards a knowledge-sharing organization :some challenges faced on the Infosys journey /,"Kochikar, V. P.; Suresh, J. K.","Idea Group Pub.,",2004,N/A,N/A, Management. Industrial Management,EBOOKS,https://libswu.on.worldcat.org/oclc/53455622
53455624,A DSS model that aligns business strategy and business structure with advanced information technology :a case study /,"Theodorou, Petros.","Idea Group Pub.,",2004,N/A,N/A, Management. Industrial Management,EBOOKS,https://libswu.on.worldcat.org/oclc/53455624
53481923,Rath & Strong's Six Sigma team pocket guide /,"Federico, Mary.Beaty, Renee.; Rath & Strong.","McGraw-Hill,",2003,N/A,N/A, Management. Industrial Management,EBOOKS,https://libswu.on.worldcat.org/oclc/53481923
53481990,The power of strategy innovation :a new way of linking creativity and strategic planning to discover great business opportunities /,"Johnston, Robert E.,; Bate, J. Douglas.","AMACOM,",2003,N/A,N/A, Management. Industrial Management,EBOOKS,https://libswu.on.worldcat.org/oclc/53481990
53482019,Profit-focused supplier management :how to identify risks and recognize opportunities /,"Ostring, Pirkko,","AMACOM,",2004,N/A,N/A, Management. Industrial Management,EBOOKS,https://libswu.on.worldcat.org/oclc/53482019
53482029,Generating buy-in :mastering the language of leadership /,"Walton, Mark S.,","American Management Association,",2004,N/A,N/A, Management. Industrial Management,EBOOKS,https://libswu.on.worldcat.org/oclc/53482029
53482030,"Managing information technology projects :applying project management strategies to software, hardware, and integration initiatives /","Taylor, James,","American Management Association,",2004,N/A,N/A, Management. Industrial Management,EBOOKS,https://libswu.on.worldcat.org/oclc/53482030
53482702,What every new manager needs to know :making a successful transition to management /,"Gaynor, Gerard H.","AMACOM,",2004,N/A,N/A, Management. Industrial Management,EBOOKS,https://libswu.on.worldcat.org/oclc/53482702
53482703,How great decisions get made :10 easy steps for reaching agreement on even the toughest issues /,"Maruska, Don.","American Management Association,",2004,N/A,N/A, Management. Industrial Management,EBOOKS,https://libswu.on.worldcat.org/oclc/53482703
53482725,The state of nonprofit America /,"Salamon, Lester M.","Brookings Institution Press,",2002,N/A,N/A, Management. Industrial Management,EBOOKS,https://libswu.on.worldcat.org/oclc/53482725
53620269,The essential guide to managing small business growth /,"Wilson, Peter,; Bates, Sue,","Wiley,",2003,N/A,N/A, Management. Industrial Management,EBOOKS,https://libswu.on.worldcat.org/oclc/53620269
53712290,"Misbehavior in organizations :theory, research, and management /","Ṿardi, Yoʼav,; Weitz, Ely.","L. Erlbaum,",2004,N/A,N/A, Management. Industrial Management,EBOOKS,https://libswu.on.worldcat.org/oclc/53712290
53795835,Risk management and capital adequacy /,"Gallati, Reto R.","McGraw-Hill,",2003,N/A,N/A, Management. Industrial Management,EBOOKS,https://libswu.on.worldcat.org/oclc/53795835
53795841,Organizing business knowledge :the MIT process handbook /,"Malone, Thomas W.Crowston, Kevin.Herman, George A.","MIT Press,",2003,N/A,N/A, Management. Industrial Management,EBOOKS,https://libswu.on.worldcat.org/oclc/53795841
53796665,Public sector data management in a developing economy /,"Law, Wai K.","Idea Group Pub.,",2004,N/A,N/A, Management. Industrial Management,EBOOKS,https://libswu.on.worldcat.org/oclc/53796665
53798313,Building automation into existing business processes /,"Paper, David.; Mok, Wai.Rodger, James A.,","Idea Group Pub.,",2004,N/A,N/A, Management. Industrial Management,EBOOKS,https://libswu.on.worldcat.org/oclc/53798313
53817946,Challenges in the adoption of information technology at Sunrise Industries :the case of an Indian firm /,"Tarafdar, Monideepa.; Vaidya, Sanjiv D.","Idea Group Pub.,",2004,N/A,N/A, Management. Industrial Management,EBOOKS,https://libswu.on.worldcat.org/oclc/53817946
53817981,Workflow-supported invoice management :the case of a system implementation at a German media company /,"Lang, Karl R.","Idea Group Pub.,",2004,N/A,N/A, Management. Industrial Management,EBOOKS,https://libswu.on.worldcat.org/oclc/53817981
53826271,Implementation of a network print management system :lessons learned /,"Kelley, George.; Regan, Elizabeth Ann.Hunt, C. Stephen.","Idea Group Pub.,",2004,N/A,N/A, Management. Industrial Management,EBOOKS,https://libswu.on.worldcat.org/oclc/53826271
53840744,High-value IT consulting :12 keys to a thriving practice /,"Purba, Sanjiv.; Delaney, Bob.","McGraw-Hill/Osborne,",2003,N/A,N/A, Management. Industrial Management,EBOOKS,https://libswu.on.worldcat.org/oclc/53840744
53875082,Great communication secrets of great leaders /,"Baldoni, John.","McGraw-Hill,",2003,N/A,N/A, Management. Industrial Management,EBOOKS,https://libswu.on.worldcat.org/oclc/53875082
53880693,Reshaping change :a processual perspective /,"Dawson, Patrick.","Routledge,",2003,N/A,N/A, Management. Industrial Management,EBOOKS,https://libswu.on.worldcat.org/oclc/53880693
53885350,Management :inventing and delivering its future /,"Kochan, Thomas A.Schmalensee, Richard.; Sloan School of Management.","MIT Press,",2003,N/A,N/A, Management. Industrial Management,EBOOKS,https://libswu.on.worldcat.org/oclc/53885350
53886549,Alliance capitalism and corporate management :entrepreneurial cooperation in knowledge based economies /,"Dunning, John H.Boyd, Gavin.","Edward Elgar Pub.,",2003,N/A,N/A, Management. Industrial Management,EBOOKS,https://libswu.on.worldcat.org/oclc/53886549
53886569,Economies of network industries /,"Gottinger, Hans-Werner.","Routledge,",2003,N/A,N/A, Management. Industrial Management,EBOOKS,https://libswu.on.worldcat.org/oclc/53886569
53887208,Globalization and entrepreneurship :policy and strategy perspectives /,"Etemad, Hamid.Wright, Richard W.,","Edward Elgar,",2003,N/A,N/A, Management. Industrial Management,EBOOKS,https://libswu.on.worldcat.org/oclc/53887208
53888254,"The new economic analysis of multinationals :an agenda for management, policy and research /","Brewer, Thomas L.,Young, Stephen,Guisinger, Stephen E.","Edward Elgar,",2003,N/A,N/A, Management. Industrial Management,EBOOKS,https://libswu.on.worldcat.org/oclc/53888254
53888286,The trust process in organizations :empirical studies of the determinants and the process of trust development /,"Nooteboom, B.Six, Frédérique,","Edward Elgar,",2003,N/A,N/A, Management. Industrial Management,EBOOKS,https://libswu.on.worldcat.org/oclc/53888286
53896293,Not just a living :the complete guide to creating a business that gives you a life /,"Henricks, Mark.","Perseus,",2003,N/A,N/A, Management. Industrial Management,EBOOKS,https://libswu.on.worldcat.org/oclc/53896293
53896333,False prophets :the gurus who created modern management and why their ideas are bad for business today /,"Hoopes, James,","Perseus Pub.,",2003,N/A,N/A, Management. Industrial Management,EBOOKS,https://libswu.on.worldcat.org/oclc/53896333
53898812,Marketing your consulting services /,"Biech, Elaine.","Pfeiffer,",2003,N/A,N/A, Management. Industrial Management,EBOOKS,https://libswu.on.worldcat.org/oclc/53898812
53907164,Performance-based management :what every manager should do to get results /,"Hale, Judith A.","Pfeiffer,",2004,N/A,N/A, Management. Industrial Management,EBOOKS,https://libswu.on.worldcat.org/oclc/53907164
53907187,"Organization development at work :conversations on the values, applications, and future of OD /","Wheatley, Margaret J.","Pfeiffer,",2003,N/A,N/A, Management. Industrial Management,EBOOKS,https://libswu.on.worldcat.org/oclc/53907187
53909066,The leadership challenge workbook /,"Kouzes, James M.,; Posner, Barry Z.","Jossey-Bass,",2003,N/A,N/A, Management. Industrial Management,EBOOKS,https://libswu.on.worldcat.org/oclc/53909066
53910960,Energize your workplace :how to create and sustain high-quality connections at work /,"Dutton, Jane E.","Jossey-Bass,",2003,N/A,N/A, Management. Industrial Management,EBOOKS,https://libswu.on.worldcat.org/oclc/53910960
53910969,Authentic leadership :rediscovering the secrets to creating lasting value /,"George, Bill","Jossey-Bass,",2003,N/A,N/A, Management. Industrial Management,EBOOKS,https://libswu.on.worldcat.org/oclc/53910969
53910980,"Reframing organizations :artistry, choice, and leadership /","Bolman, Lee G.; Deal, Terrence E.","Jossey-Bass,",2003,N/A,N/A, Management. Industrial Management,EBOOKS,https://libswu.on.worldcat.org/oclc/53910980
53914732,Foundations of risk analysis :a knowledge and decision-oriented perspective /,"Aven, Terje.","Wiley,",2003,N/A,N/A, Management. Industrial Management,EBOOKS,https://libswu.on.worldcat.org/oclc/53914732
53934782,The WetFeet insider guide to careers in management consulting /,WetFeet.com (Firm),"WetFeet,",2003,N/A,N/A, Management. Industrial Management,EBOOKS,https://libswu.on.worldcat.org/oclc/53934782
53934944,The WetFeet insider guide to careers in brand management /,WetFeet.com (Firm),"WetFeet,",2003,N/A,N/A, Management. Industrial Management,EBOOKS,https://libswu.on.worldcat.org/oclc/53934944
53935134,Ace your case! :the Wetfeet insider guide to consulting interviews.,N/A,"WetFeet, Inc.,",2003,N/A,N/A, Management. Industrial Management,EBOOKS,https://libswu.on.worldcat.org/oclc/53935134
53947763,Intellectual property and innovation management in small firms /,"Blackburn, Robert A.,","Routledge,",2003,N/A,N/A, Management. Industrial Management,EBOOKS,https://libswu.on.worldcat.org/oclc/53947763
53950565,The WetFeet insider guide to the top 25 consulting firms /,WetFeet.com (Firm),"WetFeet,",2003,N/A,N/A, Management. Industrial Management,EBOOKS,https://libswu.on.worldcat.org/oclc/53950565
53951918,"The WetFeet insider guide to consulting for PhDs, doctors, and lawyers /",WetFeet.com (Firm),"WetFeet,",2003,N/A,N/A, Management. Industrial Management,EBOOKS,https://libswu.on.worldcat.org/oclc/53951918
53952008,The WetFeet insider guide to the Boston Consulting Group /,WetFeet.com (Firm),"WetFeet,",2003,N/A,N/A, Management. Industrial Management,EBOOKS,https://libswu.on.worldcat.org/oclc/53952008
53952142,The WetFeet insider guide to Deloitte Consulting /,WetFeet.com (Firm),"WetFeet,",2003,N/A,N/A, Management. Industrial Management,EBOOKS,https://libswu.on.worldcat.org/oclc/53952142
53952149,The WetFeet insider guide to Bain & Company /,WetFeet.com (Firm),"WetFeet,",2003,N/A,N/A, Management. Industrial Management,EBOOKS,https://libswu.on.worldcat.org/oclc/53952149
53952159,The WetFeet insider guide to McKinsey & Co /,WetFeet.com (Firm),"WetFeet,",2003,N/A,N/A, Management. Industrial Management,EBOOKS,https://libswu.on.worldcat.org/oclc/53952159
53956524,Practical risk management :an executive guide to avoiding surprises and losses /,"Banks, Erik.; Dunn, Richard.","J. Wiley,",2003,N/A,N/A, Management. Industrial Management,EBOOKS,https://libswu.on.worldcat.org/oclc/53956524
53964229,The simplicity survival handbook :32 ways to do less and accomplish more /,"Jensen, Bill,","Basic Books,",2003,N/A,N/A, Management. Industrial Management,EBOOKS,https://libswu.on.worldcat.org/oclc/53964229
53975170,Responding to crisis :a rhetorical approach to crisis communication /,"Millar, Dan Pyle,Heath, Robert L.","Lawrence Erlbaum,",2004,N/A,N/A, Management. Industrial Management,EBOOKS,https://libswu.on.worldcat.org/oclc/53975170
53978901,Knowledge coordination /,"Silva, Flávio Soares Corrêa da.; Agustí-Cullel, Jaume.","Wiley,",2003,N/A,N/A, Management. Industrial Management,EBOOKS,https://libswu.on.worldcat.org/oclc/53978901
53987512,Inventing the organizations of the 21st century /,"Malone, Thomas W.Laubacher, Robert.Scott Morton, Michael S.; Sloan School of Management.","MIT Press,",2003,N/A,N/A, Management. Industrial Management,EBOOKS,https://libswu.on.worldcat.org/oclc/53987512
54026772,"Managing projects in organizations :how to make the best use of time, techniques, and people /","Frame, J. Davidson.","Jossey-Bass,",2003,N/A,N/A, Management. Industrial Management,EBOOKS,https://libswu.on.worldcat.org/oclc/54026772
54028153,The solution path :a step-by-step guide to turning your workplace problems into opportunities /,"Sioukas, Tasos,","Jossey-Bass,",2003,N/A,N/A, Management. Industrial Management,EBOOKS,https://libswu.on.worldcat.org/oclc/54028153
54054309,Dynamic scheduling with Microsoft Project 2002 :the book by and for professionals /,"Uyttewaal, Eric.","J. Ross Pub.,",2003,N/A,N/A, Management. Industrial Management,EBOOKS,https://libswu.on.worldcat.org/oclc/54054309
54061088,Digital deflation :the productivity revolution and how it will ignite the economy /,"Tanaka, Graham Y.","McGraw-Hill,",2004,N/A,N/A, Management. Industrial Management,EBOOKS,https://libswu.on.worldcat.org/oclc/54061088
54061206,The project manager's pocket survival guide /,"Lewis, James P.,","McGraw-Hill,",2003,N/A,N/A, Management. Industrial Management,EBOOKS,https://libswu.on.worldcat.org/oclc/54061206
54092966,Big in Asia :25 strategies for business success /,"Backman, Michael,; Butler, Charlotte.","Palgrave Macmillan,",2003,N/A,N/A, Management. Industrial Management,EBOOKS,https://libswu.on.worldcat.org/oclc/54092966
54103586,Cowboys and dragons :shattering cultural myths to advance Chinese-American business /,"Lee, Charles","Dearborn Trade Pub.,",2003,N/A,N/A, Management. Industrial Management,EBOOKS,https://libswu.on.worldcat.org/oclc/54103586
54312680,International journal of productivity and performance management.,N/A,"Emerald,",2004,N/A,1758-6658, Management. Industrial Management,EJOURNALS/EMAGAZINES,https://libswu.on.worldcat.org/oclc/54312680
54313017,Journal of enterprise information management.,N/A,"Emerald,",2004,N/A,1758-7409, Management. Industrial Management,EJOURNALS/EMAGAZINES,https://libswu.on.worldcat.org/oclc/54313017
54354931,Knowledge Economies in the Middle East and North Africa :Toward New Development Strategies.,"World Bank Forum on Knowledge for Development in the Middle East and North Africa; Aubert, Jean-Eric.Reiffers, Jean-Louis.","World Bank,",2003,N/A,N/A, Management. Industrial Management,EBOOKS,https://libswu.on.worldcat.org/oclc/54354931
54355747,International studies of management & organization.,N/A,"International Arts & Sciences Press, Inc.,M.E. Sharpe, Inc.",1971,N/A,1558-0911, Management. Industrial Management,EJOURNALS/EMAGAZINES,https://libswu.on.worldcat.org/oclc/54355747
54359600,"Business intelligence in the digital economy :opportunities, limitations, and risks /","Raisinghani, Mahesh S.,","Idea Group Pub.,",2004,N/A,N/A, Management. Industrial Management,EBOOKS,https://libswu.on.worldcat.org/oclc/54359600
54360152,"Project management :a systems approach to planning, scheduling, and controlling /","Kerzner, Harold.","Wiley,",2003,N/A,N/A, Management. Industrial Management,EBOOKS,https://libswu.on.worldcat.org/oclc/54360152
54407194,RISKNEWS.,N/A,"Wiley-VCH Verlag & Co. KGaA,",2004,N/A,1616-0045, Management. Industrial Management,EJOURNALS/EMAGAZINES,https://libswu.on.worldcat.org/oclc/54407194
54448185,"Virtual and collaborative teams :process, technologies, and practice /","Godar, Susan Hayes,Ferris, Sharmila Pixy.","Idea Group Pub.,",2004,N/A,N/A, Management. Industrial Management,EBOOKS,https://libswu.on.worldcat.org/oclc/54448185
54448204,The enterprise resource planning decade :lessons learned and issues for the future /,"Adam, Frédéric.; Sammon, David,","Idea Group Pub.,",2003,N/A,N/A, Management. Industrial Management,EBOOKS,https://libswu.on.worldcat.org/oclc/54448204
54448243,Knowledge networks :innovation through communities of practice /,"Hildreth, Paul M.,Kimble, Chris.","Idea Group Pub.,",2004,N/A,N/A, Management. Industrial Management,EBOOKS,https://libswu.on.worldcat.org/oclc/54448243
54494370,Key issues in organizational communication /,"Tourish, Dennis.Hargie, Owen.","Routledge,",2004,N/A,N/A, Management. Industrial Management,EBOOKS,https://libswu.on.worldcat.org/oclc/54494370
54662856,Managing the global network corporation /,"McKern, Bruce.","Routledge,",2003,N/A,N/A, Management. Industrial Management,EBOOKS,https://libswu.on.worldcat.org/oclc/54662856
54703275,Project management process improvement /,"Wysocki, Robert K.","Artech House,",2004,N/A,N/A, Management. Industrial Management,EBOOKS,https://libswu.on.worldcat.org/oclc/54703275
54712934,Business plans to game plans :a practical system for turning strategies into action /,"King, Jan B.","Wiley,",2004,N/A,N/A, Management. Industrial Management,EBOOKS,https://libswu.on.worldcat.org/oclc/54712934
54751475,Value leadership :the 7 principles that drive corporate value in any economy /,"Cohan, Peter S.,","Jossey-Bass,",2003,N/A,N/A, Management. Industrial Management,EBOOKS,https://libswu.on.worldcat.org/oclc/54751475
54751496,The accidental leader :what to do when you're suddenly in charge /,"Robbins, Harvey.; Finley, Michael,","Jossey-Bass,",2004,N/A,N/A, Management. Industrial Management,EBOOKS,https://libswu.on.worldcat.org/oclc/54751496
54751545,Six sigma for financial professionals /,"Stamatis, D. H.,","John Wiley & Sons,",2003,N/A,N/A, Management. Industrial Management,EBOOKS,https://libswu.on.worldcat.org/oclc/54751545
54751546,"Productive workplaces revisited :dignity, meaning, and community in the 21st century /","Weisbord, Marvin Ross.; Weisbord, Marvin Ross.","Jossey-Bass,",2004,N/A,N/A, Management. Industrial Management,EBOOKS,https://libswu.on.worldcat.org/oclc/54751546
54768523,Decision analysis for management judgment /,"Goodwin, Paul.; Wright, George,","Wiley,",2004,N/A,N/A, Management. Industrial Management,EBOOKS,https://libswu.on.worldcat.org/oclc/54768523
54774467,Transfer pricing methods :an applications guide /,"Feinschreiber, Robert.","J. Wiley,",2004,N/A,N/A, Management. Industrial Management,EBOOKS,https://libswu.on.worldcat.org/oclc/54774467
54809110,Leading organizational learning :harnessing the power of knowledge /,"Goldsmith, Marshall.Morgan, Howard J.Ogg, Alexander J.,","Jossey-Bass,",2004,N/A,N/A, Management. Industrial Management,EBOOKS,https://libswu.on.worldcat.org/oclc/54809110
54861674,Anyone can do it :building Coffee Republic from our kitchen table : 57 real-life laws on entrepreneurship /,"Hashemi, Sahar.; Hashemi, Bobby.","Capstone,",2004,N/A,N/A, Management. Industrial Management,EBOOKS,https://libswu.on.worldcat.org/oclc/54861674
54863791,Into the unknown :leadership lessons from Lewis & Clark's daring westward adventure /,"Uldrich, Jack,; Lewis, Meriwether,Clark, William,","AMACOM,",2004,N/A,N/A, Management. Industrial Management,EBOOKS,https://libswu.on.worldcat.org/oclc/54863791
54863891,Roadmap to entrepreneurial success :powerful strategies for building a high-profit business /,"Price, Robert W.,","American Management Association,",2004,N/A,N/A, Management. Industrial Management,EBOOKS,https://libswu.on.worldcat.org/oclc/54863891
54863900,Time power :a proven system for getting more done in less time than you ever thought possible /,"Tracy, Brian.","AMACOM,",2004,N/A,N/A, Management. Industrial Management,EBOOKS,https://libswu.on.worldcat.org/oclc/54863900
54864130,Growing your company's leaders :how great organizations use succession management to sustain competitive advantage /,"Fulmer, Robert M.; Conger, Jay Alden.","AMACOM,",2004,N/A,N/A, Management. Industrial Management,EBOOKS,https://libswu.on.worldcat.org/oclc/54864130
54874846,Small firms and network economies /,"Perry, Martin,","Routledge,",1999,N/A,N/A, Management. Industrial Management,EBOOKS,https://libswu.on.worldcat.org/oclc/54874846
54891354,Managing transitions :making the most of change /,"Bridges, William,","Da Capo,",2003,N/A,N/A, Management. Industrial Management,EBOOKS,https://libswu.on.worldcat.org/oclc/54891354
54894184,Brand stretch :why 1 in 2 extensions fail and how to beat the odds : a brandgym workout /,"Taylor, David,","Wiley,",2004,N/A,N/A, Management. Industrial Management,EBOOKS,https://libswu.on.worldcat.org/oclc/54894184
54911110,2003 protecting value study :managing business risks.,Financial Executives Research Foundation.,"Financial Executives Research Foundation.,",2003,N/A,N/A, Management. Industrial Management,EBOOKS,https://libswu.on.worldcat.org/oclc/54911110
54912516,Atomic :reforming the business landscape into the new structures of tomorrow /,"Camrass, Roger.; Farncombe, Martin.","Capstone,",2004,N/A,N/A, Management. Industrial Management,EBOOKS,https://libswu.on.worldcat.org/oclc/54912516
54934826,Business performance intelligence software :a market evaluation /,"Sorensen, Dean.; Peckham, Ken.","Financial Executives Research Foundation,",2003,N/A,N/A, Management. Industrial Management,EBOOKS,https://libswu.on.worldcat.org/oclc/54934826
54937706,The emotionally intelligent manager :how to develop and use the four key emotional skills of leadership /,"Caruso, David.; Salovey, Peter.","Jossey-Bass,",2004,N/A,N/A, Management. Industrial Management,EBOOKS,https://libswu.on.worldcat.org/oclc/54937706
54937891,Performance management :finding the missing pieces (to close the intelligence gap) /,"Cokins, Gary.","John Wiley,",2004,N/A,N/A, Management. Industrial Management,EBOOKS,https://libswu.on.worldcat.org/oclc/54937891
54938370,Smart questions :learn to ask the right questions for powerful results /,"Nadler, Gerald.; Chandon, William J.","Jossey-Bass,",2004,N/A,N/A, Management. Industrial Management,EBOOKS,https://libswu.on.worldcat.org/oclc/54938370
54961820,"Business, the universe & everything :conversations with the world's greatest management thinkers /","Crainer, Stuart.; Dearlove, Des.","Capstone,",2003,N/A,N/A, Management. Industrial Management,EBOOKS,https://libswu.on.worldcat.org/oclc/54961820
54983645,Business as war :battling for competitive advantage /,"Allard, C. Kenneth","J. Wiley,",2004,N/A,N/A, Management. Industrial Management,EBOOKS,https://libswu.on.worldcat.org/oclc/54983645
55042456,Strategic organization.,N/A,"Sage Publications,",2003,N/A,1741-315X, Management. Industrial Management,EJOURNALS/EMAGAZINES,https://libswu.on.worldcat.org/oclc/55042456
55071243,What is COSO :defining the alliance that defined internal control /,"McCann, Tiffany.; Bace, Marla Markowitz.; Financial Executives Research Foundation.","Financial Executives Research Foundation,",2003,N/A,N/A, Management. Industrial Management,EBOOKS,https://libswu.on.worldcat.org/oclc/55071243
55080644,Designing solutions for your business problems :a structured process for managers and consultants /,"Vandenbosch, Betty,","Jossey-Bass,",2003,N/A,N/A, Management. Industrial Management,EBOOKS,https://libswu.on.worldcat.org/oclc/55080644
55084389,Creativity in virtual teams :key components for success /,"Nemiro, Jill E.,","Pfeiffer,",2004,N/A,N/A, Management. Industrial Management,EBOOKS,https://libswu.on.worldcat.org/oclc/55084389
55084417,Managing risk in nonprofit organizations :a comprehensive guide /,"Herman, Melanie L.","Wiley & Sons,",2004,N/A,N/A, Management. Industrial Management,EBOOKS,https://libswu.on.worldcat.org/oclc/55084417
55088542,The CCL guide to leadership in action :how managers and organizations can improve the practice of leadership /,"Wilcox, Martin.Rush, Stephen,; Center for Creative Leadership.","Jossey-Bass,",2004,N/A,N/A, Management. Industrial Management,EBOOKS,https://libswu.on.worldcat.org/oclc/55088542
55134310,Learning for innovation in the global knowledge economy :a European and south-east Asian perspective /,"Konstadakopulos, Dimitrios.","Intellect,",2004,N/A,N/A, Management. Industrial Management,EBOOKS,https://libswu.on.worldcat.org/oclc/55134310
55154132,"Innovation, entrepreneurship and culture :the interaction between technology, progress and economic growth /","Brown, Terrence E.,Ulijn, J. M.","E. Elgar Pub.,",2004,N/A,N/A, Management. Industrial Management,EBOOKS,https://libswu.on.worldcat.org/oclc/55154132
55199619,No excuse leadership :lessons from the U.S. Army's elite Rangers /,"Barber, Brace E.","Wiley,",2004,N/A,N/A, Management. Industrial Management,EBOOKS,https://libswu.on.worldcat.org/oclc/55199619
55199674,On the fly :executing strategy in a changing world /,"Wall, Stephen J.","John Wiley,",2004,N/A,N/A, Management. Industrial Management,EBOOKS,https://libswu.on.worldcat.org/oclc/55199674
55204423,Thinking beyond technology :creating new value in business /,"DiVanna, Joseph A.","Palgrave Macmillan,",2003,N/A,N/A, Management. Industrial Management,EBOOKS,https://libswu.on.worldcat.org/oclc/55204423
55218651,The skilled negotiator :mastering the language of engagement /,"Reardon, Kathleen Kelley.","Jossey-Bass,",2004,N/A,N/A, Management. Industrial Management,EBOOKS,https://libswu.on.worldcat.org/oclc/55218651
55233972,Operational risk with Excel and VBA :applied statistical methods for risk management /,"Lewis, Nigel Da Costa.","John Wiley & Sons,",2004,N/A,N/A, Management. Industrial Management,EBOOKS,https://libswu.on.worldcat.org/oclc/55233972
55487215,Being there without going there /,"Van Ness, George.; Van Ness, Keith.","Aspatore,",2003,N/A,N/A, Management. Industrial Management,EBOOKS,https://libswu.on.worldcat.org/oclc/55487215
55497276,Operational risk control with Basel II :basic principles and capital requirements /,"Chorafas, Dimitris N.","Elsevier Butterworth-Heinemann,",2004,N/A,N/A, Management. Industrial Management,EBOOKS,https://libswu.on.worldcat.org/oclc/55497276
56119743,The WetFeet insider guide to Accenture.,N/A,"WetFeet,",2003,N/A,N/A, Management. Industrial Management,EBOOKS,https://libswu.on.worldcat.org/oclc/56119743
56119850,The WetFeet insider guide to Booz Allen Hamilton /,N/A,"WetFeet,",2003,N/A,N/A, Management. Industrial Management,EBOOKS,https://libswu.on.worldcat.org/oclc/56119850
56218939,Electronic journal of organizational virtualness.,Virtual Organization Network.,Virtual Organization Network,1991,N/A,1422-9331, Management. Industrial Management,EJOURNALS/EMAGAZINES,https://libswu.on.worldcat.org/oclc/56218939
56341846,Using models to improve the supply chain /,"Poirier, Charles C.,","St. Lucie Press,",2004,N/A,N/A, Management. Industrial Management,EBOOKS,https://libswu.on.worldcat.org/oclc/56341846
56551310,Rethinking strategic learning /,"Vince, Russ.","Routledge,",2004,N/A,N/A, Management. Industrial Management,EBOOKS,https://libswu.on.worldcat.org/oclc/56551310
56605675,Extending the supply chain :how cutting-edge companies bridge the critical last mile into customers' homes /,"Boyer, Kenneth Karel,; Frohlich, Markham T.Hult, G. Tomas M.","American Management Association,",2004,N/A,N/A, Management. Industrial Management,EBOOKS,https://libswu.on.worldcat.org/oclc/56605675
56719579,Computational management science.,N/A,"Springer,",2003,N/A,1619-6988, Management. Industrial Management,EJOURNALS/EMAGAZINES,https://libswu.on.worldcat.org/oclc/56719579
56768131,"International assignments :an integration of strategy, research, and practice /","Stroh, Linda K.","Lawrence Erlbaum,",2005,N/A,N/A, Management. Industrial Management,EBOOKS,https://libswu.on.worldcat.org/oclc/56768131
57176221,Maximizing the enterprise information assets /,"Wells, Timothy D.; Sevilla, Christine.","Auerbach Publications,",2003,N/A,N/A, Management. Industrial Management,EBOOKS,https://libswu.on.worldcat.org/oclc/57176221
57245795,How professionals make decisions /,"Montgomery, Henry,Lipshitz, Raanan,Brehmer, Berndt,; Naturalistic Decision Making Conference","Lawrence Erlbaum Associates,",2005,N/A,N/A, Management. Industrial Management,EBOOKS,https://libswu.on.worldcat.org/oclc/57245795
57371373,Critical systems analysis and design :a personal framework approach /,"Patel, Nandish V.,","Routledge,",2005,N/A,N/A, Management. Industrial Management,EBOOKS,https://libswu.on.worldcat.org/oclc/57371373
58463546,"Interdisciplinary journal of information, knowledge, and management.",Informing Science Institute.,"Informing Science Institute,",2006,N/A,1555-1237, Management. Industrial Management,EJOURNALS/EMAGAZINES,https://libswu.on.worldcat.org/oclc/58463546
60404413,Leadership.,N/A,"Sage Publications,",2005,N/A,1742-7169, Management. Industrial Management,EJOURNALS/EMAGAZINES,https://libswu.on.worldcat.org/oclc/60404413
60619081,Journal of business economics,N/A,Springer,2000,N/A,1861-8928, Management. Industrial Management,EJOURNALS/EMAGAZINES,https://libswu.on.worldcat.org/oclc/60619081
60623228,International journal of conflict management.,N/A,"Center for Advanced Studies in Management,Emerald Group Publishing Limited",1990,N/A,1758-8545, Management. Industrial Management,EJOURNALS/EMAGAZINES,https://libswu.on.worldcat.org/oclc/60623228
60624433,Journal of leadership & organizational studies.,"Baker College (Flint, Mich.)Midwest Academy of Management,","Baker College,SAGE",2002,N/A,1939-7089, Management. Industrial Management,EJOURNALS/EMAGAZINES,https://libswu.on.worldcat.org/oclc/60624433
60628393,Journal of human values.,"Indian Institute of Management, Calcutta.",Sage Publications,1995,N/A,0973-0737, Management. Industrial Management,EJOURNALS/EMAGAZINES,https://libswu.on.worldcat.org/oclc/60628393
60842323,IT and organizational learning :managing change through technology and education /,"Langer, Arthur M.","Routledge,",2005,N/A,N/A, Management. Industrial Management,EBOOKS,https://libswu.on.worldcat.org/oclc/60842323
61106637,"Global information warfare :how businesses, governments, and others achieve objectives and attain competitive advantages /","Jones, Andy,; Kovacich, Gerald L.Luzwick, Perry G.","Auerbach Publications,",2002,N/A,N/A, Management. Industrial Management,EBOOKS,https://libswu.on.worldcat.org/oclc/61106637
61311506,Management international review.,"European Foundation for Management Development,","Betriebswirtschaftlicher Verlag,Springer Fachmedien",1966,N/A,1861-8901, Management. Industrial Management,EJOURNALS/EMAGAZINES,https://libswu.on.worldcat.org/oclc/61311506
61355206,Popular management books :how they are made and what they mean for organisations /,"Furusten, Staffan.","Routledge,",1999,N/A,N/A, Management. Industrial Management,EBOOKS,https://libswu.on.worldcat.org/oclc/61355206
61423453,"Handbook of scheduling :algorithms, models, and performance analysis /","Leung, Joseph Y-T.","Chapman & Hall/CRC,",2004,N/A,N/A, Management. Industrial Management,EBOOKS,https://libswu.on.worldcat.org/oclc/61423453
61463506,Protecting participants and facilitating social and behavioral sciences research /,"Citro, Constance F.Ilgen, Daniel R.Marrett, Cora Bagley.; National Research Council (U.S.).National Research Council (U.S.).National Research Council (U.S.).","National Academies Press,",2003,N/A,N/A, Management. Industrial Management,EBOOKS,https://libswu.on.worldcat.org/oclc/61463506
62157905,Critical incident management /,"Sterneckert, Alan B.","Auerbach,",2004,N/A,N/A, Management. Industrial Management,EBOOKS,https://libswu.on.worldcat.org/oclc/62157905
62188770,"Inter-firm collaboration, learning and networks :an integrated approach /","Nooteboom, B.","Routledge,",2004,N/A,N/A, Management. Industrial Management,EBOOKS,https://libswu.on.worldcat.org/oclc/62188770
62315099,The Routledge dictionary of business management /,"Statt, David A.,Statt, David A.,","Routledge,",2004,N/A,N/A, Management. Industrial Management,EBOOKS,https://libswu.on.worldcat.org/oclc/62315099
62364846,Critical perspectives on international business.,N/A,"Emerald,",2005,N/A,1758-6062, Management. Industrial Management,EJOURNALS/EMAGAZINES,https://libswu.on.worldcat.org/oclc/62364846
62475192,The networked supply chain :applying breakthrough BPM technology to meet relentless customer demands /,"Poirier, Charles C.,","J. Ross Pub. ;APICS,",2004,N/A,N/A, Management. Industrial Management,EBOOKS,https://libswu.on.worldcat.org/oclc/62475192
62890221,A practical approach to WBEM/CIM management /,"Hobbs, Chris.","Auerbach,",2004,N/A,N/A, Management. Industrial Management,EBOOKS,https://libswu.on.worldcat.org/oclc/62890221
63169456,"Business economics and finance with MATLAB, GIS and simulation models /","Anderson, Patrick L.","CRC Press/Chapman & Hall,",2005,N/A,N/A, Management. Industrial Management,EBOOKS,https://libswu.on.worldcat.org/oclc/63169456
64550194,Innovation at work :business skills /,"Holt, Katherine E.; American Society for Training and Development.","ASTD,",2003,N/A,N/A, Management. Industrial Management,EBOOKS,https://libswu.on.worldcat.org/oclc/64550194
64575232,Risk analysis in finance and insurance /,"Melʹnikov, A. V.,","Chapman & Hall/CRC,",2004,N/A,N/A, Management. Industrial Management,EBOOKS,https://libswu.on.worldcat.org/oclc/64575232
64711936,Supply market intelligence :a managerial handbook for building sourcing strategies /,"Handfield, Robert B.","Auerbach Publications,",2006,N/A,N/A, Management. Industrial Management,EBOOKS,https://libswu.on.worldcat.org/oclc/64711936
65216104,Journal of accounting & organizational change.,N/A,"Emerald Group Pub.,",2005,N/A,1832-5912, Management. Industrial Management,EJOURNALS/EMAGAZINES,https://libswu.on.worldcat.org/oclc/65216104
65520003,Baltic journal of management.,"Baltic Management Development Association,","Emerald Group Publishing Limited,",2006,N/A,1746-5273, Management. Industrial Management,EJOURNALS/EMAGAZINES,https://libswu.on.worldcat.org/oclc/65520003
67618161,Vision.,"Management Development Institute (New Delhi, India)",Management Development Institute,1997,N/A,N/A, Management. Industrial Management,EJOURNALS/EMAGAZINES,https://libswu.on.worldcat.org/oclc/67618161
67619960,Society and business review.,"Emerald Group Publishing,","Emerald Group Publishing,",2006,N/A,1746-5699, Management. Industrial Management,EJOURNALS/EMAGAZINES,https://libswu.on.worldcat.org/oclc/67619960
67765725,Academia :revista latinoamericana de administración.,"Consejo Latinoamericano de Escuelas de Administración.Universidad de Chile.Universidad de los Andes (Bogotá, Colombia).",Departamento de Administración de la Facultad de Ciencias Económicas y Administrativas de la Universidad de ChileFacultad de Administración de la Universidad de los Andes,1988,N/A,2056-5127, Management. Industrial Management,EJOURNALS/EMAGAZINES,https://libswu.on.worldcat.org/oclc/67765725
68710509,Integral logistics management :planning & control of comprehensive supply chains /,"Schönsleben, Paul.","CRC Press,",2004,N/A,N/A, Management. Industrial Management,EBOOKS,https://libswu.on.worldcat.org/oclc/68710509
70188996,Qualitative research in organizations and management :an international journal.,"Emerald Group Publishing,","Emerald Group Publishing Limited,",2006,N/A,1746-5656, Management. Industrial Management,EJOURNALS/EMAGAZINES,https://libswu.on.worldcat.org/oclc/70188996
70189016,Journal of modelling in management.,"Emerald Group Publishing,","Emerald Group Publishing,",2006,N/A,1746-5672, Management. Industrial Management,EJOURNALS/EMAGAZINES,https://libswu.on.worldcat.org/oclc/70189016
70253620,Business process management systems :strategy and implementation /,"Chang, James F.","Auerbach Publications,",2006,N/A,N/A, Management. Industrial Management,EBOOKS,https://libswu.on.worldcat.org/oclc/70253620
70722799,"The chemistry of change :problems, phases, and strategy /","Dupuy, François.","Palgrave,",2002,N/A,N/A, Management. Industrial Management,EBOOKS,https://libswu.on.worldcat.org/oclc/70722799
70738331,Organization and economic behaviour /,"Grandori, Anna.","Routledge,",2002,N/A,N/A, Management. Industrial Management,EBOOKS,https://libswu.on.worldcat.org/oclc/70738331
70748055,Business continuity planning :protecting your organization's life /,"Doughty, Ken.","Auerbach,",2001,N/A,N/A, Management. Industrial Management,EBOOKS,https://libswu.on.worldcat.org/oclc/70748055
70773778,"Enterprise knowledge portals :next-generation portal solutions for dynamic information access, better decision making, and maximum results /","Collins, Heidi.","AMACOM,",2003,N/A,N/A, Management. Industrial Management,EBOOKS,https://libswu.on.worldcat.org/oclc/70773778
70773904,Emotion in organizations /,"Fineman, Stephen.","Sage Publications,",2000,N/A,N/A, Management. Industrial Management,EBOOKS,https://libswu.on.worldcat.org/oclc/70773904
70773905,Understanding organizational change :the contemporary experience of people at work /,"Dawson, Patrick.","Sage Publications,",2003,N/A,N/A, Management. Industrial Management,EBOOKS,https://libswu.on.worldcat.org/oclc/70773905
70773917,Understanding organizational culture /,"Alvesson, Mats,","SAGE,",2002,N/A,N/A, Management. Industrial Management,EBOOKS,https://libswu.on.worldcat.org/oclc/70773917
70773919,Understanding emotion at work /,"Fineman, Stephen.","SAGE Publications,",2003,N/A,N/A, Management. Industrial Management,EBOOKS,https://libswu.on.worldcat.org/oclc/70773919
70773925,Essential readings in management learning /,"Grey, Christopher,Antonacopoulou, Elena P.","Sage,",2004,N/A,N/A, Management. Industrial Management,EBOOKS,https://libswu.on.worldcat.org/oclc/70773925
70774167,Psychology in organizations :the social identity approach /,"Haslam, S. Alexander.","Sage Publications,",2004,N/A,N/A, Management. Industrial Management,EBOOKS,https://libswu.on.worldcat.org/oclc/70774167
70774185,Innovative forms of organizing :international perspectives /,"Pettigrew, Andrew M.","Sage Publications,",2003,N/A,N/A, Management. Industrial Management,EBOOKS,https://libswu.on.worldcat.org/oclc/70774185
70774197,Sticky knowledge :barriers to knowing in the firm /,"Szulanski, Gabriel.","Sage Publications,",2003,N/A,N/A, Management. Industrial Management,EBOOKS,https://libswu.on.worldcat.org/oclc/70774197
70774199,The innovating organization /,"Pettigrew, Andrew M.Fenton, Evelyn M.","Sage,",2000,N/A,N/A, Management. Industrial Management,EBOOKS,https://libswu.on.worldcat.org/oclc/70774199
70774200,Understanding organizations through language /,"Tietze, Susanne.; Cohen, Laurie.Musson, Gill.","Sage publications,",2003,N/A,N/A, Management. Industrial Management,EBOOKS,https://libswu.on.worldcat.org/oclc/70774200
70774216,Rethinking strategy /,"Volberda, Henk Wijtze,Elfring, Tom,","SAGE Publications,",2001,N/A,N/A, Management. Industrial Management,EBOOKS,https://libswu.on.worldcat.org/oclc/70774216
70822084,Alliance capitalism and global business /,"Dunning, John H.","Routledge,",1997,N/A,N/A, Management. Industrial Management,EBOOKS,https://libswu.on.worldcat.org/oclc/70822084
71210773,Handbook of supply chain management /,"Ayers, James B.","St. Lucie Press ;APICS,",2001,N/A,N/A, Management. Industrial Management,EBOOKS,https://libswu.on.worldcat.org/oclc/71210773
71211138,Mining the middle ground :developing mid-level managers for strategic change /,"Williams, David N.,","St. Lucie Press,",2001,N/A,N/A, Management. Industrial Management,EBOOKS,https://libswu.on.worldcat.org/oclc/71211138
71212437,Basics of supply chain management /,"Fredendall, Lawrence D.; Hill, Ed,","St. Lucie Press ;APICS,",2001,N/A,N/A, Management. Industrial Management,EBOOKS,https://libswu.on.worldcat.org/oclc/71212437
71364849,Baseline.,N/A,"Ziff Davis Media Inc.,",2001,N/A,1541-3004, Management. Industrial Management,EJOURNALS/EMAGAZINES,https://libswu.on.worldcat.org/oclc/71364849
77073580,Management & organizational history.,N/A,Sage PublicationsTaylor & Francis,2006,N/A,1744-9367, Management. Industrial Management,EJOURNALS/EMAGAZINES,https://libswu.on.worldcat.org/oclc/77073580
77570117,Supply chain for liquids :out of the box approaches to liquid logistics /,"Klatch, Wally.","Auerbach Publications,",2005,N/A,N/A, Management. Industrial Management,EBOOKS,https://libswu.on.worldcat.org/oclc/77570117
77614674,"Optimizing human capital with a strategic project office :select, train, measure, and reward people for organization success /","Crawford, J. Kent.; Cabanis-Brewin, Jeannette.","Auerbach Publications,",2006,N/A,N/A, Management. Industrial Management,EBOOKS,https://libswu.on.worldcat.org/oclc/77614674
78615881,American journal of business.,N/A,"Ball State University,",2007,N/A,1935-5181, Management. Industrial Management,EJOURNALS/EMAGAZINES,https://libswu.on.worldcat.org/oclc/78615881
80246557,Lean Six Sigma logistics /,"Goldsby, Thomas J.; Martichenko, Robert,","J. Ross Pub.,",2005,N/A,N/A, Management. Industrial Management,EBOOKS,https://libswu.on.worldcat.org/oclc/80246557
82447970,Electronic markets.,N/A,N/A,1991,N/A,N/A, Management. Industrial Management,EJOURNALS/EMAGAZINES,https://libswu.on.worldcat.org/oclc/82447970
84145370,Mapping strategic knowledge /,"Huff, Anne Sigismund.Jenkins, Mark,","SAGE,",2002,N/A,N/A, Management. Industrial Management,EBOOKS,https://libswu.on.worldcat.org/oclc/84145370
84684206,Integrated performance management :a guide to strategy implementation /,"Verweire, Kurt.Berghe, L. van den","Sage,",2004,N/A,N/A, Management. Industrial Management,EBOOKS,https://libswu.on.worldcat.org/oclc/84684206
85357662,"IEEE ICMIT 2006 proceedings :2006 IEEE International Conference on Management of Innovation and Technology, 21-23 June 2006, Singapore.","IEEE International Conference on Management of Innovation and Technology; Chai, K. H.Hang, Chang C.Xie, M.; IEEE Engineering Management Society.National University of Singapore.","IEEE,",2006,N/A,N/A, Management. Industrial Management,EBOOKS,https://libswu.on.worldcat.org/oclc/85357662
85567662,Service oriented enterprises /,"Khoshafian, Setrag.","Auerbach Publications, Taylor & Francis Group,",2007,N/A,N/A, Management. Industrial Management,EBOOKS,https://libswu.on.worldcat.org/oclc/85567662
122931682,Reinventing lean :introducing lean management into the supply chain /,"Plenert, Gerhard Johannes.","Elsevier/Butterworth-Heinemann,",2007,N/A,N/A, Management. Industrial Management,EBOOKS,https://libswu.on.worldcat.org/oclc/122931682
123487212,Effective personal communication skills for public relations /,"Green, Andy,; Chartered Institute of Public Relations.","Kogan Page,",2006,N/A,N/A, Management. Industrial Management,EBOOKS,https://libswu.on.worldcat.org/oclc/123487212
123491821,Supply chain europe.,N/A,Via Media,2000,N/A,N/A, Management. Industrial Management,EJOURNALS/EMAGAZINES,https://libswu.on.worldcat.org/oclc/123491821
124041615,"International Multi-Conference on Computing in the Global Information Technology :(ICCGI 2007) : Gosier, Guadaloupe, March 4-9, 2007 : the Second International Workshop on IPv6 Today - Technology and Deployment (IPv6TD 2007) : the Second International Workshop on Modeling, Optimization, and Complexity (MOC 2007) /","International Multi-Conference on Computing in the Global Information Technology; Boicu, Mihai.; International Workshop on IPv6 Today - Technology and DeploymentInternational Workshop on Modeling, Optimization, and Complexity","[IEEE],",2007,N/A,N/A, Management. Industrial Management,EBOOKS,https://libswu.on.worldcat.org/oclc/124041615
124066536,Introduction to e-supply chain management :engaging technology to build market-winning business partnerships /,"Ross, David Frederick,","St. Lucie Press,",2003,N/A,N/A, Management. Industrial Management,EBOOKS,https://libswu.on.worldcat.org/oclc/124066536
124066650,"Maximizing business performance through software packages :best practices for justification, selection, and implementation /","Starinsky, Robert W.","Auerbach,",2003,N/A,N/A, Management. Industrial Management,EBOOKS,https://libswu.on.worldcat.org/oclc/124066650
137238737,Financial models and tools for managing lean manufacturing /,"Kumar, Sameer.; Meade, David.","Auerbach Publications/Taylor & Francis Group,",2007,N/A,N/A, Management. Industrial Management,EBOOKS,https://libswu.on.worldcat.org/oclc/137238737
137238906,"Strategic intelligence :business intelligence, competitive intelligence, and knowledge management /","Liebowitz, Jay,","Auerbach Publications,",2006,N/A,N/A, Management. Industrial Management,EBOOKS,https://libswu.on.worldcat.org/oclc/137238906
137343029,Decision support systems.,ScienceDirect (Online service),"Elsevier Science Publishers B.V. (North Holland),",1985,N/A,0167-9236, Management. Industrial Management,EJOURNALS/EMAGAZINES,https://libswu.on.worldcat.org/oclc/137343029
156993797,Management development :perspectives from research and practice /,"Hill, Rosemary,Stewart, Jim,","Routledge,",2007,N/A,N/A, Management. Industrial Management,EBOOKS,https://libswu.on.worldcat.org/oclc/156993797
159922055,Knowledge and innovation in business and industry :the importance of using others /,"Håkansson, Håkan,Waluszewski, Alexandra.","Routledge,",2007,N/A,N/A, Management. Industrial Management,EBOOKS,https://libswu.on.worldcat.org/oclc/159922055
160446771,Home office.,N/A,"Alan Davis Media,",1995,N/A,1324-4302, Management. Industrial Management,EJOURNALS/EMAGAZINES,https://libswu.on.worldcat.org/oclc/160446771
162107505,Encyclopedia of leadership /,"Goethals, George R.Sorenson, Georgia Jones.Burns, James MacGregor.; Sage Publications.","Sage Publications,",2004,N/A,N/A, Management. Industrial Management,EBOOKS,https://libswu.on.worldcat.org/oclc/162107505
162572508,Supply chain design and management :strategic and tactical perspectives /,"Govil, Manish.; Proth, Jean-Marie,","Academic Press,",2002,N/A,N/A, Management. Industrial Management,EBOOKS,https://libswu.on.worldcat.org/oclc/162572508
162573450,Essentials of lean six sigma /,"Taghizadegan, Salman,","Elsevier,",2006,N/A,N/A, Management. Industrial Management,EBOOKS,https://libswu.on.worldcat.org/oclc/162573450
162591226,Practical E-manufacturing and supply chain management /,"Greeff, Gerhard.; Ghoshal, Ranjan.","Newnes,",2004,N/A,N/A, Management. Industrial Management,EBOOKS,https://libswu.on.worldcat.org/oclc/162591226
162592076,Quality and power in the supply chain :what industry does for the sake of quality /,"Lamprecht, James L.,","Butterworth-Heinemann,",2000,N/A,N/A, Management. Industrial Management,EBOOKS,https://libswu.on.worldcat.org/oclc/162592076
163567172,Chinese management studies.,N/A,"Emerald Group Publishing,",2007,N/A,1750-6158, Management. Industrial Management,EJOURNALS/EMAGAZINES,https://libswu.on.worldcat.org/oclc/163567172
166458782,Revista de administração de empresas.,Fundação Getúlio Vargas.Escola de Administração de Empresas de São Paulo.,"Fundação Getúlio Vargas,",1961,N/A,N/A, Management. Industrial Management,EJOURNALS/EMAGAZINES,https://libswu.on.worldcat.org/oclc/166458782
173259073,Performance improvement :making it happen /,"Enos, Darryl D.","Auerbach Pub,",2007,N/A,N/A, Management. Industrial Management,EBOOKS,https://libswu.on.worldcat.org/oclc/173259073
173507469,"Turnaround, shutdown and outage management :effective planning and step-by-step execution of planned maintenance operations /","Lenahan, Tom.; Lenahan, Tom.","Elsevier/Butterworth-Heinemann,",2006,N/A,N/A, Management. Industrial Management,EBOOKS,https://libswu.on.worldcat.org/oclc/173507469
173660911,Project management toolkit :the basics for project success /,"Melton, Trish.; Institution of Chemical Engineers (Great Britain)","IChemE/Butterworth-Heinemann,",2007,N/A,N/A, Management. Industrial Management,EBOOKS,https://libswu.on.worldcat.org/oclc/173660911
174927377,Changes in regional firm founding activities :a theoretical explanation and empirical evidence /,"Fornahl, Dirk,","Routledge,",2007,N/A,N/A, Management. Industrial Management,EBOOKS,https://libswu.on.worldcat.org/oclc/174927377
180880838,Project management maturity model /,"Crawford, J. Kent","Auerbach Publications,",2007,N/A,N/A, Management. Industrial Management,EBOOKS,https://libswu.on.worldcat.org/oclc/180880838
181092610,The complete project management office handbook /,"Hill, Gerard M.; ESI International.","Auerbach Publications,",2008,N/A,N/A, Management. Industrial Management,EBOOKS,https://libswu.on.worldcat.org/oclc/181092610
181099265,The strategic project leader :mastering service-based project leadership /,"Ferraro, Jack,","Auerbach Publications,",2008,N/A,N/A, Management. Industrial Management,EBOOKS,https://libswu.on.worldcat.org/oclc/181099265
181820328,Religious Conference Manager.,Religious Conference Management Association.Thomson Gale (Firm),N/A,1990,N/A,1050-2742, Management. Industrial Management,EJOURNALS/EMAGAZINES,https://libswu.on.worldcat.org/oclc/181820328
182530324,The leader's guide to lateral thinking skills :unlocking the creativity and innovation in you and your team /,"Sloane, Paul,","Kogan Page,",2006,N/A,N/A, Management. Industrial Management,EBOOKS,https://libswu.on.worldcat.org/oclc/182530324
182846165,Intelligent decision technologies.,N/A,IOS,2007,N/A,1875-8843, Management. Industrial Management,EJOURNALS/EMAGAZINES,https://libswu.on.worldcat.org/oclc/182846165
182856891,"Service Operations and Logistics, and Informatics, 2007, SOLI 2007, IEEE International Conference on :date, 27-29 Aug. 2007.","IEEE International Conference on Service Operations and Logistics, and Informatics; Institute of Electrical and Electronics Engineers,","IEEE,",2007,N/A,N/A, Management. Industrial Management,EBOOKS,https://libswu.on.worldcat.org/oclc/182856891
185035360,Operational excellence :using lean six sigma to translate customer value through global supply chains /,"Martin, James W.","Auerbach Publications,",2008,N/A,N/A, Management. Industrial Management,EBOOKS,https://libswu.on.worldcat.org/oclc/185035360
186422020,Insourcing innovation :how to achieve competitive excellence using TRIZ /,"Silverstein, David,; DeCarlo, Neil.Slocum, Michael.","Auerbach Publications,",2008,N/A,N/A, Management. Industrial Management,EBOOKS,https://libswu.on.worldcat.org/oclc/186422020
190763641,Real project planning :developing a project delivery strategy /,"Melton, Trish.","Butterworth-Heinemann,",2008,N/A,N/A, Management. Industrial Management,EBOOKS,https://libswu.on.worldcat.org/oclc/190763641
190862840,Supply chain excellence :a handbook for dramatic improvement using the SCOR model /,"Bolstorff, Peter.; Rosenbaum, Robert","AMACOM,",2007,N/A,N/A, Management. Industrial Management,EBOOKS,https://libswu.on.worldcat.org/oclc/190862840
209705563,Enterprise business architecture :the formal link between strategy and results /,"Whittle, Ralph.; Myrick, Conrad B.","Auerbach Publications,",2005,N/A,N/A, Management. Industrial Management,EBOOKS,https://libswu.on.worldcat.org/oclc/209705563
212123059,Macroeconomics for managers /,"Evans, Michael K.","Blackwell,",2003,N/A,N/A, Management. Industrial Management,EBOOKS,https://libswu.on.worldcat.org/oclc/212123059
212124811,Practical business forecasting /,"Evans, Michael K.","Blackwell Publishers,",2003,N/A,N/A, Management. Industrial Management,EBOOKS,https://libswu.on.worldcat.org/oclc/212124811
212840375,Velocity management in logistics and distribution :lessons from the military to secure the speed of business /,"Walden, Joseph L.","Taylor & Francis,",2005,N/A,N/A, Management. Industrial Management,EBOOKS,https://libswu.on.worldcat.org/oclc/212840375
214049219,Social responsibility journal.,"Emerald Group Publishing,","MCB University Press,Emerald Group Publishing",2005,N/A,1758-857X, Management. Industrial Management,EJOURNALS/EMAGAZINES,https://libswu.on.worldcat.org/oclc/214049219
218292027,The entrepreneur's guide to managing information technology /,"Rhoads, CJ.","Praeger,",2008,N/A,N/A, Management. Industrial Management,EBOOKS,https://libswu.on.worldcat.org/oclc/218292027
220938555,21st century management :a reference handbook /,"Wankel, Charles.; Thomson Gale (Firm)","SAGE Publications,",2008,N/A,N/A, Management. Industrial Management,EBOOKS,https://libswu.on.worldcat.org/oclc/220938555
221272290,"The firm as an entity :implications for economics, accounting and the law /","Biondi, Yuri.Canziani, Arnaldo.Kirat, Thierry.","Routledge,",2007,N/A,N/A, Management. Industrial Management,EBOOKS,https://libswu.on.worldcat.org/oclc/221272290
221313267,TQM journal.,N/A,"Emerald Pub. Group,",2008,N/A,1754-274X, Management. Industrial Management,EJOURNALS/EMAGAZINES,https://libswu.on.worldcat.org/oclc/221313267
222184034,Industry week.,N/A,"UMI,",1991,N/A,0039-0895, Management. Industrial Management,EJOURNALS/EMAGAZINES,https://libswu.on.worldcat.org/oclc/222184034
223755065,Journal of contingencies and crisis management.,Basil Blackwell Publisher.,Blackwell Publishers.,1993,N/A,0966-0879, Management. Industrial Management,EJOURNALS/EMAGAZINES,https://libswu.on.worldcat.org/oclc/223755065
225102749,Information strategy :the executive's journal.,"Auerbach Publishers,","[Auerbach Publishers],",1984,N/A,3069-3330, Management. Industrial Management,EJOURNALS/EMAGAZINES,https://libswu.on.worldcat.org/oclc/225102749
225187590,Electronic engagement :a guide for public sector managers /,"Chen, Peter","ANU E Press,",2007,N/A,N/A, Management. Industrial Management,EBOOKS,https://libswu.on.worldcat.org/oclc/225187590
226033290,Journal of systems management.,Association for Systems Management.,Association for Systems Management.,1969,N/A,0022-4839, Management. Industrial Management,EJOURNALS/EMAGAZINES,https://libswu.on.worldcat.org/oclc/226033290
226121180,Clinical leadership & management review.,Clinical Laboratory Management Association.,Clinical Laboratory Management Association.,2005,N/A,1553-7072, Management. Industrial Management,EJOURNALS/EMAGAZINES,https://libswu.on.worldcat.org/oclc/226121180
227181596,New methods of competing in the global marketplace :critical success factors from service and manufacturing /,"Crandall, Richard E.,; Crandall, William,","CRC Press,",2008,N/A,N/A, Management. Industrial Management,EBOOKS,https://libswu.on.worldcat.org/oclc/227181596
227184164,Cuadernos de economía y dirección de la empresa.,Asociación Científica de Economía y Dirección de la Empresa.,[Asociación Científica de Economía y Dirección de la Empresa],1998,N/A,2254-6030, Management. Industrial Management,EJOURNALS/EMAGAZINES,https://libswu.on.worldcat.org/oclc/227184164
228037289,Review of managerial science.,N/A,"Springer,",2007,N/A,1863-6691, Management. Industrial Management,EJOURNALS/EMAGAZINES,https://libswu.on.worldcat.org/oclc/228037289
228075646,International encyclopedia of organization studies /,"Clegg, Stewart R.,Bailey, James Russell,; Sage Publications.","Sage Publications,",2008,N/A,N/A, Management. Industrial Management,EBOOKS,https://libswu.on.worldcat.org/oclc/228075646
228120145,How come your brand isn't working hard enough? :the essential guide to brand management /,"Cheverton, Peter.","Kogan Page,",2002,N/A,N/A, Management. Industrial Management,EBOOKS,https://libswu.on.worldcat.org/oclc/228120145
228136905,Supply chain vector :methods for linking the execution of global business models with financial performance /,"Gardner, Daniel L.,; APICS--The Educational Society for Resource Management.","J. Ross Pub.,",2004,N/A,N/A, Management. Industrial Management,EBOOKS,https://libswu.on.worldcat.org/oclc/228136905
228137373,The advanced Project Management Office :a comprehensive look at function and implementation /,"Rad, Parviz F.,; Levin, Ginger.","St. Lucie Press,",2002,N/A,N/A, Management. Industrial Management,EBOOKS,https://libswu.on.worldcat.org/oclc/228137373
228137377,The supply chain manager's problem-solver :maximizing the value of collaboration and technology /,"Poirier, Charles C.,","St. Lucie Press,",2003,N/A,N/A, Management. Industrial Management,EBOOKS,https://libswu.on.worldcat.org/oclc/228137377
228139884,Project management in the fast lane :applying the theory of constraints /,"Newbold, Robert C.","St. Lucie Press,",1998,N/A,N/A, Management. Industrial Management,EBOOKS,https://libswu.on.worldcat.org/oclc/228139884
228148509,Project benefits management :linking your project to the business /,"Melton, Trish.; Iles-Smith, Peter.Yates, James W.; Institution of Chemical Engineers (Great Britain)","Butterworth-Heinemann,",2008,N/A,N/A, Management. Industrial Management,EBOOKS,https://libswu.on.worldcat.org/oclc/228148509
230743722,The changing face of Chinese management /,"Tang, Jie.; Ward, Anthony,","Routledge,",2003,N/A,N/A, Management. Industrial Management,EBOOKS,https://libswu.on.worldcat.org/oclc/230743722
232114026,Mid-American journal of business.,"Tracy, Lane,; Mid-American Business Conference.","Mid-American Journal of Business,",1986,N/A,0895-1772, Management. Industrial Management,EJOURNALS/EMAGAZINES,https://libswu.on.worldcat.org/oclc/232114026
232607596,International journal of managing projects in business.,N/A,"Emerald Group Publishing Limited,",2008,N/A,1753-8386, Management. Industrial Management,EJOURNALS/EMAGAZINES,https://libswu.on.worldcat.org/oclc/232607596
233386728,The pricing and revenue management of services :a strategic approach /,"Ng, Irene C. L.","Routledge,",2008,N/A,N/A, Management. Industrial Management,EBOOKS,https://libswu.on.worldcat.org/oclc/233386728
234243240,Crisis Management Planning and Execution /,"Devlin, Edward S.","Auerbach,",2007,N/A,N/A, Management. Industrial Management,EBOOKS,https://libswu.on.worldcat.org/oclc/234243240
236209781,"RAC, Revista de administração contemporânea.","Associação Nacional de Pós-Graduação e Pesquisa em Administração (Brazil),","ANPAD, Associação Nacional de Pós-Graduação e Pesquisa em Administração,",1997,N/A,1982-7849, Management. Industrial Management,EJOURNALS/EMAGAZINES,https://libswu.on.worldcat.org/oclc/236209781
236211992,RAC-eletrônica.,Associação Nacional de Pós-Graduação e Pesquisa em Administração (Brazil),"Associação Nacional de Pós-Graduação e Pesquisa em Administração,",2007,N/A,1981-5700, Management. Industrial Management,EJOURNALS/EMAGAZINES,https://libswu.on.worldcat.org/oclc/236211992
240907951,Revista de ciencias empresariales y economía.,Universidad de Montevideo (1997- ).,Universidad de Montevideo,2002,N/A,N/A, Management. Industrial Management,EJOURNALS/EMAGAZINES,https://libswu.on.worldcat.org/oclc/240907951
243589207,Journal of international management.,American Graduate School of International Management.,"Wiley in cooperation with Thunderbird, American Graduate School of International Management",,N/A,1075-4253, Management. Industrial Management,EJOURNALS/EMAGAZINES,https://libswu.on.worldcat.org/oclc/243589207
243594517,Global journal of flexible systems management.,"Global Institute of Flexible Systems Management,",Global Institute of Flexible Systems ManagementSpringer,2001,N/A,0974-0198, Management. Industrial Management,EJOURNALS/EMAGAZINES,https://libswu.on.worldcat.org/oclc/243594517
243595433,The journal of risk finance.,Institutional Investor (Firm),Institutional Investor,,N/A,1526-5943, Management. Industrial Management,EJOURNALS/EMAGAZINES,https://libswu.on.worldcat.org/oclc/243595433
243600418,The ICFAI journal of supply chain management.,N/A,ICFAI University Press,,N/A,N/A, Management. Industrial Management,EJOURNALS/EMAGAZINES,https://libswu.on.worldcat.org/oclc/243600418
252701242,Information technology and organisational change /,"Eason, Ken.","Taylor & Francis,",1988,N/A,N/A, Management. Industrial Management,EBOOKS,https://libswu.on.worldcat.org/oclc/252701242
252705668,Managing labour in small firms /,"Marlow, Susan,Patton, Dean,Ram, Monder,","Routledge,",2004,N/A,N/A, Management. Industrial Management,EBOOKS,https://libswu.on.worldcat.org/oclc/252705668
252711782,Supply chain project management :a structured collaborative and measurable approach /,"Ayers, James B.","St. Lucie Press,",2004,N/A,N/A, Management. Industrial Management,EBOOKS,https://libswu.on.worldcat.org/oclc/252711782
252716219,From followers to leaders :managing technology and innovation in newly industrialized countries /,"Forbes, Naushad,; Wield, David.","Routledge,",2002,N/A,N/A, Management. Industrial Management,EBOOKS,https://libswu.on.worldcat.org/oclc/252716219
252745341,Internet management /,"Keyes, Jessica,","Auerbach,",2000,N/A,N/A, Management. Industrial Management,EBOOKS,https://libswu.on.worldcat.org/oclc/252745341
252751257,Managerial economics :a game theoretic approach /,"Fisher, Timothy C. G.,; Waschik, Robert G.,","Routledge,",2002,N/A,N/A, Management. Industrial Management,EBOOKS,https://libswu.on.worldcat.org/oclc/252751257
252753684,Principles of total quality /,"Omachonu, Vincent K.; Ross, Joel E.Swift, J. A.","CRC Press,",2004,N/A,N/A, Management. Industrial Management,EBOOKS,https://libswu.on.worldcat.org/oclc/252753684
252799958,The Organisation of the firm :international business perspectives /,"Mudambi, Ram,Ricketts, Martin J.","Routledge,",1998,N/A,N/A, Management. Industrial Management,EBOOKS,https://libswu.on.worldcat.org/oclc/252799958
252801212,Organizational cultures :types and transformations /,"Pheysey, Diana C.,","Routledge,",1993,N/A,N/A, Management. Industrial Management,EBOOKS,https://libswu.on.worldcat.org/oclc/252801212
252802117,Foundations of business economics :markets and prices /,"Townsend, Harry.","Routledge,",1995,N/A,N/A, Management. Industrial Management,EBOOKS,https://libswu.on.worldcat.org/oclc/252802117
252802606,Corporate vision and rapid technological change :the evolution of market structure /,"Swann, G. M. P.; Gill, Jas","Routledge,",1993,N/A,N/A, Management. Industrial Management,EBOOKS,https://libswu.on.worldcat.org/oclc/252802606
252822835,The complete project management office handbook /,"Hill, Gerard M.","Auerbach Publications,",2004,N/A,N/A, Management. Industrial Management,EBOOKS,https://libswu.on.worldcat.org/oclc/252822835
252903980,Negotiation games :applying game theory to bargaining and arbitration /,"Brams, Steven J.","Routledge,",2003,N/A,N/A, Management. Industrial Management,EBOOKS,https://libswu.on.worldcat.org/oclc/252903980
252915159,Multinational firms :the global-local dilemma /,"Dunning, John H.Mucchielli, Jean Louis.","Routledge,",2002,N/A,N/A, Management. Industrial Management,EBOOKS,https://libswu.on.worldcat.org/oclc/252915159
252978358,Management development through cultural diversity /,"Lessem, Ronnie.; Lessem, Ronnie.","Routledge,",1998,N/A,N/A, Management. Industrial Management,EBOOKS,https://libswu.on.worldcat.org/oclc/252978358
252994911,Project management framework /,"Carmichael, D. G.,","A.A. Balkema,",2003,N/A,N/A, Management. Industrial Management,EBOOKS,https://libswu.on.worldcat.org/oclc/252994911
259699534,Leading IT projects :the IT manager's guide /,"Keyes, Jessica,","CRC Press,",2009,N/A,N/A, Management. Industrial Management,EBOOKS,https://libswu.on.worldcat.org/oclc/259699534
261135182,Trust management in virtual work environments :a human factors perspective /,"Grudzewski, Wiesław.","CRC Press/Taylor & Francis,",2008,N/A,N/A, Management. Industrial Management,EBOOKS,https://libswu.on.worldcat.org/oclc/261135182
269444134,MIS quarterly.,University of Minnesota.Society for Information Management.,"UMI,",1992,N/A,0276-7783, Management. Industrial Management,EJOURNALS/EMAGAZINES,https://libswu.on.worldcat.org/oclc/269444134
271458771,Statistical methods for organizational research /,"Dewberry, Chris.","Routledge,",2004,N/A,N/A, Management. Industrial Management,EBOOKS,https://libswu.on.worldcat.org/oclc/271458771
271572039,Communities of practice :critical perspectives /,"Hughes, Jason,Jewson, Nick,Unwin, Lorna,","Routledge,",2007,N/A,N/A, Management. Industrial Management,EBOOKS,https://libswu.on.worldcat.org/oclc/271572039
275173164,Integrated learning for ERP success :a learning requirements planning approach /,"Kapp, Karl M.,; Ford-Latham, Hester N.Latham, William F.","St. Lucie Press ;APICS,",2001,N/A,N/A, Management. Industrial Management,EBOOKS,https://libswu.on.worldcat.org/oclc/275173164
275173165,"Manufacturing handbook of best practices :an innovation, productivity, and quality focus /","ReVelle, Jack B.","St. Lucie Press,",2002,N/A,N/A, Management. Industrial Management,EBOOKS,https://libswu.on.worldcat.org/oclc/275173165
277158079,Best practices in business technology management /,"Andriole, Stephen J.","CRC Press,",2009,N/A,N/A, Management. Industrial Management,EBOOKS,https://libswu.on.worldcat.org/oclc/277158079
281594997,Plant location selection techniques /,"McPherson, Edwin M.","Noyes Publications,",1995,N/A,N/A, Management. Industrial Management,EBOOKS,https://libswu.on.worldcat.org/oclc/281594997
289388411,Effective internal communication /,"Smith, Lyn.; Mounter, Pamela.","Kogan Page,",2008,N/A,N/A, Management. Industrial Management,EBOOKS,https://libswu.on.worldcat.org/oclc/289388411
290527921,Strategy as practice :an activity-based approach /,"Jarzabkowski, Paula.","SAGE,",2005,N/A,N/A, Management. Industrial Management,EBOOKS,https://libswu.on.worldcat.org/oclc/290527921
290530068,Positive organizational behavior /,"Nelson, Debra L.,Cooper, Cary L.","Sage Publications,",2007,N/A,N/A, Management. Industrial Management,EBOOKS,https://libswu.on.worldcat.org/oclc/290530068
290530082,"Managing industrial knowledge :creation, transfer and utilization /","Nonaka, Ikujirō,Teece, David J.","SAGE,",2001,N/A,N/A, Management. Industrial Management,EBOOKS,https://libswu.on.worldcat.org/oclc/290530082
290532768,Organizational evolution and strategic management /,"Durand, Rodolphe,","SAGE,",2006,N/A,N/A, Management. Industrial Management,EBOOKS,https://libswu.on.worldcat.org/oclc/290532768
290532786,The management of innovation and technology :the shaping of technology and institutions of the market economy /,"Howells, John,","SAGE,",2005,N/A,N/A, Management. Industrial Management,EBOOKS,https://libswu.on.worldcat.org/oclc/290532786
294847668,Organizational innovations /,"Clark, Peter A.","Sage Publications,",2003,N/A,N/A, Management. Industrial Management,EBOOKS,https://libswu.on.worldcat.org/oclc/294847668
294904367,Essential skills for management research /,"Essential skills for management research (Workshop); Partington, David.; Cranfield School of Management.","SAGE,",2002,N/A,N/A, Management. Industrial Management,EBOOKS,https://libswu.on.worldcat.org/oclc/294904367
294909925,Organizational behaviour reassessed :the impact of gender /,"Wilson, Elisabeth M.","SAGE,",2001,N/A,N/A, Management. Industrial Management,EBOOKS,https://libswu.on.worldcat.org/oclc/294909925
297170646,Understanding research methods :a guide for the public and nonprofit manager /,"Robbins, Donijo.","CRC Press,",2009,N/A,N/A, Management. Industrial Management,EBOOKS,https://libswu.on.worldcat.org/oclc/297170646
297220015,Project management of complex and embedded systems :ensuring product integrity and program quality /,"Pries, Kim H.,; Quigley, Jon M.","CRC Press,",2009,N/A,N/A, Management. Industrial Management,EBOOKS,https://libswu.on.worldcat.org/oclc/297220015
297222837,Lean six sigma for the office /,"Martin, James W.","CRC Press,",2009,N/A,N/A, Management. Industrial Management,EBOOKS,https://libswu.on.worldcat.org/oclc/297222837
297415282,Managing understanding in organizations /,"Sandberg, Jörgen.; Targama, Axel,","SAGE,",2007,N/A,N/A, Management. Industrial Management,EBOOKS,https://libswu.on.worldcat.org/oclc/297415282
297423105,Managing technological change :a strategic partnership approach /,"Haddad, Carol Joyce.","Sage Publications,",2002,N/A,N/A, Management. Industrial Management,EBOOKS,https://libswu.on.worldcat.org/oclc/297423105
297452884,Creative management and development /,"Henry, Jane.","Sage Publications,",2006,N/A,N/A, Management. Industrial Management,EBOOKS,https://libswu.on.worldcat.org/oclc/297452884
297542705,Logistics and supply chain integration /,"Sadler, Ian.","SAGE,",2007,N/A,N/A, Management. Industrial Management,EBOOKS,https://libswu.on.worldcat.org/oclc/297542705
298329028,Introduction to globalization and business :relationships and responsibilities /,"Parker, Barbara,","SAGE,",2005,N/A,N/A, Management. Industrial Management,EBOOKS,https://libswu.on.worldcat.org/oclc/298329028
300479956,"Proceedings of 2008 IEEE International Conference on Service Operations and Logistics, and Informatics :IEEE/SOLI '2008 : October 12-15, 2008, Beijing, China.","IEEE International Conference on Service Operations and Logistics, and Informatics","IEEE Xplore,",2008,N/A,N/A, Management. Industrial Management,EBOOKS,https://libswu.on.worldcat.org/oclc/300479956
311693203,Crisis communication :practical PR strategies for reputation management and company survival /,"Anthonissen, Peter Frans.","Kogan Page,",2008,N/A,N/A, Management. Industrial Management,EBOOKS,https://libswu.on.worldcat.org/oclc/311693203
312915041,Risk modeling for determining value and decision making /,"Koller, Glenn R.","Chapman & Hall/CRC,",2000,N/A,N/A, Management. Industrial Management,EBOOKS,https://libswu.on.worldcat.org/oclc/312915041
314657235,Knowledge retention :strategies and solutions /,"Liebowitz, Jay,; CRC Press.","Auerbach Publications,",2008,N/A,N/A, Management. Industrial Management,EBOOKS,https://libswu.on.worldcat.org/oclc/314657235
315922428,Electronic journal of knowledge management.,N/A,Academic Conferences International Ltd.,,N/A,1479-4411, Management. Industrial Management,EJOURNALS/EMAGAZINES,https://libswu.on.worldcat.org/oclc/315922428
316005257,Corporate social responsibility in India /,"Agarwal, Sanjay,","Response Books,",2008,N/A,N/A, Management. Industrial Management,EBOOKS,https://libswu.on.worldcat.org/oclc/316005257
316142474,Entry and post-entry performance of newborn firms /,"Vivarelli, Marco,","Routledge,",2007,N/A,N/A, Management. Industrial Management,EBOOKS,https://libswu.on.worldcat.org/oclc/316142474
316296671,Organizational dynamics.,N/A,Pergamon.,,N/A,0090-2616, Management. Industrial Management,EJOURNALS/EMAGAZINES,https://libswu.on.worldcat.org/oclc/316296671
317384473,The complete project management office handbook /,"Hill, Gerard M.","Auerbach Publications,",2008,N/A,N/A, Management. Industrial Management,EBOOKS,https://libswu.on.worldcat.org/oclc/317384473
317384500,"Managing global supply chains :compliance, security, and dealing with terrorism /","Cook, Thomas A.,","Auerbach Publications,",2008,N/A,N/A, Management. Industrial Management,EBOOKS,https://libswu.on.worldcat.org/oclc/317384500
317384547,The facility manager's emergency preparedness handbook /,"Lewis, Bernard T.,; Payant, Richard P.,Cotts, Dave,","AMACOM,",2003,N/A,N/A, Management. Industrial Management,EBOOKS,https://libswu.on.worldcat.org/oclc/317384547
317481792,How to complete a risk assessment in 5 days or less /,"Peltier, Thomas R.","CRC Press,",2009,N/A,N/A, Management. Industrial Management,EBOOKS,https://libswu.on.worldcat.org/oclc/317481792
317754428,Statistical modeling for management /,"Hutcheson, Graeme D.,; Moutinho, Luiz,","Sage,",2008,N/A,N/A, Management. Industrial Management,EBOOKS,https://libswu.on.worldcat.org/oclc/317754428
319586765,IT auditing and Sarbanes-Oxley compliance :key strategies for business improvement /,"Chorafas, Dimitris N.","CRC Press/Auerbach Publications,",2009,N/A,N/A, Management. Industrial Management,EBOOKS,https://libswu.on.worldcat.org/oclc/319586765
321207591,Tamara :journal of critical postmodern organization science.,N/A,UMI,2001,N/A,1532-5555, Management. Industrial Management,EJOURNALS/EMAGAZINES,https://libswu.on.worldcat.org/oclc/321207591
326962776,"Colloquium on ""CSCW, Some Fundamental Issues"" :on Friday, 15 March 1991 /","Colloquium on ""CSCW: Some Fundamental Issues""; Institution of Electrical Engineers.Institution of Electrical Engineers.","Institution of Electrical Engineers,",1991,N/A,N/A, Management. Industrial Management,EBOOKS,https://libswu.on.worldcat.org/oclc/326962776
335320470,Risk management and healthcare policy.,N/A,"Dove Medical Press,",2008,N/A,1179-1594, Management. Industrial Management,EJOURNALS/EMAGAZINES,https://libswu.on.worldcat.org/oclc/335320470
369163680,Asia Pacific journal of business administration.,N/A,"Emerald Group Publishing,",2009,N/A,1757-4323, Management. Industrial Management,EJOURNALS/EMAGAZINES,https://libswu.on.worldcat.org/oclc/369163680
370459939,Corporate memory :records and information management in the knowledge age /,"Megill, Kenneth A.,","K.G. Saur,",2005,N/A,N/A, Management. Industrial Management,EBOOKS,https://libswu.on.worldcat.org/oclc/370459939
398231373,Journal of management history.,N/A,"Emerald Group Pub.,",2006,N/A,1758-7751, Management. Industrial Management,EJOURNALS/EMAGAZINES,https://libswu.on.worldcat.org/oclc/398231373
401339263,Management development in non-profit organizations :a programme for governing boards /,"Padaki, V.; Vaz, Manjulika.","SAGE,",2005,N/A,N/A, Management. Industrial Management,EBOOKS,https://libswu.on.worldcat.org/oclc/401339263
401346804,Change management :altering mindsets in a global context /,"Nilakant, V.,; Ramnarayan, S.","Response Books ;Sage Publications,",2006,N/A,N/A, Management. Industrial Management,EBOOKS,https://libswu.on.worldcat.org/oclc/401346804
401362663,"Innovation management :strategies, concepts and tools for growth and profit /","Maital, Shlomo.; Seshadri, D. V. R.,","Response Books,",2007,N/A,N/A, Management. Industrial Management,EBOOKS,https://libswu.on.worldcat.org/oclc/401362663
402526635,Journal of strategy and management.,N/A,"Emerald Group Pub.,",2008,N/A,1755-4268, Management. Industrial Management,EJOURNALS/EMAGAZINES,https://libswu.on.worldcat.org/oclc/402526635
404243464,Communications skills for project managers /,"Campbell, G. Michael,","AMACOM,",2009,N/A,N/A, Management. Industrial Management,EBOOKS,https://libswu.on.worldcat.org/oclc/404243464
405068008,"The handbook of competency mapping :understanding, designing and implementing competency models in organizations /","Sanghi, Seema,","Response Books ;Sage Publications,",2007,N/A,N/A, Management. Industrial Management,EBOOKS,https://libswu.on.worldcat.org/oclc/405068008
428026128,Social enterprise journal.,"Emerald Group Publishing,Social Enterprise London,","Emerald Group Publishing Limited,",2005,N/A,1750-8533, Management. Industrial Management,EJOURNALS/EMAGAZINES,https://libswu.on.worldcat.org/oclc/428026128
428967106,Transforming organizations :strategies and methods /,"Kotnour, Timothy George.","CRC Press,",2009,N/A,N/A, Management. Industrial Management,EBOOKS,https://libswu.on.worldcat.org/oclc/428967106
429339257,Ethics in public relations :a guide to best practice /,"Parsons, Patricia","Kogan Page,",2008,N/A,N/A, Management. Industrial Management,EBOOKS,https://libswu.on.worldcat.org/oclc/429339257
431959885,Handbook of collaborative management research /,"Shani, Abraham B.,Mohrman, Susan Albers,Pasmore, William A.,Stymne, Bengt S.,Adler, Niclas,; Sage Publications.Sage eReference (Online service)","Sage Publications,",2008,N/A,N/A, Management. Industrial Management,EBOOKS,https://libswu.on.worldcat.org/oclc/431959885
432008150,The handbook of public affairs /,"Harris, Phil,Fleisher, Craig S.; Sage Publications.","Sage Publications,",2005,N/A,N/A, Management. Industrial Management,EBOOKS,https://libswu.on.worldcat.org/oclc/432008150
432076183,Sage handbook of organizational discourse /,"Grant, David,; Sage Publications.","SAGE Publications,",2004,N/A,N/A, Management. Industrial Management,EBOOKS,https://libswu.on.worldcat.org/oclc/432076183
435643554,Online public relations :a practical guide to developing an online strategy in the world of social media /,"Phillips, David,; Young, Philip.","Kogan Page,",2009,N/A,N/A, Management. Industrial Management,EBOOKS,https://libswu.on.worldcat.org/oclc/435643554
437061502,Handbook of Corporate Communication and Public Relations.,"Oliver, Sandra.","Routledge,",2004,N/A,N/A, Management. Industrial Management,EBOOKS,https://libswu.on.worldcat.org/oclc/437061502
437083371,Complexity and Innovation in Organizations.,"Fonseca, Jose.","Routledge,",2001,N/A,N/A, Management. Industrial Management,EBOOKS,https://libswu.on.worldcat.org/oclc/437083371
437168922,The Organizational Engineering Approach to Project Management :the Revolution in Building and Managing Effective Teams.,"Kliem, Ralph L.","CRC Press,",2002,N/A,N/A, Management. Industrial Management,EBOOKS,https://libswu.on.worldcat.org/oclc/437168922
437169669,The Systems Thinking Approach to Strategic Planning and Management.,"Haines, Stephen.","CRC Press,",2000,N/A,N/A, Management. Industrial Management,EBOOKS,https://libswu.on.worldcat.org/oclc/437169669
437897780,Rightsizing inventory /,"Aiello, Joseph L.","CRC Press,",2008,N/A,N/A, Management. Industrial Management,EBOOKS,https://libswu.on.worldcat.org/oclc/437897780
440601932,Issues in innovation /,Innovation Congress.,Innovation Congress,2004,N/A,N/A, Management. Industrial Management,EJOURNALS/EMAGAZINES,https://libswu.on.worldcat.org/oclc/440601932
441318198,"Security manager's guide to disasters :managing through emergencies, violence, and other workplace threats /","Manley, Anthony D.,","CRC Press,",2009,N/A,N/A, Management. Industrial Management,EBOOKS,https://libswu.on.worldcat.org/oclc/441318198
444685423,Measuring and improving performance :information technology applications in lean systems /,"Martin, James W.","CRC Press,",2010,N/A,N/A, Management. Industrial Management,EBOOKS,https://libswu.on.worldcat.org/oclc/444685423
455849224,Culture and organizational behaviour /,"Sinha, Jai B. P.","SAGE,",2008,N/A,N/A, Management. Industrial Management,EBOOKS,https://libswu.on.worldcat.org/oclc/455849224
456197024,Journal of choice modelling.,N/A,[publisher not identified],2008,N/A,1755-5345, Management. Industrial Management,EJOURNALS/EMAGAZINES,https://libswu.on.worldcat.org/oclc/456197024
456199887,Journal of purchasing and supply management.,ScienceDirect (Online service),"Pergamon,",2003,N/A,1478-4092, Management. Industrial Management,EJOURNALS/EMAGAZINES,https://libswu.on.worldcat.org/oclc/456199887
460125441,The communication problem solver :simple tools and techniques for busy managers /,"Carroll, Nannette Rundle.","American Management Association,",2010,N/A,N/A, Management. Industrial Management,EBOOKS,https://libswu.on.worldcat.org/oclc/460125441
462914633,Lean six sigma secrets for the CIO /,"Bentley, William,; Davis, Peter T.","CRC Press,",2010,N/A,N/A, Management. Industrial Management,EBOOKS,https://libswu.on.worldcat.org/oclc/462914633
464662648,Organizational learning and competitive advantage /,"Moingeon, Bertrand.Edmondson, Amy C.","Sage Publications,",1996,N/A,N/A, Management. Industrial Management,EBOOKS,https://libswu.on.worldcat.org/oclc/464662648
464667143,Managing knowledge :perspectives on cooperation and competition /,"Von Krogh, George.Roos, Johan.","Sage Publications,",1996,N/A,N/A, Management. Industrial Management,EBOOKS,https://libswu.on.worldcat.org/oclc/464667143
464670495,"Managers in the making :careers, development and control in corporate Britain and Japan /","Storey, John,; Edwards, P. K.Sisson, Keith.","Sage,",1997,N/A,N/A, Management. Industrial Management,EBOOKS,https://libswu.on.worldcat.org/oclc/464670495
464683046,Organizational behaviour and change in Europe :case studies /,"Chevalier, Françoise.Segalla, Michaël.","Sage Publications,",1996,N/A,N/A, Management. Industrial Management,EBOOKS,https://libswu.on.worldcat.org/oclc/464683046
464697109,Experiencing organizations /,"Fineman, Stephen.; Gabriel, Yiannis,","Sage Publications,",1996,N/A,N/A, Management. Industrial Management,EBOOKS,https://libswu.on.worldcat.org/oclc/464697109
466177944,Leadership in nonprofit organizations /,"Dym, Barry,; Hutson, Harry.","Sage Publications,",2005,N/A,N/A, Management. Industrial Management,EBOOKS,https://libswu.on.worldcat.org/oclc/466177944
471479439,Compression :meeting the challenges of sustainability through vigorous learning enterprises /,"Hall, Robert W.,","CRC Press,",2010,N/A,N/A, Management. Industrial Management,EBOOKS,https://libswu.on.worldcat.org/oclc/471479439
475983376,Implementing the IT Balanced Scorecard :Aligning It with Corporate Strategy.,"Keyes, Jessica.","CRC Press,",2005,N/A,N/A, Management. Industrial Management,EBOOKS,https://libswu.on.worldcat.org/oclc/475983376
476148962,Leading and Managing People in the Dynamic Organization.,"Peterson, Randall S.; Mannix, Elizabeth A.","Lawrence Erlbaum Associates,",2003,N/A,N/A, Management. Industrial Management,EBOOKS,https://libswu.on.worldcat.org/oclc/476148962
477232274,The decision model :a business logic framework linking business and technology /,"Von Halle, Barbara.; Goldberg, Larry,","CRC Press,",2010,N/A,N/A, Management. Industrial Management,EBOOKS,https://libswu.on.worldcat.org/oclc/477232274
477258265,The complete project management methodology and toolkit /,"Hill, Gerard M.","CRC Press,",2010,N/A,N/A, Management. Industrial Management,EBOOKS,https://libswu.on.worldcat.org/oclc/477258265
491363837,Management lives :power and identity in work organizations /,"Knights, David.; Willmott, Hugh.","SAGE,",1999,N/A,N/A, Management. Industrial Management,EBOOKS,https://libswu.on.worldcat.org/oclc/491363837
501041766,Management research review.,Emerald Group Publishing.,"Emerald Group Publishing Limited,",2010,N/A,2040-8277, Management. Industrial Management,EJOURNALS/EMAGAZINES,https://libswu.on.worldcat.org/oclc/501041766
501191110,Data analysis in business research :a step-by-step nonparametric approach /,"Israel, D.","Response,",2008,N/A,N/A, Management. Industrial Management,EBOOKS,https://libswu.on.worldcat.org/oclc/501191110
502171768,Managing requirements knowledge (MaRK '08) /,"International Workshop on Managing Requirements Knowledge; Maalej, Walid.; Institute of Electrical and Electronics Engineers.","IEEE,",2008,N/A,N/A, Management. Industrial Management,EBOOKS,https://libswu.on.worldcat.org/oclc/502171768
502270992,International journal of innovation science.,"International Association of Innovation Professionals,","Multi-Science Publishing,Emerald Publishing",2009,N/A,1757-2231, Management. Industrial Management,EJOURNALS/EMAGAZINES,https://libswu.on.worldcat.org/oclc/502270992
506416100,The innovative bureaucracy :bureacracy in an age of fluidity /,"Styhre, Alexander.","Routledge,",2007,N/A,N/A, Management. Industrial Management,EBOOKS,https://libswu.on.worldcat.org/oclc/506416100
512250595,The Road for SEEM :a reference framework towards a single European electronic market /,"Jardim-Gonçalves, R.Bonfatti, Flavio.","CRC Press/Balkema,",2008,N/A,N/A, Management. Industrial Management,EBOOKS,https://libswu.on.worldcat.org/oclc/512250595
525783114,Journal of economic behavior & organization.,ScienceDirect (Online service),"North-Holland Pub. Co.,",1980,N/A,0167-2681, Management. Industrial Management,EJOURNALS/EMAGAZINES,https://libswu.on.worldcat.org/oclc/525783114
535492025,Evaluation practice.,N/A,Elsevier Science.,,N/A,0886-1633, Management. Industrial Management,EJOURNALS/EMAGAZINES,https://libswu.on.worldcat.org/oclc/535492025
536412622,Understanding corporate life /,"Hancock, Philip,Spicer, André.; Warwick Organisation Theory Network.","SAGE,",2009,N/A,N/A, Management. Industrial Management,EBOOKS,https://libswu.on.worldcat.org/oclc/536412622
537669758,The executive MBA for engineers and scientists /,"Farley, James J.","CRC Press,",2010,N/A,N/A, Management. Industrial Management,EBOOKS,https://libswu.on.worldcat.org/oclc/537669758
555439508,"Decision support systems :issues and challenges : proceedings of an international task force meeting, June 23-25, 1980 /","Fick, Göran.Sprague, Ralph H.; International Institute for Applied Systems Analysis.","Pergamon Press,",1980,N/A,N/A, Management. Industrial Management,EBOOKS,https://libswu.on.worldcat.org/oclc/555439508
557493316,Industrial management.,Industrial Management Society.Institute of Industrial Engineers (1981- ),Industrial Management Society,1959,N/A,N/A, Management. Industrial Management,EJOURNALS/EMAGAZINES,https://libswu.on.worldcat.org/oclc/557493316
558527399,The Engineering economist.,American Society for Engineering Education.American Society for Engineering Education.Institute of Industrial Engineers (1981- ),"Engineering Economy Committee of the American Society for Engineering Education,",1955,N/A,N/A, Management. Industrial Management,EJOURNALS/EMAGAZINES,https://libswu.on.worldcat.org/oclc/558527399
559123584,The management of non-governmental development organizations :an introduction /,"Lewis, David J.","Routledge,",2001,N/A,N/A, Management. Industrial Management,EBOOKS,https://libswu.on.worldcat.org/oclc/559123584
559176058,"Change management in transition economies :integrating corporate strategy, structure, and culture /","Stüting, Heinz-Jürgen.","Palgrave Macmillan,",2003,N/A,N/A, Management. Industrial Management,EBOOKS,https://libswu.on.worldcat.org/oclc/559176058
559817319,Structural macroeconomic change and the size pattern of manufacturing firms /,"Traù, Fabrizio.","Palgrave Macmillan,",2003,N/A,N/A, Management. Industrial Management,EBOOKS,https://libswu.on.worldcat.org/oclc/559817319
560007882,Management and labour studies.,"Xavier Labour Relations Institute,",Xavier Labour Relations InstituteSAGE Publications,1975,N/A,2321-0710, Management. Industrial Management,EJOURNALS/EMAGAZINES,https://libswu.on.worldcat.org/oclc/560007882
560056010,Authority and control in modern industry :theoretical and empirical perspectives /,"Robertson, Paul L.","Routledge,",1999,N/A,N/A, Management. Industrial Management,EBOOKS,https://libswu.on.worldcat.org/oclc/560056010
560059609,Creative technological change :the shaping of technology and organisations /,"McLoughlin, Ian,","Routledge,",1999,N/A,N/A, Management. Industrial Management,EBOOKS,https://libswu.on.worldcat.org/oclc/560059609
560073304,The human firm :a socio-economic analysis of its behavior and potential in a new economic age /,"Tomer, John F.","Routledge,",1999,N/A,N/A, Management. Industrial Management,EBOOKS,https://libswu.on.worldcat.org/oclc/560073304
560270434,The AMA handbook of public relations /,"Dilenschneider, Robert L.; American Management Association.","AMACOM,",2010,N/A,N/A, Management. Industrial Management,EBOOKS,https://libswu.on.worldcat.org/oclc/560270434
560514480,The changing boundaries of the firm :explaining evolving inter-firm relations /,"Colombo, Massimo G.","Routledge,",1998,N/A,N/A, Management. Industrial Management,EBOOKS,https://libswu.on.worldcat.org/oclc/560514480
560534118,Environmental management in European companies :success stories and evaluation /,"Conrad, Jobst.","Gordon abd Breach Science Publishers,",1998,N/A,N/A, Management. Industrial Management,EBOOKS,https://libswu.on.worldcat.org/oclc/560534118
567843510,Understanding action learning /,"O'Neil, Judy.; Marsick, Victoria J.","American Management Association,",2007,N/A,N/A, Management. Industrial Management,EBOOKS,https://libswu.on.worldcat.org/oclc/567843510
569655435,Journal of family business strategy.,N/A,"Elsevier Science,",2010,N/A,1877-8593, Management. Industrial Management,EJOURNALS/EMAGAZINES,https://libswu.on.worldcat.org/oclc/569655435
587603749,Management learning :integrating perspectives in theory and practice /,"Burgoyne, JohnReynolds, Michael.","Sage,",1997,N/A,N/A, Management. Industrial Management,EBOOKS,https://libswu.on.worldcat.org/oclc/587603749
587752929,"Politics, policy, and organizations :frontiers in the scientific study of bureaucracy /","Krause, George A.,Meier, Kenneth J.,","University of Michigan Press,",2003,N/A,N/A, Management. Industrial Management,EBOOKS,https://libswu.on.worldcat.org/oclc/587752929
593239974,Tacit knowledge in organizations /,"Baumard, Philippe.","Sage Publications,",1999,N/A,N/A, Management. Industrial Management,EBOOKS,https://libswu.on.worldcat.org/oclc/593239974
593240001,Organizational learning and the learning organization :developments in theory and practice /,"Easterby-Smith, Mark.Araujo, Luis,Burgoyne, John","Sage Publications,",1999,N/A,N/A, Management. Industrial Management,EBOOKS,https://libswu.on.worldcat.org/oclc/593240001
593240004,Discourse and organization /,"Grant, David,Keenoy, Tom.Oswick, Cliff.","Sage Publications,",1998,N/A,N/A, Management. Industrial Management,EBOOKS,https://libswu.on.worldcat.org/oclc/593240004
593240008,Creating collaborative advantage /,"Huxham, Chris.","Sage Publications,",1996,N/A,N/A, Management. Industrial Management,EBOOKS,https://libswu.on.worldcat.org/oclc/593240008
593240016,The emergent manager /,"Watson, Tony J.; Harris, Pauline.","Sage Publications,",1999,N/A,N/A, Management. Industrial Management,EBOOKS,https://libswu.on.worldcat.org/oclc/593240016
593240054,Public relations strategy /,"Oliver, Sandra.; Chartered Institute of Public Relations.","Kogan Page/CIPR,",2010,N/A,N/A, Management. Industrial Management,EBOOKS,https://libswu.on.worldcat.org/oclc/593240054
593265290,Studying organization :theory & method /,"Clegg, Stewart R.,Hardy, Cynthia,","Sage Publications,",1999,N/A,N/A, Management. Industrial Management,EBOOKS,https://libswu.on.worldcat.org/oclc/593265290
593295596,Organizing and managing in the era of globalization /,"Singh, Pritam,Verma, Subir.","Response Books ;Sage Publications,",2010,N/A,N/A, Management. Industrial Management,EBOOKS,https://libswu.on.worldcat.org/oclc/593295596
593351542,Green business :an A-to-Z guide /,"Cohen, Nevin.","Sage,",2011,N/A,N/A, Management. Industrial Management,EBOOKS,https://libswu.on.worldcat.org/oclc/593351542
593622370,"The SAGE handbook of management learning, education and development /","Armstrong, Steve.Fukami, Cynthia V.; Sage Publications.Sage eReference (Online service)","Sage,",2009,N/A,N/A, Management. Industrial Management,EBOOKS,https://libswu.on.worldcat.org/oclc/593622370
603527092,Nonprofit policy forum.,N/A,"Berkeley Electronic Press,Walter de Gruyter GmbH]",2010,N/A,2154-3348, Management. Industrial Management,EJOURNALS/EMAGAZINES,https://libswu.on.worldcat.org/oclc/603527092
606504974,Psychological contracts in employment :cross-national perspectives /,"Rousseau, Denise M.Schalk, René.","Sage Publications,",2000,N/A,N/A, Management. Industrial Management,EBOOKS,https://libswu.on.worldcat.org/oclc/606504974
607497689,Strategic management /,"Jeffs, Chris.","SAGE,",2008,N/A,N/A, Management. Industrial Management,EBOOKS,https://libswu.on.worldcat.org/oclc/607497689
607526133,"Foucault, management and organization theory :from panopticon to technologies of self /","McKinlay, Alan,Starkey, Ken,","Sage Publications,",1998,N/A,N/A, Management. Industrial Management,EBOOKS,https://libswu.on.worldcat.org/oclc/607526133
607529996,Gender and diversity in management :a concise introduction /,"Gatrell, Caroline.; Swan, Elaine.","SAGE,",2008,N/A,N/A, Management. Industrial Management,EBOOKS,https://libswu.on.worldcat.org/oclc/607529996
607732038,The high achiever's guide to happiness /,"Caesar, Vance.; Caesar, Carol Ann.","Corwin Press,",2006,N/A,N/A, Management. Industrial Management,EBOOKS,https://libswu.on.worldcat.org/oclc/607732038
608206000,Organizational culture and identity :unity and division at work /,"Parker, Martin,","SAGE,",2000,N/A,N/A, Management. Industrial Management,EBOOKS,https://libswu.on.worldcat.org/oclc/608206000
609936656,Maximizing machinery uptime /,"Geitner, Fred K.; Bloch, Heinz P.,","Elsevier Gulf Professional Pub.,",2006,N/A,N/A, Management. Industrial Management,EBOOKS,https://libswu.on.worldcat.org/oclc/609936656
612267858,Information and organization.,N/A,"Pergamon,",2001,N/A,1873-7919, Management. Industrial Management,EJOURNALS/EMAGAZINES,https://libswu.on.worldcat.org/oclc/612267858
613224222,Journal of global responsibility.,N/A,"[Emerald],",2010,N/A,2041-2568, Management. Industrial Management,EJOURNALS/EMAGAZINES,https://libswu.on.worldcat.org/oclc/613224222
623883343,Psychological contracts in organizations :understanding written and unwritten agreements /,"Rousseau, Denise M.","SAGE Publications,",1995,N/A,N/A, Management. Industrial Management,EBOOKS,https://libswu.on.worldcat.org/oclc/623883343
638860762,Storytelling Organizations.,"Boje, David M.","Sage Publications,",2008,N/A,N/A, Management. Industrial Management,EBOOKS,https://libswu.on.worldcat.org/oclc/638860762
639350985,Flexibility :flexible companies for the uncertain world /,"Eapen, Gill.","CRC Press,",2010,N/A,N/A, Management. Industrial Management,EBOOKS,https://libswu.on.worldcat.org/oclc/639350985
641174053,International journal of electronic commerce.,N/A,"M.E. Sharpe,",1900,N/A,1086-4415, Management. Industrial Management,EJOURNALS/EMAGAZINES,https://libswu.on.worldcat.org/oclc/641174053
642207974,Organizing relationships :traditional and emerging perspectives on workplace relationships /,"Sias, Patricia M.,","SAGE,",2009,N/A,N/A, Management. Industrial Management,EBOOKS,https://libswu.on.worldcat.org/oclc/642207974
642207984,Strategic issues management :organizations and public policy challenges /,"Heath, Robert L.; Palenchar, Michael J.","Sage Publications,",2009,N/A,N/A, Management. Industrial Management,EBOOKS,https://libswu.on.worldcat.org/oclc/642207984
642461853,AACE International Transactions.,N/A,AACE International.,,N/A,1528-7106, Management. Industrial Management,EJOURNALS/EMAGAZINES,https://libswu.on.worldcat.org/oclc/642461853
642685824,Green logistics :improving the environmental sustainability of logistics /,"McKinnon, Alan C.,","Kogan Page,",2010,N/A,N/A, Management. Industrial Management,EBOOKS,https://libswu.on.worldcat.org/oclc/642685824
643058037,Process risk and reliability management :operational integrity management /,"Sutton, Ian S.","Burlington, MA :William Andrew Pub.,",2010,N/A,N/A, Management. Industrial Management,EBOOKS,https://libswu.on.worldcat.org/oclc/643058037
643766872,Communication and negotiation /,"Putnam, Linda.Roloff, Michael E.","Sage,",1992,N/A,N/A, Management. Industrial Management,EBOOKS,https://libswu.on.worldcat.org/oclc/643766872
643970392,Human systems management.,N/A,"North-Holland,",1980,N/A,N/A, Management. Industrial Management,EJOURNALS/EMAGAZINES,https://libswu.on.worldcat.org/oclc/643970392
646067966,Recreating strategy /,"Cummings, Stephen.","Sage Publications,",2002,N/A,N/A, Management. Industrial Management,EBOOKS,https://libswu.on.worldcat.org/oclc/646067966
646067967,Body and organization /,"Hassard, John,Holliday, Ruth.Willmott, Hugh.","Sage,",2000,N/A,N/A, Management. Industrial Management,EBOOKS,https://libswu.on.worldcat.org/oclc/646067967
646067978,Individuals and groups in organizations /,"Turniansky, Bobbie.; Hare, A. Paul","Sage Publications,",1998,N/A,N/A, Management. Industrial Management,EBOOKS,https://libswu.on.worldcat.org/oclc/646067978
646068333,Beyond management /,"Lennie, Ian.","Sage,",1999,N/A,N/A, Management. Industrial Management,EBOOKS,https://libswu.on.worldcat.org/oclc/646068333
646516297,Using conflict in organizations /,"Dreu, Carsten K. W. de.Vliert, Evert van de.","Sage,",1997,N/A,N/A, Management. Industrial Management,EBOOKS,https://libswu.on.worldcat.org/oclc/646516297
646802774,Knowledge economy :the Indian challenge /,"Chandra, Ashoka.Khanijo, M. K.","SAGE,",2009,N/A,N/A, Management. Industrial Management,EBOOKS,https://libswu.on.worldcat.org/oclc/646802774
646982184,Asia Pacific management review.,Guo li Chenggong da xue.,"College of Management, National Cheng Kung University",1996,N/A,N/A, Management. Industrial Management,EJOURNALS/EMAGAZINES,https://libswu.on.worldcat.org/oclc/646982184
647275513,The Japanese approach to product quality :its applicability to the West /,"Sasaki, Naoto,Hutchins, David C.","Pergamon Press,",1984,N/A,N/A, Management. Industrial Management,EBOOKS,https://libswu.on.worldcat.org/oclc/647275513
647374503,Postmodern management and organization theory /,"Boje, David M.Gephart, Robert P.Thatchenkery, Tojo Joseph.","Sage Publications,",1996,N/A,N/A, Management. Industrial Management,EBOOKS,https://libswu.on.worldcat.org/oclc/647374503
647555329,High-performing self-managed work teams :a comparison of theory to practice /,"Yeatts, Dale E.,; Hyten, Cloyd.","Sage Publications,",1998,N/A,N/A, Management. Industrial Management,EBOOKS,https://libswu.on.worldcat.org/oclc/647555329
647620554,Handbook of supply chain management /,"Ayers, James B.","Auerbach Publications,",2006,N/A,N/A, Management. Industrial Management,EBOOKS,https://libswu.on.worldcat.org/oclc/647620554
647883345,Managing and measuring social enterprises /,"Paton, Rob.","Sage Publications,",2003,N/A,N/A, Management. Industrial Management,EBOOKS,https://libswu.on.worldcat.org/oclc/647883345
647883389,Managing quality :managerial and critical perspectives /,"Kelemen, Mihaela,","SAGE Publications,",2003,N/A,N/A, Management. Industrial Management,EBOOKS,https://libswu.on.worldcat.org/oclc/647883389
648818994,"Knowing in firms :understanding, managing, and measuring knowledge /","Von Krogh, George.Roos, Johan.Kleine, Dirk.","Sage,",1998,N/A,N/A, Management. Industrial Management,EBOOKS,https://libswu.on.worldcat.org/oclc/648818994
649911924,Business analysis techniques :72 essential tools for success /,"Cadle, James.; Paul, Debra.Turner, Paul,","British Computer Society,",2010,N/A,N/A, Management. Industrial Management,EBOOKS,https://libswu.on.worldcat.org/oclc/649911924
650075672,Management and language :the manager as a practical author /,"Holman, DavidThorpe, Richard,","SAGE,",2003,N/A,N/A, Management. Industrial Management,EBOOKS,https://libswu.on.worldcat.org/oclc/650075672
650086679,Management for social enterprise /,"Doherty, Bob.","Sage,",2009,N/A,N/A, Management. Industrial Management,EBOOKS,https://libswu.on.worldcat.org/oclc/650086679
651770979,Die Missbrauchsaufsicht vor dem Hintergrund der Entwicklungen der neueren Wettbewerbstheorie /,"Röper, Burkhardt.","Duncker & Humblot,",1982,N/A,N/A, Management. Industrial Management,EBOOKS,https://libswu.on.worldcat.org/oclc/651770979
651861505,"Information and communication technology in organizations :adoption, implementation, use and effects /","Bouwman, Harry,","SAGE,",2005,N/A,N/A, Management. Industrial Management,EBOOKS,https://libswu.on.worldcat.org/oclc/651861505
652270026,"People, communication, and organisation :a case study approach /","Chilver, Joseph.","Pergamon,",1984,N/A,N/A, Management. Industrial Management,EBOOKS,https://libswu.on.worldcat.org/oclc/652270026
652343591,"Die Wettbewerbsfähigkeit der ostdeutschen Wirtschaft :Ausgangslage, Handlungserfordernisse, Perspektiven : Jahrestagung des Vereins für Socialpolitik, Gesellschaft für Wirtschafts- und Sozialwissenschaften in Jena 1994 /","Verein für Socialpolitik.; Gutmann, Gernot.Rothschild, Kurt W.","Duncker & Humblot,",1995,N/A,N/A, Management. Industrial Management,EBOOKS,https://libswu.on.worldcat.org/oclc/652343591
652359768,The language of organization /,"Westwood, Robert Ian.Linstead, Stephen,","SAGE,",2001,N/A,N/A, Management. Industrial Management,EBOOKS,https://libswu.on.worldcat.org/oclc/652359768
652439517,"Strategic ambiguities :essays on communication, organization, and identity /","Eisenberg, Eric M.","Sage Publications,",2007,N/A,N/A, Management. Industrial Management,EBOOKS,https://libswu.on.worldcat.org/oclc/652439517
654244271,"Men as managers, managers as men :critical perspectives on men, masculinities, and managements /","Collinson, David L.,Hearn, Jeff,","Sage Publications,",1996,N/A,N/A, Management. Industrial Management,EBOOKS,https://libswu.on.worldcat.org/oclc/654244271
654331452,Disorganization theory :explorations in alternative organizational analysis /,"Hassard, John,; Kelemen, Mihaela,Cox, Julie Wolfram.","Routledge,",2008,N/A,N/A, Management. Industrial Management,EBOOKS,https://libswu.on.worldcat.org/oclc/654331452
654392854,"Information in der Wirtschaft :Verhandlungen auf der Arbeitstagung des Vereins für Socialpolitik, Gesellschaft für Wirtschafts-und Sozialwissenschaften in Graz 1981 /","Verhandlungen auf der Arbeitstagung der Gesellschaft für Wirtschafts- und Sozialwissenschaften Verein für Socialpolitik; Stressler, Erich,","Duncker & Humblot,",1982,N/A,N/A, Management. Industrial Management,EBOOKS,https://libswu.on.worldcat.org/oclc/654392854
654582565,Organizations and communication technology /,"Fulk, Janet.Steinfield, Charles William.","Sage Publications,",1990,N/A,N/A, Management. Industrial Management,EBOOKS,https://libswu.on.worldcat.org/oclc/654582565
654679610,The work-family challenge :rethinking employment /,"Lewis, Suzan.Lewis, Jeremy.","Sage Publications,",1996,N/A,N/A, Management. Industrial Management,EBOOKS,https://libswu.on.worldcat.org/oclc/654679610
654800814,Beiträge zur Standortforschung /,"Behnke, Horst.Todt, Horst.","Duncker & Humblot,",1994,N/A,N/A, Management. Industrial Management,EBOOKS,https://libswu.on.worldcat.org/oclc/654800814
655023811,For positivist organization theory :proving the hard core /,"Donaldson, Lex.","Sage Publications,",1996,N/A,N/A, Management. Industrial Management,EBOOKS,https://libswu.on.worldcat.org/oclc/655023811
662497691,Prerequisites for healthy organizational change /,"Øystein Saksvik, Per.","Bentham Science Publishers,",2009,N/A,N/A, Management. Industrial Management,EBOOKS,https://libswu.on.worldcat.org/oclc/662497691
663336980,Investigación administrativa.,Instituto Politécnico Nacional (Mexico).,"Sección de Graduados en Ciencias Administrativas de la Escuela Superior de Comercio y Administración del Instituto Politécnico Nacional,",1971,N/A,2448-7678, Management. Industrial Management,EJOURNALS/EMAGAZINES,https://libswu.on.worldcat.org/oclc/663336980
663408554,Computers in industry.,N/A,Elsevier Ltd. :ScienceDirect [distributor],,N/A,0166-3615, Management. Industrial Management,EJOURNALS/EMAGAZINES,https://libswu.on.worldcat.org/oclc/663408554
663661362,Technovation.,N/A,Elsevier Business Intelligence :SwetsWise [distributor],,N/A,0166-4972, Management. Industrial Management,EJOURNALS/EMAGAZINES,https://libswu.on.worldcat.org/oclc/663661362
664097825,Quick team-building activities for busy managers :50 exercises that get results in just 15 minutes /,"Miller, Brian Cole,","AMACOM,",2004,N/A,N/A, Management. Industrial Management,EBOOKS,https://libswu.on.worldcat.org/oclc/664097825
664111148,Strategic Management of Technological Learning.,"Carayannis, Elias G.,",C R C Press LLCTaylor & Francis Group [distributor],2000,N/A,N/A, Management. Industrial Management,EBOOKS,https://libswu.on.worldcat.org/oclc/664111148
664114660,Logistics of Facility Location and Allocation.,"Sule, Dileep R.",C R C Press LLCTaylor & Francis Group [distributor],2001,N/A,N/A, Management. Industrial Management,EBOOKS,https://libswu.on.worldcat.org/oclc/664114660
664114819,New Directions in Internet Management.,"Purba, Sanjiv,",CRC Press [Imprint]Taylor & Francis GroupTaylor & Francis Group [distributor],2001,N/A,N/A, Management. Industrial Management,EBOOKS,https://libswu.on.worldcat.org/oclc/664114819
664116834,"Supply Chain Architecture :Learning How to Network the Flow of Material, Information, and Cash.","Walker, William T.,",C R C Press LLCTaylor & Francis Group [distributor],2004,N/A,N/A, Management. Industrial Management,EBOOKS,https://libswu.on.worldcat.org/oclc/664116834
664116839,Supply Chain Networks and Business Process Orientation :Advanced Strategies and Best Practices.,"Johnson, William C.,; McCormack, Kevin P.,",C R C Press LLCTaylor & Francis Group [distributor],2002,N/A,N/A, Management. Industrial Management,EBOOKS,https://libswu.on.worldcat.org/oclc/664116839
664344813,The SIM guide to enterprise architecture /,"Kappelman, Leon Allan,; Society for Information Management (U.S.)SIM Enterprise Architecture Working Group.","CRC Press,",2010,N/A,N/A, Management. Industrial Management,EBOOKS,https://libswu.on.worldcat.org/oclc/664344813
664572575,Develop your PR skills /,"Richardson, Neil Andre Asselbroug.; Laville, Lucy.","Kogan Page,",2010,N/A,N/A, Management. Industrial Management,EBOOKS,https://libswu.on.worldcat.org/oclc/664572575
668448154,Moving from project management to project leadership :a practical guide to leading groups /,"Bull, R. Camper.","CRC Press,",2010,N/A,N/A, Management. Industrial Management,EBOOKS,https://libswu.on.worldcat.org/oclc/668448154
669019294,Project execution :a practical approach to industrial and commercial project management /,"Lutchman, Chitram.","CRC Press,",2011,N/A,N/A, Management. Industrial Management,EBOOKS,https://libswu.on.worldcat.org/oclc/669019294
669504193,Who will bell the cat? :a manager's toolkit for strategy formation and execution /,"Siddiqui, Moid,","Response Books,",2010,N/A,N/A, Management. Industrial Management,EBOOKS,https://libswu.on.worldcat.org/oclc/669504193
670206974,Green project management /,"Maltzman, Richard.; Shirley, David,","CRC Press,",2010,N/A,N/A, Management. Industrial Management,EBOOKS,https://libswu.on.worldcat.org/oclc/670206974
670428947,100 methods for total quality management /,"Kanji, Gopal K.; Asher, Mike.","Sage,",1996,N/A,N/A, Management. Industrial Management,EBOOKS,https://libswu.on.worldcat.org/oclc/670428947
670429694,Handbook on business information systems /,"Gunasekaran, A.Sandhu, Maqsood.","World Scientific,",2010,N/A,N/A, Management. Industrial Management,EBOOKS,https://libswu.on.worldcat.org/oclc/670429694
671390983,Implementing the project management balanced scorecard /,"Keyes, Jessica,","CRC Press,",2011,N/A,N/A, Management. Industrial Management,EBOOKS,https://libswu.on.worldcat.org/oclc/671390983
671465811,Leadership in nonprofit organizations :a reference handbook /,"Agard, Kathryn A.","SAGE Publications,",2011,N/A,N/A, Management. Industrial Management,EBOOKS,https://libswu.on.worldcat.org/oclc/671465811
676908201,The handbook of cross-cultural management research /,"Smith, Peter Bevington.Peterson, Mark F.Thomas, David C.; Sage Publications.Sage eReference (Online service)","Sage,",2008,N/A,N/A, Management. Industrial Management,EBOOKS,https://libswu.on.worldcat.org/oclc/676908201
676908244,The SAGE handbook of new approaches in management and organization /,"Barry, Daved.Hansen, Hans; Sage Publications.Sage eReference (Online service)","SAGE,",2008,N/A,N/A, Management. Industrial Management,EBOOKS,https://libswu.on.worldcat.org/oclc/676908244
676908388,International handbook of organizational crisis management /,"Pearson, Christine M.Roux-Dufort, Christophe.Clair, Judith.; Sage Publications.Sage eReference (Online service)","Sage Publications,",2007,N/A,N/A, Management. Industrial Management,EBOOKS,https://libswu.on.worldcat.org/oclc/676908388
676912933,Handbook of organizational and managerial wisdom /,"Kessler, Eric H.Bailey, James Russell,; Sage Publications.Sage eReference (Online service)","Sage Publications,",2007,N/A,N/A, Management. Industrial Management,EBOOKS,https://libswu.on.worldcat.org/oclc/676912933
681311254,Organizations in depth :the psychoanalysis of organizations /,"Gabriel, Yiannis,Hirschhorn, Larry.Allcorn, Seth.","Sage Publications,",1999,N/A,N/A, Management. Industrial Management,EBOOKS,https://libswu.on.worldcat.org/oclc/681311254
681758109,Organizational identity in practice /,"Lerpold, Lin.","Routledge,",2007,N/A,N/A, Management. Industrial Management,EBOOKS,https://libswu.on.worldcat.org/oclc/681758109
682231795,Problems of product design and development.,"Buck, Christopher Hearn.","Pergamon Press ;Macmillan,",1963,N/A,N/A, Management. Industrial Management,EBOOKS,https://libswu.on.worldcat.org/oclc/682231795
692198000,Operational risk modelling and management /,"Franzetti, Claudio.","CRC Press,",2011,N/A,N/A, Management. Industrial Management,EBOOKS,https://libswu.on.worldcat.org/oclc/692198000
694143979,Social responsibility and environmental sustainability in business :how organizations handle profits and social duties /,"Banerjee, Preeta M.Shastri, Vanita.","Response,",2010,N/A,N/A, Management. Industrial Management,EBOOKS,https://libswu.on.worldcat.org/oclc/694143979
694520266,Quality management :theory and application /,"Mauch, Peter D.,","CRC Press,",2009,N/A,N/A, Management. Industrial Management,EBOOKS,https://libswu.on.worldcat.org/oclc/694520266
696918841,Lean IT :enabling and sustaining your lean transformation /,"Bell, Steve,; Orzen, Michael A.","CRC Press,",2011,N/A,N/A, Management. Industrial Management,EBOOKS,https://libswu.on.worldcat.org/oclc/696918841
697645493,The Hands-On Project Office :Guaranteeing ROI and On-Time Delivery.,"Kesner, Richard M.,","CRC Press [Imprint],Taylor & Francis GroupTaylor & Francis Group [distributor]",2003,N/A,N/A, Management. Industrial Management,EBOOKS,https://libswu.on.worldcat.org/oclc/697645493
697698630,"Journal of project, program & portfolio management.","University of Technology, Sydney.","UTSePress,",2010,N/A,1838-7845, Management. Industrial Management,EJOURNALS/EMAGAZINES,https://libswu.on.worldcat.org/oclc/697698630
698104137,Entrepreneurial management in small firms /,"Chaston, Ian.","SAGE,",2009,N/A,N/A, Management. Industrial Management,EBOOKS,https://libswu.on.worldcat.org/oclc/698104137
698380384,"Sustainability accounting, management and policy journal.","Emerald Group Publishing,","Emerald Group Publishing,",2010,N/A,2040-803X, Management. Industrial Management,EJOURNALS/EMAGAZINES,https://libswu.on.worldcat.org/oclc/698380384
699474199,"A very short, fairly interesting and reasonably cheap book about management /","Cunliffe, Ann L.","Sage Publications,",2009,N/A,N/A, Management. Industrial Management,EBOOKS,https://libswu.on.worldcat.org/oclc/699474199
699490864,A supply chain management guide to business continuity /,"Kildow, Betty A.","American Management Association,",2011,N/A,N/A, Management. Industrial Management,EBOOKS,https://libswu.on.worldcat.org/oclc/699490864
700044230,Investigaciones europeas de dirección y economía de la empresa.,European Association of Management and Business Economics.,Academia Europea de Dirección y Economía de la Empresa,1995,N/A,2309-575X, Management. Industrial Management,EJOURNALS/EMAGAZINES,https://libswu.on.worldcat.org/oclc/700044230
701718576,Sustainability accounting and accountability /,"Unerman, Jeffrey.Bebbington, Jan.O'Dwyer, Brendan.","Routledge,",2007,N/A,N/A, Management. Industrial Management,EBOOKS,https://libswu.on.worldcat.org/oclc/701718576
703375187,Culturally intelligent leadership :leading through intercultural interactions /,"Moua, Mai.; Business Expert Press.","Business Expert Press,",2010,N/A,N/A, Management. Industrial Management,EBOOKS,https://libswu.on.worldcat.org/oclc/703375187
704476996,Omega.,N/A,Pergamon Press.,1973,N/A,1873-5274, Management. Industrial Management,EJOURNALS/EMAGAZINES,https://libswu.on.worldcat.org/oclc/704476996
704551093,"Scenario planning in organizations :how to create, use, and assess scenarios /","Chermack, Thomas J.","Berrett-Koehler,",2011,N/A,N/A, Management. Industrial Management,EBOOKS,https://libswu.on.worldcat.org/oclc/704551093
706713356,Compliance in today's global supply chain /,"Cook, Thomas A.,","Taylor & Francis,",2010,N/A,N/A, Management. Industrial Management,EBOOKS,https://libswu.on.worldcat.org/oclc/706713356
708522449,"Service Operations and Logistics and Informatics (SOLI), 2010 IEEE International Conference on :date, 15-17 July 2010.","IEEE International Conference on Service Operations and Logistics, and Informatics; Institute of Electrical and Electronics Engineers.","IEEE,",2010,N/A,N/A, Management. Industrial Management,EBOOKS,https://libswu.on.worldcat.org/oclc/708522449
711787952,6 secrets to startup success :how to turn your entrepreneurial passion into a thriving business /,"Bradberry, John,","American Management Association,",2011,N/A,N/A, Management. Industrial Management,EBOOKS,https://libswu.on.worldcat.org/oclc/711787952
712119351,Business intelligence :making decisions through data analytics /,"Surma, Jerzy.; Business Expert Press.","Business Expert Press,",2011,N/A,N/A, Management. Industrial Management,EBOOKS,https://libswu.on.worldcat.org/oclc/712119351
712119355,Building organizational capacity for change :the strategic leader's new mandate /,"Judge, William Q.; Business Expert Press.","Business Expert Press,",2011,N/A,N/A, Management. Industrial Management,EBOOKS,https://libswu.on.worldcat.org/oclc/712119355
712611680,Journal of general management.,"Administrative Staff College (Henley-on-Thames, England)","Published by Henley, the Administrative Staff College in association with Business Publications Ltd.Sage",1973,N/A,1759-6106, Management. Industrial Management,EJOURNALS/EMAGAZINES,https://libswu.on.worldcat.org/oclc/712611680
714283520,Orchestrating supply chain opportunities :achieving stretch goals efficiently /,"Iyer, Ananth V.; Zelikovsky, Alexander.; Business Expert Press.","Business Expert Press,",2011,N/A,N/A, Management. Industrial Management,EBOOKS,https://libswu.on.worldcat.org/oclc/714283520
714568483,The AMA handbook of financial risk management /,"Hampton, John J.,","AMACOM, American Management Association,",2011,N/A,N/A, Management. Industrial Management,EBOOKS,https://libswu.on.worldcat.org/oclc/714568483
714643427,Green entrepreneur handbook :the guide to building and growing a green and clean business /,"Koester, Eric.","CRC Press,",2011,N/A,N/A, Management. Industrial Management,EBOOKS,https://libswu.on.worldcat.org/oclc/714643427
719371243,The critical thinking tool kit :spark your team's creativity with 35 problem solving activities /,"Caroselli, Marlene.","AMACOM,",2011,N/A,N/A, Management. Industrial Management,EBOOKS,https://libswu.on.worldcat.org/oclc/719371243
722919633,"SCMIS 2010 :proceedings of 2010 8th International Conference on Supply Chain Management and Information Systems : conference theme, logistics systems and engineering : 6th-8th October 2010, Hong Kong, China.",International Conference on Supply Chain Management and Information Systems; Institute of Electrical and Electronics Engineers.,"IEEE,",2010,N/A,N/A, Management. Industrial Management,EBOOKS,https://libswu.on.worldcat.org/oclc/722919633
723943960,Key concepts in critical management studies /,"Tadajewski, Mark.","SAGE Publications, Inc.,",2011,N/A,N/A, Management. Industrial Management,EBOOKS,https://libswu.on.worldcat.org/oclc/723943960
725480472,Conflict 101 :a manager's guide to resolving problems so everyone can get back to work /,"Shearouse, Susan H.,","American Management Association,",2011,N/A,N/A, Management. Industrial Management,EBOOKS,https://libswu.on.worldcat.org/oclc/725480472
727615280,Information technology and organizational learning :managing behavioral change through technology and education /,"Langer, Arthur M.; Langer, Arthur M.","CRC Press,",2011,N/A,N/A, Management. Industrial Management,EBOOKS,https://libswu.on.worldcat.org/oclc/727615280
727740662,Journal of family business management.,"Emerald Group Publishing,","Emerald Group Publishing,",2010,N/A,2043-6246, Management. Industrial Management,EJOURNALS/EMAGAZINES,https://libswu.on.worldcat.org/oclc/727740662
729244681,Succeeding in the project management jungle :how to manage the people side of projects /,"Russell, Doug.","American Management Association,",2011,N/A,N/A, Management. Industrial Management,EBOOKS,https://libswu.on.worldcat.org/oclc/729244681
729662299,Productivity.,National Productivity Council (India),National Productivity Council,1959,N/A,0976-3902, Management. Industrial Management,EJOURNALS/EMAGAZINES,https://libswu.on.worldcat.org/oclc/729662299
730527877,Logistics operations and management :concepts and models /,"Zanjirani Farahani, Reza.Rezapour, Shabnam.Kardar, Laleh.","Elsevier,",2011,N/A,N/A, Management. Industrial Management,EBOOKS,https://libswu.on.worldcat.org/oclc/730527877
731667689,Leadership :a critical text /,"Western, Simon.","Sage Publications,",2008,N/A,N/A, Management. Industrial Management,EBOOKS,https://libswu.on.worldcat.org/oclc/731667689
732954798,Managerial economics :concepts and principles /,"Stengel, Donald N.; Business Expert Press.","Business Expert Press,",2011,N/A,N/A, Management. Industrial Management,EBOOKS,https://libswu.on.worldcat.org/oclc/732954798
732956329,A short guide to operational risk /,"Tattam, David.","Gower,",2011,N/A,N/A, Management. Industrial Management,EBOOKS,https://libswu.on.worldcat.org/oclc/732956329
741498368,Global management :universal theories and local realities /,"Clegg, Stewart R.,Ibarra Colado, Eduardo.Bueno-Rodriquez, Luis.","SAGE Publications,",1999,N/A,N/A, Management. Industrial Management,EBOOKS,https://libswu.on.worldcat.org/oclc/741498368
741717957,Information security management metrics :a definitive guide to effective security monitoring and measurement /,"Brotby, W. Krag.","CRC Press,",2009,N/A,N/A, Management. Industrial Management,EBOOKS,https://libswu.on.worldcat.org/oclc/741717957
742184641,"Design, analysis, and optimization of supply chains :a system dynamics approach /","Killingsworth, William R.; Business Expert Press.","Business Expert Press,",2011,N/A,N/A, Management. Industrial Management,EBOOKS,https://libswu.on.worldcat.org/oclc/742184641
746262200,"BIFE 2010 :proceedings : the third International Conference on Business Intelligence and Financial Engineering : 13-15 August 2010, Hong Kong, China /","International Conference on Business Intelligence and Financial Engineering; Yu, Lean.Lai, Kin Keung.Wang, Shouyang,; IEEE Computer Society.","IEEE Computer Society,",2010,N/A,N/A, Management. Industrial Management,EBOOKS,https://libswu.on.worldcat.org/oclc/746262200
746498914,Inside the organizational learning curve :understanding the organizational learning process /,"Lapré, M. A.; Nembhard, Ingrid M.,","Now Publishers Inc.,",2011,N/A,N/A, Management. Industrial Management,EBOOKS,https://libswu.on.worldcat.org/oclc/746498914
746939930,"Gender, Sexuality & Violence in Organizations: The Unspoken Forces of Organization Violations.",N/A,Sage Publications Inc.,,N/A,N/A, Management. Industrial Management,EBOOKS,https://libswu.on.worldcat.org/oclc/746939930
746949045,International journal of business & management science.,"Society for Alliance, Fidelity and Advancement,","Society for Alliance, Fidelity and Advancement,",2008,N/A,N/A, Management. Industrial Management,EJOURNALS/EMAGAZINES,https://libswu.on.worldcat.org/oclc/746949045
747410641,Handbook of Research in Enterprise Systems.,"Kumar, Sanjay.; Esteves, Jose.Bendoly, Elliot.","SAGE India,",2011,N/A,N/A, Management. Industrial Management,EBOOKS,https://libswu.on.worldcat.org/oclc/747410641
748398167,Revista de gestao.,Universidade de São Paulo.,"Faculdade de Economia, Administracao e Contabilidade - FEA-USP.",1900,N/A,2177-8736, Management. Industrial Management,EJOURNALS/EMAGAZINES,https://libswu.on.worldcat.org/oclc/748398167
748542686,Networks in the Russian market economy /,"Lonkila, Markku.","Palgrave Macmillan,",2011,N/A,N/A, Management. Industrial Management,EBOOKS,https://libswu.on.worldcat.org/oclc/748542686
749120104,Site selection.,International Development Research Council.,"Conway Data,",1994,N/A,N/A, Management. Industrial Management,EJOURNALS/EMAGAZINES,https://libswu.on.worldcat.org/oclc/749120104
750748032,Australian journal of management.,Australian Graduate School of Management.,"Australian Graduate School of Management, University of New South Wales",1976,N/A,N/A, Management. Industrial Management,EJOURNALS/EMAGAZINES,https://libswu.on.worldcat.org/oclc/750748032
751525154,The international journal of organizational analysis.,"Center for Advanced Studies in Management,","[Center for Advanced Studies in Management],Emerald Group Publishing Limited",2005,N/A,1758-8561, Management. Industrial Management,EJOURNALS/EMAGAZINES,https://libswu.on.worldcat.org/oclc/751525154
753868344,Organization design :a guide to building effective organizations /,"Cichocki, Patricia.; Irwin, Christine.","Kogan Page,",2011,N/A,N/A, Management. Industrial Management,EBOOKS,https://libswu.on.worldcat.org/oclc/753868344
755918075,Cathedra.,N/A,Academiajournals.com,2012,N/A,2164-117X, Management. Industrial Management,EJOURNALS/EMAGAZINES,https://libswu.on.worldcat.org/oclc/755918075
755982613,Essential project management skills /,"Wills, Kerry R.","CRC Press,",2010,N/A,N/A, Management. Industrial Management,EBOOKS,https://libswu.on.worldcat.org/oclc/755982613
756142249,Journal of management control.,N/A,"Springer Verlag,",2011,N/A,2191-477X, Management. Industrial Management,EJOURNALS/EMAGAZINES,https://libswu.on.worldcat.org/oclc/756142249
757107947,Effective Opportunity Management for Projects /,"Hillson, David,","CRC Press [Imprint],Taylor & Francis GroupTaylor & Francis Group [distributor]",2003,N/A,N/A, Management. Industrial Management,EBOOKS,https://libswu.on.worldcat.org/oclc/757107947
759036471,Key concepts in public relations /,"Franklin, Bob,","SAGE,",2009,N/A,N/A, Management. Industrial Management,EBOOKS,https://libswu.on.worldcat.org/oclc/759036471
760161174,The chaos frontier :creative strategic control for business /,"Stacey, Ralph D.","Butterworth Heinemann,",1991,N/A,N/A, Management. Industrial Management,EBOOKS,https://libswu.on.worldcat.org/oclc/760161174
761213486,S.A.M. advanced management journal.,Society for Advancement of Management.,"Society for Advancement of Management,Society for Advancement of ManagementEmerald Publishing Limited/North Spring",1984,N/A,2996-6078, Management. Industrial Management,EJOURNALS/EMAGAZINES,https://libswu.on.worldcat.org/oclc/761213486
762004861,Revista pensamento contemporâneo em administração.,Universidade Federal Fluminense.,"Universidade Federal Fluminense, Faculdade de Administração, Ciências Contábeis e Turismo",2007,N/A,1982-2596, Management. Industrial Management,EJOURNALS/EMAGAZINES,https://libswu.on.worldcat.org/oclc/762004861
762044953,Leadership and change management /,"Beerel, Annabel C.,","SAGE,",2009,N/A,N/A, Management. Industrial Management,EBOOKS,https://libswu.on.worldcat.org/oclc/762044953
763160562,The Sage handbook of workplace learning /,N/A,"SAGE Publications,",2011,N/A,N/A, Management. Industrial Management,EBOOKS,https://libswu.on.worldcat.org/oclc/763160562
763345701,"101 learning and development tools :essential techniques for creating, delivering and managing effective training /","Fee, Kenneth.","Kogan Page,",2011,N/A,N/A, Management. Industrial Management,EBOOKS,https://libswu.on.worldcat.org/oclc/763345701
764574073,International Project Management.,"Koster, Kathrin.","Sage Publications,",2009,N/A,N/A, Management. Industrial Management,EBOOKS,https://libswu.on.worldcat.org/oclc/764574073
764635816,Supply chain risk management :tools for analysis /,"Olson, David L.,; Business Expert Press.","Business Expert Press,",2012,N/A,N/A, Management. Industrial Management,EBOOKS,https://libswu.on.worldcat.org/oclc/764635816
767731959,Eurasian business review.,N/A,EBES Research Consulting Education Pub. and Organisation Co.,2011,N/A,2147-4281, Management. Industrial Management,EJOURNALS/EMAGAZINES,https://libswu.on.worldcat.org/oclc/767731959
767767308,Insurance conference planner.,N/A,"[Laux Co., etc.]",1976,N/A,N/A, Management. Industrial Management,EJOURNALS/EMAGAZINES,https://libswu.on.worldcat.org/oclc/767767308
769187534,The SAGE handbook of organizational behavior.,"Clegg, Stewart R.,Cooper, Cary L.","SAGE,",2009,N/A,N/A, Management. Industrial Management,EBOOKS,https://libswu.on.worldcat.org/oclc/769187534
769187545,The SAGE handbook of organizational behavior.,"Barling, Julian,Cooper, Cary L.,","SAGE,",2008,N/A,N/A, Management. Industrial Management,EBOOKS,https://libswu.on.worldcat.org/oclc/769187545
772396543,Cross-cultural management /,"Velo, Veronica.; Business Expert Press.","Business Expert Press,",2012,N/A,N/A, Management. Industrial Management,EBOOKS,https://libswu.on.worldcat.org/oclc/772396543
772396561,Managing commodity price risk :a supply chain perspective /,"Zsidisin, George A.; Hartley, Janet L.; Business Expert Press.","Business Expert Press,",2012,N/A,N/A, Management. Industrial Management,EBOOKS,https://libswu.on.worldcat.org/oclc/772396561
772396570,Global supply chain management /,"Drake, Matt; Business Expert Press.","Business Expert Press,",2012,N/A,N/A, Management. Industrial Management,EBOOKS,https://libswu.on.worldcat.org/oclc/772396570
772396579,Supply chain information technology /,"Olson, David Louis.; Business Expert Press.","Business Expert Press,",2012,N/A,N/A, Management. Industrial Management,EBOOKS,https://libswu.on.worldcat.org/oclc/772396579
772524971,Contemporary management quarterly =Współczesne Zarządzanie.,N/A,"Jagiellonian University. Faculty of Management and Social Communication,",2010,N/A,N/A, Management. Industrial Management,EJOURNALS/EMAGAZINES,https://libswu.on.worldcat.org/oclc/772524971
772844629,Strategic Organizational Communication :In a Global Economy.,"Conrad, Charles R.; Poole, Marshall Scott.","John Wiley & Sons,",2011,N/A,N/A, Management. Industrial Management,EBOOKS,https://libswu.on.worldcat.org/oclc/772844629
774293648,"Handbook for supply chain risk management :case studies, effective practices, and emerging trends /","Khan, Omera,Zsidisin, George A.","J. Ross Pub.,",2012,N/A,N/A, Management. Industrial Management,EBOOKS,https://libswu.on.worldcat.org/oclc/774293648
774293650,Supply management and procurement :from the basics to best-in-class /,"Turner, Robert W.,","J. Ross Pub.,",2011,N/A,N/A, Management. Industrial Management,EBOOKS,https://libswu.on.worldcat.org/oclc/774293650
774293669,Project pain reliever :a just-in-time handbook for anyone managing projects /,"Garrett, Dave,","J. Ross Pub.,",2012,N/A,N/A, Management. Industrial Management,EBOOKS,https://libswu.on.worldcat.org/oclc/774293669
774713594,Public relations inquiry.,N/A,"Sage,",2012,N/A,2046-1488, Management. Industrial Management,EJOURNALS/EMAGAZINES,https://libswu.on.worldcat.org/oclc/774713594
779919183,Knowledge management :learning from knowledge engineering /,"Liebowitz, Jay,","CRC Press,",2001,N/A,N/A, Management. Industrial Management,EBOOKS,https://libswu.on.worldcat.org/oclc/779919183
780066553,Gestão & planejamento.,Universidade Salvador.Universidade Salvador.,"UNIFACS, Universidade Salvador",1999,N/A,2178-8030, Management. Industrial Management,EJOURNALS/EMAGAZINES,https://libswu.on.worldcat.org/oclc/780066553
780712422,"Proceedings of the first International Technology Management Conference :ITMC 2011, June 27-30, 2011, San Jose, California, USA /",IEEE International Technology Management Conference; IEEE Technology Management Council.,"IEEE,",2011,N/A,N/A, Management. Industrial Management,EBOOKS,https://libswu.on.worldcat.org/oclc/780712422
781260852,The art of funding and implementing ideas :a guide to proposal development and project management /,"Shore, Arnold,; Carfora, John M.,","SAGE,",2011,N/A,N/A, Management. Industrial Management,EBOOKS,https://libswu.on.worldcat.org/oclc/781260852
781538538,Dynamic strategies for small businesses /,"Seteroff, Sviatoslav Steve.; Campuzano, Lydia Guadalupe.; Business Expert Press.","Business Expert Press,",2010,N/A,N/A, Management. Industrial Management,EBOOKS,https://libswu.on.worldcat.org/oclc/781538538
782877227,The business plan workbook /,"Barrow, Colin,; Barrow, Paul,Brown, Robert,","Kogan Page,",2012,N/A,N/A, Management. Industrial Management,EBOOKS,https://libswu.on.worldcat.org/oclc/782877227
786282252,Puzzle :revista hispana de la inteligencia competitiva.,N/A,"EMECOM,",2002,N/A,1696-8573, Management. Industrial Management,EJOURNALS/EMAGAZINES,https://libswu.on.worldcat.org/oclc/786282252
786450763,International journal of management and innovation.,N/A,"Business Essay Consultance Center,",2009,N/A,N/A, Management. Industrial Management,EJOURNALS/EMAGAZINES,https://libswu.on.worldcat.org/oclc/786450763
787844663,Brand together :how co-creation generates innovation and re-energizes brands /,"Ind, Nicholas.; Fuller, Clare.Trevail, Charles.","Kogan Page,",2012,N/A,N/A, Management. Industrial Management,EBOOKS,https://libswu.on.worldcat.org/oclc/787844663
792794915,The Sage dictionary of quantitative management research /,"Moutinho, Luiz.Hutcheson, Graeme D.","SAGE,",2011,N/A,N/A, Management. Industrial Management,EBOOKS,https://libswu.on.worldcat.org/oclc/792794915
792820660,Capital equipment purchasing :optimizing the total cost of CapEx sourcing /,"Hofmann, Erik.","Springer,",2012,N/A,N/A, Management. Industrial Management,EBOOKS,https://libswu.on.worldcat.org/oclc/792820660
793340945,Encyclopedia of new venture management /,"Marvel, Matthew R.","SAGE,",2012,N/A,N/A, Management. Industrial Management,EBOOKS,https://libswu.on.worldcat.org/oclc/793340945
794260265,Implementing strategic change :managing processes and interfaces to develop a highly productive organization /,"Bevington, Tom.; Samson, Danny.","Kogan Page,",2012,N/A,N/A, Management. Industrial Management,EBOOKS,https://libswu.on.worldcat.org/oclc/794260265
794328425,"Work, management and the business of living /","El-Meligi, A. Moneim,","World Scientific,",2012,N/A,N/A, Management. Industrial Management,EBOOKS,https://libswu.on.worldcat.org/oclc/794328425
795940018,Journal of managerial issues.,N/A,Journal of Managerial Issues / PSU.,2000,N/A,1045-3695, Management. Industrial Management,EJOURNALS/EMAGAZINES,https://libswu.on.worldcat.org/oclc/795940018
795949453,Successful meetings.,N/A,Northstar Travel Group LLC.,1994,N/A,0148-4052, Management. Industrial Management,EJOURNALS/EMAGAZINES,https://libswu.on.worldcat.org/oclc/795949453
795949507,Supply chain management review.,N/A,EH Pub.,2000,N/A,1521-9747, Management. Industrial Management,EJOURNALS/EMAGAZINES,https://libswu.on.worldcat.org/oclc/795949507
795949766,Greener management international.,N/A,Greenleaf Pub.,1996,N/A,0966-9671, Management. Industrial Management,EJOURNALS/EMAGAZINES,https://libswu.on.worldcat.org/oclc/795949766
795951922,Information executive.,N/A,Association of Information Technology Professionals.,2003,N/A,1092-0374, Management. Industrial Management,EJOURNALS/EMAGAZINES,https://libswu.on.worldcat.org/oclc/795951922
796031324,PM network.,N/A,Project Management Institute.,2003,N/A,1040-8754, Management. Industrial Management,EJOURNALS/EMAGAZINES,https://libswu.on.worldcat.org/oclc/796031324
796383236,Strategic project management :creating the conditions for success /,"Roberts, Paul,","Kogan Page,",2012,N/A,N/A, Management. Industrial Management,EBOOKS,https://libswu.on.worldcat.org/oclc/796383236
796747611,Understanding identity & organizations /,"Kenny, Kate.; Whittle, Andrea.Willmott, Hugh.","Sage,",2011,N/A,N/A, Management. Industrial Management,EBOOKS,https://libswu.on.worldcat.org/oclc/796747611
797009099,Strategic leadership of portfolio and project management /,"Kloppenborg, Timothy J.,; Laning, Laurence J.; Business Expert Press.","Business Expert Press,",2012,N/A,N/A, Management. Industrial Management,EBOOKS,https://libswu.on.worldcat.org/oclc/797009099
797814336,International business /,"Suder, Gabriele G. S.","SAGE,",2009,N/A,N/A, Management. Industrial Management,EBOOKS,https://libswu.on.worldcat.org/oclc/797814336
797818039,Thinking about management :implications of organizational debates for practice /,"Palmer, Ian,; Hardy, Cynthia,","Sage Publications,",2000,N/A,N/A, Management. Industrial Management,EBOOKS,https://libswu.on.worldcat.org/oclc/797818039
797835644,The reengineering revolution? :critical studies of corporate change /,"Knights, David.Willmott, Hugh.","SAGE,",2000,N/A,N/A, Management. Industrial Management,EBOOKS,https://libswu.on.worldcat.org/oclc/797835644
797920182,IT Service Management :a guide for ITIL Foundation Exam candidates.,"Brewster, Ernest.; Griffiths, Richard.Lawes, Aidan.Sansbury, John.","British Informatics Society Limited,",2012,N/A,N/A, Management. Industrial Management,EBOOKS,https://libswu.on.worldcat.org/oclc/797920182
798584651,10 steps to successful business alignment /,"Phillips, Patricia Pulliam.; Phillips, Jack J.,","ASTD Press,",2012,N/A,N/A, Management. Industrial Management,EBOOKS,https://libswu.on.worldcat.org/oclc/798584651
801412944,Systems analysis & design fundamentals :a business process redesign approach /,"Kock, Ned F.,","Sage Publications,",2007,N/A,N/A, Management. Industrial Management,EBOOKS,https://libswu.on.worldcat.org/oclc/801412944
804845814,"Reframing difference in organizational communication studies :research, pedagogy, and practice /","Mumby, Dennis K.","SAGE,",2011,N/A,N/A, Management. Industrial Management,EBOOKS,https://libswu.on.worldcat.org/oclc/804845814
804845821,Needs assessment.,"Altschuld, James W.; White, Jeffry L.,","Sage,",2010,N/A,N/A, Management. Industrial Management,EBOOKS,https://libswu.on.worldcat.org/oclc/804845821
804845990,Engaging organizational communication theory & research :multiple perspectives /,"May, SteveMumby, Dennis K.","Sage Publications,",2005,N/A,N/A, Management. Industrial Management,EBOOKS,https://libswu.on.worldcat.org/oclc/804845990
804847833,The psychology of decision making :people in organizations /,"Beach, Lee Roy.; Connolly, Terry.","Sage Publications,",2005,N/A,N/A, Management. Industrial Management,EBOOKS,https://libswu.on.worldcat.org/oclc/804847833
804853708,Needs assessment :an overview /,"Altschuld, James W.; Kumar, David D.","SAGE Publications,",2010,N/A,N/A, Management. Industrial Management,EBOOKS,https://libswu.on.worldcat.org/oclc/804853708
804858811,Handbook of global supply chain management /,"Mentzer, John T.Myers, Matthew B.Stank, Theodore P.","Sage Publications,",2007,N/A,N/A, Management. Industrial Management,EBOOKS,https://libswu.on.worldcat.org/oclc/804858811
804858958,Performance-driven organizational change :the organizational portfolio /,"Donaldson, Lex.","Sage Publications,",1999,N/A,N/A, Management. Industrial Management,EBOOKS,https://libswu.on.worldcat.org/oclc/804858958
805545164,Needs assessment.collecting data /,"Altschuld, James W.","Sage Publications,",2010,N/A,N/A, Management. Industrial Management,EBOOKS,https://libswu.on.worldcat.org/oclc/805545164
806034391,50 top tools for coaching :a complete toolkit for developing and empowering people /,"Jones, Gillian.; Gorell, Ro.","Kogan Page,",2012,N/A,N/A, Management. Industrial Management,EBOOKS,https://libswu.on.worldcat.org/oclc/806034391
806056486,Leadership for global citizenship :building transnational community /,"Crosby, Barbara C.,","Sage Publications,",1999,N/A,N/A, Management. Industrial Management,EBOOKS,https://libswu.on.worldcat.org/oclc/806056486
806056492,"Negotiating on behalf of others :advice to lawyers, business executives, sports agents, diplomats, politicians, and everybody else /","Mnookin, Robert H.Susskind, Lawrence.Foster, Pacey C.","Sage Publications,",1999,N/A,N/A, Management. Industrial Management,EBOOKS,https://libswu.on.worldcat.org/oclc/806056492
806056493,Communication and group decision making /,"Hirokawa, Randy Y.Poole, Marshall Scott,","SAGE Publications,",1996,N/A,N/A, Management. Industrial Management,EBOOKS,https://libswu.on.worldcat.org/oclc/806056493
806059421,Missing organizational linkages :tools for cross-level research /,"Goodman, Paul S.","Sage Publications,",2000,N/A,N/A, Management. Industrial Management,EBOOKS,https://libswu.on.worldcat.org/oclc/806059421
806059422,Creating paths of change :managing issues and resolving problems in organizations /,"McWhinney, Will.","Sage Publications,",1997,N/A,N/A, Management. Industrial Management,EBOOKS,https://libswu.on.worldcat.org/oclc/806059422
807273869,International journal of sociotechnology and knowledge development.,IGI Global.,"IGI Global (701 E. Chocolate Avenue, Hershey, Pa., 17033, USA),",2009,N/A,1941-6261, Management. Industrial Management,EJOURNALS/EMAGAZINES,https://libswu.on.worldcat.org/oclc/807273869
808077183,Case studies in organizational communication :ethical perspectives and practices /,"May, Steve","SAGE Publications,",2013,N/A,N/A, Management. Industrial Management,EBOOKS,https://libswu.on.worldcat.org/oclc/808077183
808341570,Green IT :managing your carbon footprint.,"BCS, The Chartered Institute for IT.","British Informatics Society Ltd.,",2012,N/A,N/A, Management. Industrial Management,EBOOKS,https://libswu.on.worldcat.org/oclc/808341570
808342067,Corporate integrity & accountability /,"Brenkert, George G.","Sage Publications,",2004,N/A,N/A, Management. Industrial Management,EBOOKS,https://libswu.on.worldcat.org/oclc/808342067
808342074,Handbook of strategic alliances /,"Shenkar, Oded,Reuer, J. J.","SAGE Publications,",2006,N/A,N/A, Management. Industrial Management,EBOOKS,https://libswu.on.worldcat.org/oclc/808342074
808342158,The leader's shadow :exploring and developing executive character /,"Judge, William Q.","Sage Publications,",1999,N/A,N/A, Management. Industrial Management,EBOOKS,https://libswu.on.worldcat.org/oclc/808342158
808342173,Organizational diagnosis and assessment :bridging theory and practice /,"Harrison, Michael I.; Shirom, Arie.","Sage Publications,",1999,N/A,N/A, Management. Industrial Management,EBOOKS,https://libswu.on.worldcat.org/oclc/808342173
808342184,"Organizational citizenship behavior :its nature, antecedents, and consequences /","Organ, Dennis W.; Podsakoff, Philip M.MacKenzie, Scott Bradley,","SAGE Publications,",2006,N/A,N/A, Management. Industrial Management,EBOOKS,https://libswu.on.worldcat.org/oclc/808342184
808342231,Dictionary of strategy :strategic management A-Z /,"Kelly, Louise,; Booth, Christopher A.","Sage Publications,",2004,N/A,N/A, Management. Industrial Management,EBOOKS,https://libswu.on.worldcat.org/oclc/808342231
808342234,Making better business decisions :understanding and improving critical thinking and problem-solving skills /,"Williams, Steve W.","Sage Publications,",2002,N/A,N/A, Management. Industrial Management,EBOOKS,https://libswu.on.worldcat.org/oclc/808342234
808342303,The necessary nature of future firms :attributes of survivors in a changing world /,"Huber, George P.","Sage Publications,",2004,N/A,N/A, Management. Industrial Management,EBOOKS,https://libswu.on.worldcat.org/oclc/808342303
808342306,Cases in alliance management :building successful alliances /,"Schaan, Jean-Louis.; Kelly, Micheál J.","SAGE Publications,",2007,N/A,N/A, Management. Industrial Management,EBOOKS,https://libswu.on.worldcat.org/oclc/808342306
808342347,Economic foundations of strategy /,"Mahoney, Joseph T.","Sage,",2005,N/A,N/A, Management. Industrial Management,EBOOKS,https://libswu.on.worldcat.org/oclc/808342347
808342357,The discipline of teamwork :participation and concertive control /,"Barker, James R.","Sage Publications,",1999,N/A,N/A, Management. Industrial Management,EBOOKS,https://libswu.on.worldcat.org/oclc/808342357
808342616,Building strategy from the middle :reconceptualizing strategy process /,"Floyd, Steven W.,; Wooldridge, Bill,","Sage,",2000,N/A,N/A, Management. Industrial Management,EBOOKS,https://libswu.on.worldcat.org/oclc/808342616
808342729,Organization and management problem solving :a systems and consulting approach /,"Ziegenfuss, James T.","Sage Publications,",2002,N/A,N/A, Management. Industrial Management,EBOOKS,https://libswu.on.worldcat.org/oclc/808342729
808342733,Charismatic leadership in organizations /,"Conger, Jay Alden.; Kanungo, Rabindra Nath.","Sage Publications,",1998,N/A,N/A, Management. Industrial Management,EBOOKS,https://libswu.on.worldcat.org/oclc/808342733
808343814,Field casework :methods for consulting to small and startup businesses /,"Gundry, Lisa K.,; Buchko, Aaron A.","Sage Publications,",1996,N/A,N/A, Management. Industrial Management,EBOOKS,https://libswu.on.worldcat.org/oclc/808343814
808343905,"Attracting equity investors :positioning, preparing, and presenting the business plan /","Shepherd, Dean A.; Douglas, Evan J.,","Sage Publications,",1999,N/A,N/A, Management. Industrial Management,EBOOKS,https://libswu.on.worldcat.org/oclc/808343905
808344065,Fundamentals of supply chain management :twelve drivers of competitive advantage /,"Mentzer, John T.","Sage Publications,",2004,N/A,N/A, Management. Industrial Management,EBOOKS,https://libswu.on.worldcat.org/oclc/808344065
808344117,Person-centered leadership for non profit organizations :management that works in high pressure systems /,"Plas, Jeanne M.; Lewis, Susan E.","Sage Publications,",2001,N/A,N/A, Management. Industrial Management,EBOOKS,https://libswu.on.worldcat.org/oclc/808344117
808344289,Business strategies in transition economies /,"Peng, Mike W.,","Sage Publications,",2000,N/A,N/A, Management. Industrial Management,EBOOKS,https://libswu.on.worldcat.org/oclc/808344289
808344297,Demystifying organizational learning /,"Lipshitz, Raanan.; Popper, Micha,Friedman, Victor J.,","SAGE Publications,",2007,N/A,N/A, Management. Industrial Management,EBOOKS,https://libswu.on.worldcat.org/oclc/808344297
808344298,Leading organizations through transition :communication and cultural change /,"Deetz, Stanley.; Tracy, Sarah J.Simpson, Jennifer Lyn.","Sage Publications, Inc.,",2000,N/A,N/A, Management. Industrial Management,EBOOKS,https://libswu.on.worldcat.org/oclc/808344298
808344335,Managing organizational deviance /,"Kidwell, Roland E.Martin, Christopher L.","SAGE Publications,",2005,N/A,N/A, Management. Industrial Management,EBOOKS,https://libswu.on.worldcat.org/oclc/808344335
808344350,Building smart teams :roadmap to high performance /,"Beatty, Carol Anne,; Scott, Brenda A. Barker","Sage,",2004,N/A,N/A, Management. Industrial Management,EBOOKS,https://libswu.on.worldcat.org/oclc/808344350
808344471,Leadership games :experiential learning for organizational development /,"Kaagan, Stephen S.","Sage Publications,",1999,N/A,N/A, Management. Industrial Management,EBOOKS,https://libswu.on.worldcat.org/oclc/808344471
808375864,Peace is everybody's business :a strategy for conflict prevention /,"Ray, Arjun,","SAGE Publications,",2012,N/A,N/A, Management. Industrial Management,EBOOKS,https://libswu.on.worldcat.org/oclc/808375864
808376151,Leading with knowledge :the nature of competition in the 21st century /,"Huseman, Richard C.; Goodman, Jon P.","Sage Publications,",1999,N/A,N/A, Management. Industrial Management,EBOOKS,https://libswu.on.worldcat.org/oclc/808376151
808376164,Identity in organizations :building theory through conversations /,"Whetten, David A.Godfrey, Paul C.,","SAGE Publications,",1998,N/A,N/A, Management. Industrial Management,EBOOKS,https://libswu.on.worldcat.org/oclc/808376164
808377002,Creative action in organizations :ivory tower visions & real world voices /,"Ford, Cameron M.Gioia, Dennis A.,","Sage Publications,",1995,N/A,N/A, Management. Industrial Management,EBOOKS,https://libswu.on.worldcat.org/oclc/808377002
808377003,Communicating in global business negotiations :a geocentric approach /,"Rudd, Jill E.; Lawson, Diana R.","Sage Publications,",2007,N/A,N/A, Management. Industrial Management,EBOOKS,https://libswu.on.worldcat.org/oclc/808377003
808721113,Variations in organization science :in honor of Donald T. Campbell /,"Campbell, Donald T.Baum, Joel A. C.McKelvey, Bill.","Sage Publications,",1999,N/A,N/A, Management. Industrial Management,EBOOKS,https://libswu.on.worldcat.org/oclc/808721113
809590150,John Ben Shepperd journal of practical leadership.,N/A,John Ben Shepperd Public Leadership Institute.,2010,N/A,N/A, Management. Industrial Management,EJOURNALS/EMAGAZINES,https://libswu.on.worldcat.org/oclc/809590150
809669652,Leadership transitions :how business leaders take charge in new roles /,"Elsner, Richard.; Farrands, Bridget.","Kogan Page,",2012,N/A,N/A, Management. Industrial Management,EBOOKS,https://libswu.on.worldcat.org/oclc/809669652
809774017,Strategic alliances among health and human services organizations :from affiliations to consolidations /,"Bailey, Darlyne,; Koney, Kelly McNally.","SAGE Publications,",2000,N/A,N/A, Management. Industrial Management,EBOOKS,https://libswu.on.worldcat.org/oclc/809774017
809964334,Making strategy :the journey of strategic management.,"Eden, Colin.; Ackermann, Fran.","SAGE,",1998,N/A,N/A, Management. Industrial Management,EBOOKS,https://libswu.on.worldcat.org/oclc/809964334
809965210,The handbook of organizational culture and climate.,"Ashkanasy, Neal M.,Wilderom, Celeste.Peterson, Mark F.","SAGE,",2011,N/A,N/A, Management. Industrial Management,EBOOKS,https://libswu.on.worldcat.org/oclc/809965210
809967248,The contingency theory of organizations.,"Donaldson, Lex.","SAGE,",2001,N/A,N/A, Management. Industrial Management,EBOOKS,https://libswu.on.worldcat.org/oclc/809967248
809969473,Managing organizations :current issues.,"Clegg, Stewart R.,Hardy, Cynthia,Nord, Walter R.","SAGE,",1999,N/A,N/A, Management. Industrial Management,EBOOKS,https://libswu.on.worldcat.org/oclc/809969473
809969481,The end of corporate social responsibility :crisis & critique.,"Fleming, P.; Jones, Marc T.","SAGE,",2012,N/A,N/A, Management. Industrial Management,EBOOKS,https://libswu.on.worldcat.org/oclc/809969481
809969523,Management of technology and innovation :competing through technological excellence.,"Rastogi, P. N.","Response,",2009,N/A,N/A, Management. Industrial Management,EBOOKS,https://libswu.on.worldcat.org/oclc/809969523
809969779,Managing in changing times :a guide for the perplexed manager.,"Lowe, Sid.","Response,",2010,N/A,N/A, Management. Industrial Management,EBOOKS,https://libswu.on.worldcat.org/oclc/809969779
809969814,International and cross-cultural management research.,"Usunier, Jean-Claude.","SAGE,",1998,N/A,N/A, Management. Industrial Management,EBOOKS,https://libswu.on.worldcat.org/oclc/809969814
810077938,Risk and crisis management in the public sector /,"Drennan, Lynn T.,; McConnell, Allan,","Routledge,",2007,N/A,N/A, Management. Industrial Management,EBOOKS,https://libswu.on.worldcat.org/oclc/810077938
810340584,Journal of economic and administrative sciences.,"Emerald Group Publishing,","Emerald Group Publishing,",2003,N/A,2054-6246, Management. Industrial Management,EJOURNALS/EMAGAZINES,https://libswu.on.worldcat.org/oclc/810340584
810933511,Applying innovation /,"O'Sullivan, David.; Dooley, Lawrence.","Sage,",2009,N/A,N/A, Management. Industrial Management,EBOOKS,https://libswu.on.worldcat.org/oclc/810933511
811562999,The SAGE handbook of complexity and management /,"Allen, Peter,Maguire, Steve.McKelvey, Bill.","SAGE,",2011,N/A,N/A, Management. Industrial Management,EBOOKS,https://libswu.on.worldcat.org/oclc/811562999
811563759,Mega planning :practical tools for organizational success /,"Kaufman, Roger A.","Sage Publications, Inc.,",2000,N/A,N/A, Management. Industrial Management,EBOOKS,https://libswu.on.worldcat.org/oclc/811563759
812596235,"ISO-IEC Amendment 3, IEEE P802.2c, 8802-2:1994 - Information Technology - Telecommunications and Information Exchange Between Systems - Local and Metropolitan Area Networks - Specific Requirements :Pt. 2: Logical Link Control, Amendment 3: Conformance Requirements.",N/A,IEEE,,N/A,N/A, Management. Industrial Management,EBOOKS,https://libswu.on.worldcat.org/oclc/812596235
812607762,2011 7th International Conference on Advanced Information Management and Service.,N/A,IEEE,2012,N/A,N/A, Management. Industrial Management,EBOOKS,https://libswu.on.worldcat.org/oclc/812607762
812633809,2009 Simposio Brasileiro de Sistemas Colaborativos.,N/A,IEEE,2009,N/A,N/A, Management. Industrial Management,EBOOKS,https://libswu.on.worldcat.org/oclc/812633809
812661235,"2011 4th International Workshop on Managing Requirements Knowledge :part of the 19th IEEE International Requirements Engineering Conference : August 30th, 2011, Trento, Italy /","International Workshop on Managing Requirements Knowledge; Maalej, Walid.Thurimella, Anil Kumar.; Institute of Electrical and Electronics Engineers,","IEEE,",2011,N/A,N/A, Management. Industrial Management,EBOOKS,https://libswu.on.worldcat.org/oclc/812661235
813005420,"20:20 project management :how to deliver on time, on budget and on spec /","Marks, Tony","Kogan Page,",2012,N/A,N/A, Management. Industrial Management,EBOOKS,https://libswu.on.worldcat.org/oclc/813005420
814469168,Quality Management Systems :a Practical Guide.,N/A,CRC Press,2000,N/A,N/A, Management. Industrial Management,EBOOKS,https://libswu.on.worldcat.org/oclc/814469168
818672816,The Online journal of applied knowledge management.,International Institute for Applied Knowledge Management.,"International Institute for Applied Knowledge Management,International Institute for Applied Knowledge Management",2013,N/A,2325-4688, Management. Industrial Management,EJOURNALS/EMAGAZINES,https://libswu.on.worldcat.org/oclc/818672816
818985740,"Big data, big analytics :emerging business intelligence and analytic trends for today's businesses /","Minelli, Michael,; Chambers, Michele.Dhiraj, Ambiga,","John Wiley & Sons, Inc.,",2013,N/A,N/A, Management. Industrial Management,EBOOKS,https://libswu.on.worldcat.org/oclc/818985740
819615234,Project Management for IT-Related Projects.,"Hughes, Bob.; Hughes, Bob.Ireland, Roger.West, Brian.Smith, Norman.Shepherd, David I.","BCS Learning & Development Limited,",2012,N/A,N/A, Management. Industrial Management,EBOOKS,https://libswu.on.worldcat.org/oclc/819615234
820029603,International journal of management reviews.,British Academy of Management.,Wiley-Blackwell [for] the British Academy of Management.,1999,N/A,"1460-8545,1468-2370", Management. Industrial Management,EJOURNALS/EMAGAZINES,https://libswu.on.worldcat.org/oclc/820029603
821199072,"A Very Short, Fairly Interesting and Reasonably Cheap Book about International Business.","Cairns, George.; Sliwa, Martyna.","SAGE Publications,",2008,N/A,N/A, Management. Industrial Management,EBOOKS,https://libswu.on.worldcat.org/oclc/821199072
823394014,Academic ethos management :building the foundation for integrity in management education /,"Stachowicz-Stanusch, Agata.; Business Expert Press.","Business Expert Press,",2012,N/A,N/A, Management. Industrial Management,EBOOKS,https://libswu.on.worldcat.org/oclc/823394014
823394017,Business models and strategic management :a new integration /,"Newth, Francine.; Business Expert Press.","Business Expert Press,",2012,N/A,N/A, Management. Industrial Management,EBOOKS,https://libswu.on.worldcat.org/oclc/823394017
823907092,"Service Operations and Logistics, and Informatics (SOLI), 2012 IEEE International Conference on :date: 8-10 July 2012.","IEEE International Conference on Service Operations and Logistics, and Informatics; Institute of Electrical and Electronics Engineers,","[IEEE],",2012,N/A,N/A, Management. Industrial Management,EBOOKS,https://libswu.on.worldcat.org/oclc/823907092
824511074,Developing a leadership strategy /,"Neal, Annmarie.; Sonsino, Daniel.","American Society for Training & Development,",2012,N/A,N/A, Management. Industrial Management,EBOOKS,https://libswu.on.worldcat.org/oclc/824511074
825768805,Understanding leadership :paradigms and cases /,"Avery, Gayle,; Bell, Andrew.Hilb, Martin.Witte, Anne E.,","SAGE,",2004,N/A,N/A, Management. Industrial Management,EBOOKS,https://libswu.on.worldcat.org/oclc/825768805
826516753,Enterprise operations management handbook /,"Blanding, Steven F.","Auerbach,",1999,N/A,N/A, Management. Industrial Management,EBOOKS,https://libswu.on.worldcat.org/oclc/826516753
826646713,South Asian journal of business and management cases.,"Birla Institute of Management Technology,","[Sage Publications],",2012,N/A,2321-0303, Management. Industrial Management,EJOURNALS/EMAGAZINES,https://libswu.on.worldcat.org/oclc/826646713
826870050,Asia-Pacific journal of management research and innovation.,"Asia-Pacific Institute of Management,","Asia-Pacific Institute of Management,",2012,N/A,2321-0729, Management. Industrial Management,EJOURNALS/EMAGAZINES,https://libswu.on.worldcat.org/oclc/826870050
827174830,IIM Kozhikode Society & Management Review.,"Indian Institute of Management Kozhikode,","Sage Publications,",2012,N/A,2321-029X, Management. Industrial Management,EJOURNALS/EMAGAZINES,https://libswu.on.worldcat.org/oclc/827174830
827773934,"2011 IEEE International Conference on Service Operations and Logistics and Informatics (SOLI) :10 Jul-12 Jul 2011, Beijing, China /","IEEE International Conference on Service Operations and Logistics, and Informatics; Institute of Electrical and Electronics Engineers.IEEE ITSS.","IEEE,",2011,N/A,N/A, Management. Industrial Management,EBOOKS,https://libswu.on.worldcat.org/oclc/827773934
827924397,Business perspectives and research.,"Somaiya Institute of Management Studies & Research,","KJ Somaiya Institute of Management Studies & Research,Sage",2012,N/A,2394-9937, Management. Industrial Management,EJOURNALS/EMAGAZINES,https://libswu.on.worldcat.org/oclc/827924397
828292429,AMA business boot camp :management and leadership fundamentals that will see you successfully through your career /,"Reilly, Edward T.; American Management Association.","Amacom,",2012,N/A,N/A, Management. Industrial Management,EBOOKS,https://libswu.on.worldcat.org/oclc/828292429
828737900,"Project risk analysis :techniques for forecasting funding requirements, costs and timescales /","Salkeld, Derek.","Gower Pub.,",2013,N/A,N/A, Management. Industrial Management,EBOOKS,https://libswu.on.worldcat.org/oclc/828737900
828743835,"The risk management of safety and dependability :a guide for directors, managers and engineers /","Wong, W.","CRC Press ;Woodhead Pub.,",2010,N/A,N/A, Management. Industrial Management,EBOOKS,https://libswu.on.worldcat.org/oclc/828743835
829459846,The business of corporate learning :insights from practice /,"Ben-Hur, Shlomo,","Cambridge University Press,",2013,N/A,N/A, Management. Industrial Management,EBOOKS,https://libswu.on.worldcat.org/oclc/829459846
829460137,How to manage people /,"Armstrong, Michael,","Kogan Page,",2013,N/A,N/A, Management. Industrial Management,EBOOKS,https://libswu.on.worldcat.org/oclc/829460137
829713516,Innovations in international and cross-cultural management /,"Earley, P. Christopher.Singh, Harbir.","Sage Publications,",2000,N/A,N/A, Management. Industrial Management,EBOOKS,https://libswu.on.worldcat.org/oclc/829713516
830008606,Transport & logistics.,"Univerzitet u Beogradu.Technická univerzita (Košice, Slovakia).",Logistics Institute of Industry and Transport ;Dept. of Haulage and Hoisting,2001,N/A,N/A, Management. Industrial Management,EJOURNALS/EMAGAZINES,https://libswu.on.worldcat.org/oclc/830008606
830948702,Developing a learning culture in nonprofit organizations /,"Gill, Stephen J.,","SAGE,",2010,N/A,N/A, Management. Industrial Management,EBOOKS,https://libswu.on.worldcat.org/oclc/830948702
831676605,The AMA Dictionary of Business and Management /,"Kurian, George Thomas,","Amacom,",2013,N/A,N/A, Management. Industrial Management,EBOOKS,https://libswu.on.worldcat.org/oclc/831676605
833763665,Organizational Rhetoric :Situations and Strategies.,"Hoffman, Mary F.; Ford, Debra J.","SAGE Publications,",2009,N/A,N/A, Management. Industrial Management,EBOOKS,https://libswu.on.worldcat.org/oclc/833763665
833764367,Transforming Leaders Into Progress Makers :Leadership for the 21st Century.,"Clampitt, Phillip G.; Dekoch, Robert J.,","SAGE Publications,",2010,N/A,N/A, Management. Industrial Management,EBOOKS,https://libswu.on.worldcat.org/oclc/833764367
835468039,"Proceedings sixth International Workshop on Groupware :CRIWG 2000 : October 18-20, 2000, Madeira, Portugal /","CRIWG (Conference); Titsworth, Frances M.; IEEE Computer Society.Fundação para a Ciência e a Tecnologia.","IEEE Computer Society,",2000,N/A,N/A, Management. Industrial Management,EBOOKS,https://libswu.on.worldcat.org/oclc/835468039
835675183,"2011 International Conference on Data and Knowledge Engineering :proceedings: ICDKE 2011: Sept. 6, 2011, Milan, Italy /","International Conference on Data and Knowledge Engineering; Livraga, Giovanni.Zhang, Ji.; Institute of Electrical and Electronics Engineers.","IEEE,",2011,N/A,N/A, Management. Industrial Management,EBOOKS,https://libswu.on.worldcat.org/oclc/835675183
841479375,Contemporary leadership and intercultural competence :exploring the cross-cultural dynamics within organizations.,"Moodian, Michael A.","SAGE,",2009,N/A,N/A, Management. Industrial Management,EBOOKS,https://libswu.on.worldcat.org/oclc/841479375
841479429,Business transformation strategies :the strategic leader as innovation manager.,"Mascarenhas, Oswald A. J.","Response,",2011,N/A,N/A, Management. Industrial Management,EBOOKS,https://libswu.on.worldcat.org/oclc/841479429
844071913,Develop your leadership skills /,"Adair, John Eric,","Kogan Page Ltd.,",2013,N/A,N/A, Management. Industrial Management,EBOOKS,https://libswu.on.worldcat.org/oclc/844071913
844194531,Philosophy of management.,N/A,"Reason in Practice,Springer International",2001,N/A,2052-9597, Management. Industrial Management,EJOURNALS/EMAGAZINES,https://libswu.on.worldcat.org/oclc/844194531
844198988,Internext :revista eletrônica de negócios internacionais da ESPM.,Escola Superior de Propaganda e Marketing.,"Programa de Mestrado em Gestão Internacional da ESPM, Escola Superior de Propaganda e Marketing,",2006,N/A,1980-4865, Management. Industrial Management,EJOURNALS/EMAGAZINES,https://libswu.on.worldcat.org/oclc/844198988
846496604,Rethinking organizational & managerial communication from feminist perspectives /,"Buzzanell, Patrice M.","Sage Publications,",2000,N/A,N/A, Management. Industrial Management,EBOOKS,https://libswu.on.worldcat.org/oclc/846496604
846646586,Encyclopedia of management theory /,"Kessler, Eric H.,","SAGE,",2013,N/A,N/A, Management. Industrial Management,EBOOKS,https://libswu.on.worldcat.org/oclc/846646586
848179979,Social Power and the CEO :Leadership and Trust in a Sustainable Free Enterprise System.,"Jaques, Elliott.","Greenwood Publishing Group, Incorporated ;ABC-CLIO, LLC [distributor]",2002,N/A,N/A, Management. Industrial Management,EBOOKS,https://libswu.on.worldcat.org/oclc/848179979
849919423,User acceptance testing :a step-by-step guide /,"Hambling, Brian,; Goethem, Pauline van.","BCS,",2013,N/A,N/A, Management. Industrial Management,EBOOKS,https://libswu.on.worldcat.org/oclc/849919423
849949580,Handbook of public relations /,"Heath, Robert L.Vasquez, Gabriel","Sage Publications,",2001,N/A,N/A, Management. Industrial Management,EBOOKS,https://libswu.on.worldcat.org/oclc/849949580
853166877,Ecosystem-Aware global supply chain management /,"Viswanadham, N.,Kameshwaran, S.","World Scientific Publishing Company,",2013,N/A,N/A, Management. Industrial Management,EBOOKS,https://libswu.on.worldcat.org/oclc/853166877
853478247,Revista de negócios.,Universidade Regional de Blumenau.,Centro de Ciências Sociais Aplicadas da FURB.,1996,N/A,1980-4431, Management. Industrial Management,EJOURNALS/EMAGAZINES,https://libswu.on.worldcat.org/oclc/853478247
854917592,Crisis management in the age of social media /,"Capozzi, Louis,; Rucci, Susan R.","Business Expert Press,",2013,N/A,N/A, Management. Industrial Management,EBOOKS,https://libswu.on.worldcat.org/oclc/854917592
855504042,Transparency for sustainability in the food chain :challenges and research needs : EFFoST Critical Reviews #2 /,"Schiefer, Gerhard W.,; Deiters, Jivka,","Elsevier Science,",2013,N/A,N/A, Management. Industrial Management,EBOOKS,https://libswu.on.worldcat.org/oclc/855504042
855731848,Encyclopedia of public relations /,"Heath, Robert L.","SAGE Publications, Inc.,",2013,N/A,N/A, Management. Industrial Management,EBOOKS,https://libswu.on.worldcat.org/oclc/855731848
857908383,The technology change book /,"Emerson, Tricia.; Stewart, Mary","ASTD Press,",2013,N/A,N/A, Management. Industrial Management,EBOOKS,https://libswu.on.worldcat.org/oclc/857908383
858422319,ELeader.,N/A,"บริษัท เอ.อาร์. อินฟอร์เมชั่น แอนด์ พับลิเคชัน จำกัด,",2005,1685-3938,N/A, Management. Industrial Management,N/A,https://libswu.on.worldcat.org/oclc/858422319
858857661,Folletos gerenciales.,N/A,Editorial Universitaria de la Republica de Cuba,1997,N/A,1817-1788, Management. Industrial Management,EJOURNALS/EMAGAZINES,https://libswu.on.worldcat.org/oclc/858857661
860565978,Needs assessment :Phase III : taking action for change /,"Stevahn, Laurie,; King, Jean A.","SAGE,",2010,N/A,N/A, Management. Industrial Management,EBOOKS,https://libswu.on.worldcat.org/oclc/860565978
860566137,Needs assessment :Phase I : Getting started /,"Altschuld, James W.; Eastmond, J. Nicholls.","SAGE,",2010,N/A,N/A, Management. Industrial Management,EBOOKS,https://libswu.on.worldcat.org/oclc/860566137
861080264,An Introduction to the Philosophy of Management.,"Griseri, Paul.","SAGE Publications,",2013,N/A,N/A, Management. Industrial Management,EBOOKS,https://libswu.on.worldcat.org/oclc/861080264
862784244,GeSec :revista de gestão e secretariado.,SPARC (Organization),"Sindicato das Secretárias do Estado de São Paulo,",2010,N/A,2178-9010, Management. Industrial Management,EJOURNALS/EMAGAZINES,https://libswu.on.worldcat.org/oclc/862784244
862962225,"Reducing risk in innovation :proceedings of the 15th International DSM Conference, Melbourne, Australia, 29-30 August 2013 /","International DSM Conference; Scheurmann, Elke,","Hanser,",2013,N/A,N/A, Management. Industrial Management,EBOOKS,https://libswu.on.worldcat.org/oclc/862962225
864141096,Peer-to-peer leadership :why the network is the leader /,"Baker, Mila.","Berrett-Koehler Publishers,",2014,N/A,N/A, Management. Industrial Management,EBOOKS,https://libswu.on.worldcat.org/oclc/864141096
865508857,The design of business :why design thinking is the next competitive advantage /,"Martin, Roger L.,","Harvard Business Press,",2009,N/A,N/A, Management. Industrial Management,EBOOKS,https://libswu.on.worldcat.org/oclc/865508857
866439095,Leadership /,"Tracy, Brian,","AMACOM/American Management Association,",2014,N/A,N/A, Management. Industrial Management,EBOOKS,https://libswu.on.worldcat.org/oclc/866439095
867317285,Data crush :how the information tidal wave is driving new business opportunities /,"Surdak, Christopher,","AMACOM, American Management Association,",2014,N/A,N/A, Management. Industrial Management,EBOOKS,https://libswu.on.worldcat.org/oclc/867317285
867718798,International Strategic Management Review,N/A,Elsevier Science,2013,N/A,2306-7748, Management. Industrial Management,EJOURNALS/EMAGAZINES,https://libswu.on.worldcat.org/oclc/867718798
867731025,La Revue Gestion & Organisation.,"Université Saint-Esprit,","Elsevier B.V.,",2013,N/A,2214-4234, Management. Industrial Management,EJOURNALS/EMAGAZINES,https://libswu.on.worldcat.org/oclc/867731025
867926212,"Managing Across Cultures :Concepts, Policies and Practices.","Branine, Mohamed.","SAGE Publications,",2011,N/A,N/A, Management. Industrial Management,EBOOKS,https://libswu.on.worldcat.org/oclc/867926212
868126364,Time management /,"Tracy, Brian.","American Management Association,",2014,N/A,N/A, Management. Industrial Management,EBOOKS,https://libswu.on.worldcat.org/oclc/868126364
868167871,Handbook of the economics of risk and uncertainty /,"Machina, Mark J.,; Viscusi, W. Kip,","North-Holland,",2014,N/A,N/A, Management. Industrial Management,EBOOKS,https://libswu.on.worldcat.org/oclc/868167871
868580696,Execution is the strategy :how leaders achieve maximum results in minimum time /,"Stack, Laura.","Berrett-Koehler Publishers,",2014,N/A,N/A, Management. Industrial Management,EBOOKS,https://libswu.on.worldcat.org/oclc/868580696
868886128,Estudios Gerenciales,N/A,Elsevier Science,,N/A,0123-5923, Management. Industrial Management,EJOURNALS/EMAGAZINES,https://libswu.on.worldcat.org/oclc/868886128
868889633,Effective management in practice :analytical insights and critical questions /,"Wensley, Robin,","SAGE,",2013,N/A,N/A, Management. Industrial Management,EBOOKS,https://libswu.on.worldcat.org/oclc/868889633
869094590,Power and Influence in Organizations.,"Kramer, Roderick M.; Neale, Margaret Ann.","SAGE Publications,",1998,N/A,N/A, Management. Industrial Management,EBOOKS,https://libswu.on.worldcat.org/oclc/869094590
869881457,Analytics in a big data world :the essential guide to data science and its applications /,"Baesens, Bart.","Wiley,",2014,N/A,N/A, Management. Industrial Management,EBOOKS,https://libswu.on.worldcat.org/oclc/869881457
870965661,"Future-proofing the state :managing risks, responding to crises and building resilience /","Boston, Jonathan,Wanna, John,Pritchard, Justin,Lipski, Vic,","ANU Press,",2014,N/A,N/A, Management. Industrial Management,EBOOKS,https://libswu.on.worldcat.org/oclc/870965661
871190297,Fashion supply chain management using radio frequency identification (RFID) technologies /,"Wong, W. K.Guo, Zhaoxia,","Woodhead Publishing,",2014,N/A,N/A, Management. Industrial Management,EBOOKS,https://libswu.on.worldcat.org/oclc/871190297
871196780,Journal of supply chain management systems.,N/A,Publishing India Group.Publishing India Group,2012,N/A,2320-4982, Management. Industrial Management,EJOURNALS/EMAGAZINES,https://libswu.on.worldcat.org/oclc/871196780
871689683,"Big data, data mining and machine learning :value creation for business leaders and practitioners /","Dean, Jared,","John Wiley and Sons, Inc.,",2014,N/A,N/A, Management. Industrial Management,EBOOKS,https://libswu.on.worldcat.org/oclc/871689683
872564433,Think bigger :developing a successful big data strategy for your business /,"Van Rijmenam, Mark,","American Management Association,",2014,N/A,N/A, Management. Industrial Management,EBOOKS,https://libswu.on.worldcat.org/oclc/872564433
872672511,Organizational culture in action :a cultural analysis workbook /,"Driskill, Gerald W.; Brenton, Angela Laird.","Sage,",2011,N/A,N/A, Management. Industrial Management,EBOOKS,https://libswu.on.worldcat.org/oclc/872672511
872675401,Doing business in emerging markets :entry and negotiation strategies /,"Cavusgil, S. Tamer.; Ghauri, Pervez N.,Agarwal, Milind R.","Sage Publications,",2002,N/A,N/A, Management. Industrial Management,EBOOKS,https://libswu.on.worldcat.org/oclc/872675401
872675821,High impact internal evaluation :a practitioner's guide to evaluating and consulting inside organizations /,"Sonnichsen, Richard C.","Sage Publications,",2000,N/A,N/A, Management. Industrial Management,EBOOKS,https://libswu.on.worldcat.org/oclc/872675821
873808071,Organizational misbehaviour /,"Ackroyd, Stephen,; Thompson, Paul,","Sage Publications,",1999,N/A,N/A, Management. Industrial Management,EBOOKS,https://libswu.on.worldcat.org/oclc/873808071
874563013,"The butterfly defect :how globalization creates systemic risks, and what to do about it /","Goldin, Ian,; Mariathasan, Mike,","Princeton University Press,",2014,N/A,N/A, Management. Industrial Management,EBOOKS,https://libswu.on.worldcat.org/oclc/874563013
874568364,Project management :getting it right /,"Reid, Arnold P.","CRC Press :Woodhead Pub.,",1999,N/A,N/A, Management. Industrial Management,EBOOKS,https://libswu.on.worldcat.org/oclc/874568364
875378414,Doing research in business and management :an introduction to process and method /,"Remenyi, Dan,","SAGE,",1998,N/A,N/A, Management. Industrial Management,EBOOKS,https://libswu.on.worldcat.org/oclc/875378414
875379114,Strategic planning plus.,"Kaufman, Roger A.","SAGE,",1992,N/A,N/A, Management. Industrial Management,EBOOKS,https://libswu.on.worldcat.org/oclc/875379114
876042691,Brand equity planning with structuralist rhetorical semiotics /,"Rossolatos, George.","Kassel University Press,",2013,N/A,N/A, Management. Industrial Management,EBOOKS,https://libswu.on.worldcat.org/oclc/876042691
876043915,"Reinventing communication :how to design, lead and manage high performing projects /","Phillips, Mark","Gower :Ashgate,",2014,N/A,N/A, Management. Industrial Management,EBOOKS,https://libswu.on.worldcat.org/oclc/876043915
876109871,Issues for debate in corporate social responsibility :selections from CQ researcher.,Sage Publications.,"Sage,",2010,N/A,N/A, Management. Industrial Management,EBOOKS,https://libswu.on.worldcat.org/oclc/876109871
878406232,"How to be a positive leader :small actions, big impact /","Dutton, Jane E.Spreitzer, Gretchen M.","Berrett-Koehler Publishers,",2014,N/A,N/A, Management. Industrial Management,EBOOKS,https://libswu.on.worldcat.org/oclc/878406232
879026133,Scenario based strategy :navigate the future /,"Ruijter, Paul de,; Alkema, Henk,","Ashgate Publishing Ltd,",2014,N/A,N/A, Management. Industrial Management,EBOOKS,https://libswu.on.worldcat.org/oclc/879026133
879203152,Uncommon leadership :how to build competitive advantage by thinking differently /,"Higson, Phil.","Kogan Page Ltd,",2014,N/A,N/A, Management. Industrial Management,EBOOKS,https://libswu.on.worldcat.org/oclc/879203152
879551008,"Leadership in a Diverse and Multicultural Environment :Developing Awareness, Knowledge, and Skills.","Connerley, Mary L.; Pedersen, Paul,","SAGE Publications,",2005,N/A,N/A, Management. Industrial Management,EBOOKS,https://libswu.on.worldcat.org/oclc/879551008
879576279,Leadership and the art of change :a practical guide to organizational transformation /,"Beach, Lee Roy.","Sage Publications,",2006,N/A,N/A, Management. Industrial Management,EBOOKS,https://libswu.on.worldcat.org/oclc/879576279
880579865,Practical enterprise risk management :how to optimize business strategies through managed risk taking /,"Taylor, Liz,","Kogan Page,",2014,N/A,N/A, Management. Industrial Management,EBOOKS,https://libswu.on.worldcat.org/oclc/880579865
880580392,"Journal of economics, finance & administrative science.",Escuela de Administración de Negocios para Graduados.Universidad ESAN.EBSCO Publishing (Firm),Universidad ESAN (Escuela de Administracion de Negocios para Graduados),2009,N/A,2077-1886, Management. Industrial Management,EJOURNALS/EMAGAZINES,https://libswu.on.worldcat.org/oclc/880580392
880892549,Equitable Solutions for Retaining a Robust STEM Workforce :Beyond Best Practices.,"Dean, Donna J.; Koster, Janet B.","Elsevier Science,",2013,N/A,N/A, Management. Industrial Management,EBOOKS,https://libswu.on.worldcat.org/oclc/880892549
881141400,The science of leadership :lessons from research for organizational leaders /,"Barling, Julian,","Oxford University Press,",2014,N/A,N/A, Management. Industrial Management,EBOOKS,https://libswu.on.worldcat.org/oclc/881141400
881443915,"Big data, big innovation :enabling competitive differentiation through business analytics /","Stubbs, Evan.","Wiley,",2014,N/A,N/A, Management. Industrial Management,EBOOKS,https://libswu.on.worldcat.org/oclc/881443915
881847520,Readings in managerial economics /,"Ibrahim, Ibrahim B.,; Seo, K. K.,Vlachos, P. G.,","Pergamon Press,",1976,N/A,N/A, Management. Industrial Management,EBOOKS,https://libswu.on.worldcat.org/oclc/881847520
881847661,BASIC business analysis and operations research /,"Mole, R. H.","Butterworths,",1987,N/A,N/A, Management. Industrial Management,EBOOKS,https://libswu.on.worldcat.org/oclc/881847661
881887874,Learning from failures :decision analysis of major disasters /,"Labib, Ashraf.","Elsevier Science,",2014,N/A,N/A, Management. Industrial Management,EBOOKS,https://libswu.on.worldcat.org/oclc/881887874
884531867,The Oxford handbook of innovation management /,"Dodgson, Mark,Gann, David,Phillips, Nelson,","Oxford University Press,",2014,N/A,N/A, Management. Industrial Management,EBOOKS,https://libswu.on.worldcat.org/oclc/884531867
885141495,BRQ Business Research Quarterly,"Asociación Científica de Economía y Dirección de la Empresa,",Elsevier EspañaSAGE,2014,N/A,2340-9444, Management. Industrial Management,EJOURNALS/EMAGAZINES,https://libswu.on.worldcat.org/oclc/885141495
890386927,The SAGE handbook of family business /,"Melin, Leif,Nordqvist, Mattias,Sharma, Pramodita,","SAGE,",2014,N/A,N/A, Management. Industrial Management,EBOOKS,https://libswu.on.worldcat.org/oclc/890386927
890394787,Research design for business & management /,"Ang, Siah Hwee,","SAGE,",2014,N/A,N/A, Management. Industrial Management,EBOOKS,https://libswu.on.worldcat.org/oclc/890394787
891394745,Quantitative planning and control :essays in honor of William Wager Cooper on the occasion of his 65th birthday /,"Cooper, William W.Ijiri, Yuji,Whinston, Andrew B.,","Academic Press,",1979,N/A,N/A, Management. Industrial Management,EBOOKS,https://libswu.on.worldcat.org/oclc/891394745
891396470,Controlling in den USA :eine konzeptionelle Analyse aus deutscher Perspektive /,"Vesper, Oliver,","Kassel University Press,",2013,N/A,N/A, Management. Industrial Management,EBOOKS,https://libswu.on.worldcat.org/oclc/891396470
891397027,Lernen organisationen durch zertifizierung? :organisationales Lernen am Leitbild der Familienfreundlichkeit /,"Neuschäfer, Daniela,","Kassel University Press,",2014,N/A,N/A, Management. Industrial Management,EBOOKS,https://libswu.on.worldcat.org/oclc/891397027
891397139,Process risk and reliability management /,"Sutton, Ian,","GPP,",2015,N/A,N/A, Management. Industrial Management,EBOOKS,https://libswu.on.worldcat.org/oclc/891397139
891397404,Entwicklung eines modells zur Implementierung eines wissensmanagement-systems in kleinen und mittleren Bauunternehmen /,"Rathswohl, Stefan,","Kassel University Press,",2014,N/A,N/A, Management. Industrial Management,EBOOKS,https://libswu.on.worldcat.org/oclc/891397404
891583006,Synchronized factories :Latin America and the Caribbean in the era of global value chains /,"Blyde, Juan S.,","Springer,",2014,N/A,N/A, Management. Industrial Management,EBOOKS,https://libswu.on.worldcat.org/oclc/891583006
892586562,SAGE brief guide to corporate social responsibility.,Sage Publications.,"SAGE,",2012,N/A,N/A, Management. Industrial Management,EBOOKS,https://libswu.on.worldcat.org/oclc/892586562
892694823,Managing risk in communication encounters :strategies for the workplace /,"Waldron, Vincent R.; Kassing, Jeffrey W.","Sage,",2011,N/A,N/A, Management. Industrial Management,EBOOKS,https://libswu.on.worldcat.org/oclc/892694823
893336581,Critical management research :reflections from the field /,"Jeanes, Emma,Huzzard, Tony,","SAGE Publications,",2014,N/A,N/A, Management. Industrial Management,EBOOKS,https://libswu.on.worldcat.org/oclc/893336581
893678807,Leading project teams :the basics of project management and team leadership /,"Cobb, Anthony T.,; Schön, Susanne,Allex, Wendy,Harman, Candice,","SAGE,",2012,N/A,N/A, Management. Industrial Management,EBOOKS,https://libswu.on.worldcat.org/oclc/893678807
894575789,Strategic business forecasting :including business forecasting tools and applications /,"Shim, Jae K.","Global Professional Pub.,",2009,N/A,N/A, Management. Industrial Management,EBOOKS,https://libswu.on.worldcat.org/oclc/894575789
895040147,GECONTEC :revista internacional de gestión del conocimiento y la tecnología.,"Universidad Pablo de Olavide de Sevilla,","Universidad Pablo de Olavide,",2013,N/A,2255-5684, Management. Industrial Management,EJOURNALS/EMAGAZINES,https://libswu.on.worldcat.org/oclc/895040147
895737375,Teoria e Prática em Administração.,Universidade Federal da Paraíba.,"Universidade Federal da Paraíba,",2011,N/A,2238-104X, Management. Industrial Management,EJOURNALS/EMAGAZINES,https://libswu.on.worldcat.org/oclc/895737375
898028299,"Management science, operations research and project management /","Mateo, José Ramón San Cristóbal,","Gower Publishing Limited ;Gower Publishing Company,",2015,N/A,N/A, Management. Industrial Management,EBOOKS,https://libswu.on.worldcat.org/oclc/898028299
900011221,Supply chain logistics and applications /,"Iyer, Ananth V.,","Business Expert Press,",2015,N/A,N/A, Management. Industrial Management,EBOOKS,https://libswu.on.worldcat.org/oclc/900011221
900011222,"Introduction to the four Cs of supply chain management :chain structure, competition, capacity and coordination /","Iyer, Ananth V.,","Business Expert Press,",2014,N/A,N/A, Management. Industrial Management,EBOOKS,https://libswu.on.worldcat.org/oclc/900011222
900540283,Flywheel :transformational leadership coaching for sustainable change /,"Allison-Napolitano, Elle.","Corwin,",2013,N/A,N/A, Management. Industrial Management,EBOOKS,https://libswu.on.worldcat.org/oclc/900540283
900633088,Developing Leaders by Executive Coaching :Practice and Evidence /,"Athanasopoulou, Andromache,; Dopson, Sue,","Oxford University Press,",2015,N/A,N/A, Management. Industrial Management,EBOOKS,https://libswu.on.worldcat.org/oclc/900633088
900859867,"Innovations in quantitative risk management :TU München, September 2013 /","Glau, Kathrin,Scherer, Matthias,Zagst, Rudi,","Springer,",2015,N/A,N/A, Management. Industrial Management,EBOOKS,https://libswu.on.worldcat.org/oclc/900859867
900878633,Information systems project management /,"Olson, David Louis,","Business Expert Press,",2015,N/A,N/A, Management. Industrial Management,EBOOKS,https://libswu.on.worldcat.org/oclc/900878633
900886112,Einfluss persönlichkeitsbezogener und kultureller konstrukte auf verhandlungen /,"Zulauf, Katrin,; Kocer, Ilknur,","Kassel University Press,",2014,N/A,N/A, Management. Industrial Management,EBOOKS,https://libswu.on.worldcat.org/oclc/900886112
902673774,Corporate social responsibility in supply chains :relevance of supplier development /,"Yawar, Sadaat Ali,","Kassel University Press GmbH,",2015,N/A,N/A, Management. Industrial Management,EBOOKS,https://libswu.on.worldcat.org/oclc/902673774
903237982,"Corporate social responsibility :definition, core issues, and recent developments /","Beal, Brent D.","SAGE,",2014,N/A,N/A, Management. Industrial Management,EBOOKS,https://libswu.on.worldcat.org/oclc/903237982
903238064,Developing nonprofit and human service leaders :essential knowledge and skills /,"Watson, Larry D.; Hoefer, Richard.","SAGE,",2014,N/A,N/A, Management. Industrial Management,EBOOKS,https://libswu.on.worldcat.org/oclc/903238064
903644084,Agile for Project Managers /,"Canty, Denise,","CRC Press LLC,",2015,N/A,N/A, Management. Industrial Management,EBOOKS,https://libswu.on.worldcat.org/oclc/903644084
904338414,Corporate strategy in the age of responsibility /,"McManners, Peter J.,","Gower,",2014,N/A,N/A, Management. Industrial Management,EBOOKS,https://libswu.on.worldcat.org/oclc/904338414
904978937,The four lenses of innovation :a power tool for creative thinking /,"Gibson, Rowan,; Matallana, Adriana.","Wiley,",2015,N/A,N/A, Management. Industrial Management,EBOOKS,https://libswu.on.worldcat.org/oclc/904978937
905921004,Einfluss der Projektmanagementreife auf den Projekterfolg :Empirische Untersuchung im Industriebereich und ableitung eines Vorgehensmodells /,"Albrecht, Jan Christoph,","Kassel University Press,",2014,N/A,N/A, Management. Industrial Management,EBOOKS,https://libswu.on.worldcat.org/oclc/905921004
905921047,Entwicklung von Innovationsfähigkeit in Unternehmen :Abbau von fachsprachlichen barrieren im intraorganisationalen Erkenntnistransfer zwischen den technologieund marktnahen bereichen von Unternehmen /,"Kugler, Florian,","Kassel University Press,",2014,N/A,N/A, Management. Industrial Management,EBOOKS,https://libswu.on.worldcat.org/oclc/905921047
906137472,Cases and exercises in organization development & change /,"Anderson, Donald L.,","SAGE,",2012,N/A,N/A, Management. Industrial Management,EBOOKS,https://libswu.on.worldcat.org/oclc/906137472
906538049,Key concepts in leadership /,"Gosling, Jonathan.; Sutherland, Ian.Jones, Stephanie,Dijkstra, Joost.","SAGE,",2012,N/A,N/A, Management. Industrial Management,EBOOKS,https://libswu.on.worldcat.org/oclc/906538049
909419053,Management teaching review.,"OBTS Teaching Society for Management Educators,","SAGE Publications,",2016,N/A,2379-2981, Management. Industrial Management,EJOURNALS/EMAGAZINES,https://libswu.on.worldcat.org/oclc/909419053
912321316,Advances in ecological research,"Woodward, Guy,","Academic Press,",2014,N/A,N/A, Management. Industrial Management,EBOOKS,https://libswu.on.worldcat.org/oclc/912321316
917683520,International journal of public leadership.,"Emerald Group Publishing,","Emerald Group Publishing Limited,",2015,N/A,2056-4929, Management. Industrial Management,EJOURNALS/EMAGAZINES,https://libswu.on.worldcat.org/oclc/917683520
918557784,"A Very Short, Fairly Interesting and Reasonably Cheap Book About Knowledge Management /","Roberts, Joanne,","SAGE,",2015,N/A,N/A, Management. Industrial Management,EBOOKS,https://libswu.on.worldcat.org/oclc/918557784
918558246,Understanding Organizations :Theories & Images /,"Staber, Udo H.,","SAGE,",2013,N/A,N/A, Management. Industrial Management,EBOOKS,https://libswu.on.worldcat.org/oclc/918558246
919201369,Business model innovation :the organizational dimension /,"Foss, Nicolai J.,Saebi, Tina,","Oxford University,",2015,N/A,N/A, Management. Industrial Management,EBOOKS,https://libswu.on.worldcat.org/oclc/919201369
919481183,Corporate social responsibility :die Richtlinie 2014/95 EU--Chancen und Herausforderungen /,"Deinert, Stefanie.Schrader, Christian.Stoll, Bettina.","Kassel University Press,",2015,N/A,N/A, Management. Industrial Management,EBOOKS,https://libswu.on.worldcat.org/oclc/919481183
921933632,Developing leadership :¿questions business schools don't ask? /,"Mabey, Christopher,Mayrhofer, Wolfgang,","Sage,",2015,N/A,N/A, Management. Industrial Management,EBOOKS,https://libswu.on.worldcat.org/oclc/921933632
921933635,Napoleonic leadership :a study in power /,"Jones, Stephanie,; Gosling, Jonathan,","Sage Publications, Ltd.,",2015,N/A,N/A, Management. Industrial Management,EBOOKS,https://libswu.on.worldcat.org/oclc/921933635
922787599,SEA :practical application of science.,"Fundația Română pentru Inteligența Afacerii,","Romanian Foundation for Business Intelligence,",2013,N/A,2360-2554, Management. Industrial Management,EJOURNALS/EMAGAZINES,https://libswu.on.worldcat.org/oclc/922787599
923249832,Statistics for food scientists :making sense of the numbers /,"Rossi, Frank,; Mirtchev, Victor,","Elsevier,",2016,N/A,N/A, Management. Industrial Management,EBOOKS,https://libswu.on.worldcat.org/oclc/923249832
925392622,Simple excellence :organizing and aligning the management team in a lean transformation /,"Zak, Adam,; Waddell, Bill.","CRC Press,",2011,N/A,N/A, Management. Industrial Management,EBOOKS,https://libswu.on.worldcat.org/oclc/925392622
926265444,The International journal of conflict management.,EBSCO Publishing (Firm),[Center for Advanced Studies in Management]Emerald Group Publishing Limited,1990,N/A,1044-4068, Management. Industrial Management,EJOURNALS/EMAGAZINES,https://libswu.on.worldcat.org/oclc/926265444
929626574,Mathematical Methods of Operations Research.,N/A,Springer Berlin Heidelberg.,,N/A,1432-5217, Management. Industrial Management,EJOURNALS/EMAGAZINES,https://libswu.on.worldcat.org/oclc/929626574
930083241,Designing for Shared Understanding: How Collaboration Engineering can Improve Team Effectiveness of Herterogeneous Groups.,"Bittner, Eva.","Kassel University Press GmbH,",2015,N/A,N/A, Management. Industrial Management,EBOOKS,https://libswu.on.worldcat.org/oclc/930083241
930540174,Kompetenzentwicklung und organisationale Veränderung. Eine Ethnographie zu Veranstaltern von Musikevents,"Köster, Petra F.",Budrich UniPress,2015,N/A,N/A, Management. Industrial Management,EBOOKS,https://libswu.on.worldcat.org/oclc/930540174
933281845,Journal of transport and supply chain management.,N/A,African Online Scientific Information Systems,2007,N/A,1995-5235, Management. Industrial Management,EJOURNALS/EMAGAZINES,https://libswu.on.worldcat.org/oclc/933281845
934533291,"10th IEEE Int. Conf. on Service Operations and Logistics, and Informatics :SOLI 2015 : November 15-17, 2015, Yasmine Hammamet, Tunisia.","IEEE International Conference on Service Operations and Logistics, and Informatics; Institute of Electrical and Electronics Engineers,IEEE ITSS,; ICT4ALL (Conference)","IEEE,",2015,N/A,N/A, Management. Industrial Management,EBOOKS,https://libswu.on.worldcat.org/oclc/934533291
936040809,Cross cultural & strategic management.,N/A,"Emerald,",2016,N/A,2059-5808, Management. Industrial Management,EJOURNALS/EMAGAZINES,https://libswu.on.worldcat.org/oclc/936040809
936691603,Derailment bei Führungskräften /,"Haag, Rabea Christiane,","Kassel University Press GmbH,",2016,N/A,N/A, Management. Industrial Management,EBOOKS,https://libswu.on.worldcat.org/oclc/936691603
937997830,New frontiers in social innovation research /,"Nicholls, Alex,Caulier-Grice, Julie,Gabriel, Madeleine,","Palgrave Macmillan,",2015,N/A,N/A, Management. Industrial Management,EBOOKS,https://libswu.on.worldcat.org/oclc/937997830
938788833,Virtual business models :entrepreneurial risks and rewards /,"Bryder, Karin.","Woodhead Publishing,",2016,N/A,N/A, Management. Industrial Management,EBOOKS,https://libswu.on.worldcat.org/oclc/938788833
943016671,ACM transactions on privacy and security.,Association for Computing Machinery.,"Association for Computing Machinery,",2016,N/A,2471-2574, Management. Industrial Management,EJOURNALS/EMAGAZINES,https://libswu.on.worldcat.org/oclc/943016671
944430552,Future business journal.,Future University in Egypt.,"Faculty of Commerce and Business Administration, Future University,Elsevier B.V.,",2015,N/A,2314-7210, Management. Industrial Management,EJOURNALS/EMAGAZINES,https://libswu.on.worldcat.org/oclc/944430552
947080183,"Journal of open innovation :technology, market, and complexity.",N/A,"SpringerOpenMDPI,",2015,N/A,2199-8531, Management. Industrial Management,EJOURNALS/EMAGAZINES,https://libswu.on.worldcat.org/oclc/947080183
947233099,Revista de administração Mackenzie :RAM.,Universidade Presbiteriana Mackenzie.,"Universidade Presbiteriana Mackenzie,",2000,N/A,1678-6971, Management. Industrial Management,EJOURNALS/EMAGAZINES,https://libswu.on.worldcat.org/oclc/947233099
947240129,Gestión y estrategia /,Universidad Autónoma Metropolitana.,"Universidad Autónoma Metropolitana, Azcapotzalco, División de Ciencias Sociales y Humanidades",1992,N/A,N/A, Management. Industrial Management,EJOURNALS/EMAGAZINES,https://libswu.on.worldcat.org/oclc/947240129
947240587,Cuadernos de administración.,Pontificia Universidad Javeriana.,"Departamento de Administración, Facultad de Ciencias Económicas y Administrativas, Pontificia Universidad Javeriana",1980,N/A,N/A, Management. Industrial Management,EJOURNALS/EMAGAZINES,https://libswu.on.worldcat.org/oclc/947240587
949940438,Pensamiento & gestion.,N/A,Fundacion Universidad del Norte.,,N/A,1657-6276, Management. Industrial Management,EJOURNALS/EMAGAZINES,https://libswu.on.worldcat.org/oclc/949940438
950477526,European journal of management and business economics.,N/A,Emerald Publishing,2017,N/A,2444-8494, Management. Industrial Management,EJOURNALS/EMAGAZINES,https://libswu.on.worldcat.org/oclc/950477526
951226613,The SAGE encyclopedia of corporate reputation /,"Carroll, Craig E.,","SAGE Publications, Inc.,",2016,N/A,N/A, Management. Industrial Management,EBOOKS,https://libswu.on.worldcat.org/oclc/951226613
952109968,Value creation :the definitive guide for business leaders /,"Mahajan, Gautam,","SAGE Publications India Pvt Ltd,",2016,N/A,N/A, Management. Industrial Management,EBOOKS,https://libswu.on.worldcat.org/oclc/952109968
953851831,Corporate responsibility /,"Argenti, Paul A.,","SAGE,",2016,N/A,N/A, Management. Industrial Management,EBOOKS,https://libswu.on.worldcat.org/oclc/953851831
953860234,Cases in nonprofit management :a hands-on approach to problem solving /,"Libby, Pat,; Deitrick, Laura J.,","SAGE,",2016,N/A,N/A, Management. Industrial Management,EBOOKS,https://libswu.on.worldcat.org/oclc/953860234
953992550,Indelible leadership :always leave them learning /,"Fullan, Michael,","Corwin, a SAGE Company,",2016,N/A,N/A, Management. Industrial Management,EBOOKS,https://libswu.on.worldcat.org/oclc/953992550
956643009,Leadership 2030 :the six megatrends you need to understand to lead your company into the future /,"Vielmetter, Georg,; Sell, Yvonne.","AMACOM, American Management Association,",2014,N/A,N/A, Management. Industrial Management,EBOOKS,https://libswu.on.worldcat.org/oclc/956643009
956665111,IEEE Std 1115-1992 :IEEE Recommended Practice for Sizing Nickel-Cadmium Batteries for Stationary Applications.,N/A,"IEEE,",1993,N/A,N/A, Management. Industrial Management,EBOOKS,https://libswu.on.worldcat.org/oclc/956665111
956708351,Making Sense of Management :a Critical Introduction.,"Alvesson, Mats.; Willmott, Hugh.","SAGE Publications,",2012,N/A,N/A, Management. Industrial Management,EBOOKS,https://libswu.on.worldcat.org/oclc/956708351
956926613,Canadian journal of administrative sciences =Revue canadienne des sciences de l'administration.,Administrative Sciences Association of Canada.,"University of Toronto Press for the Administrative Sciences Association of Canada = University of Toronto Press pour l'Association des Sciences administratives du Canada,",1984,N/A,0825-0383, Management. Industrial Management,EJOURNALS/EMAGAZINES,https://libswu.on.worldcat.org/oclc/956926613
957558091,"The handbook of competency mapping :understanding, designing and implementing competency models in organizations /","Sanghi, Seema,","SAGE Publications India Pvt Ltd,",2016,N/A,N/A, Management. Industrial Management,EBOOKS,https://libswu.on.worldcat.org/oclc/957558091
958545506,Life-Cycle Cost and Performance of Civil Infrastructure Systems.,"Cho, Hyo-Nam.; Frangopol, Dan M.Ang, Alfredo H. S.","CRC Press,",2007,N/A,N/A, Management. Industrial Management,EBOOKS,https://libswu.on.worldcat.org/oclc/958545506
958631832,Journal of operations & supply chain management.,"Escola de Administração de Empresas de São Paulo,","Escola de Administração de Empresas de São Paulo of the Fundacao Getulio Vargas,",2008,N/A,1984-3046, Management. Industrial Management,EJOURNALS/EMAGAZINES,https://libswu.on.worldcat.org/oclc/958631832
958648109,Journal of Interactive Marketing.,N/A,Elsevier,,N/A,1094-9968, Management. Industrial Management,EJOURNALS/EMAGAZINES,https://libswu.on.worldcat.org/oclc/958648109
958675250,European Research on Management and Business Economics.,"European Academy of Management and Business Economics,","Elsevier B.V.,",2016,N/A,2444-8842, Management. Industrial Management,EJOURNALS/EMAGAZINES,https://libswu.on.worldcat.org/oclc/958675250
958692879,Journal of industrial information integration.,N/A,"Elsevier,",2016,N/A,2452-414X, Management. Industrial Management,EJOURNALS/EMAGAZINES,https://libswu.on.worldcat.org/oclc/958692879
958727009,"CLEAR international journal of research in management, science and technology.","Chinniah Lakshmiammal Educational Academy and Research Foundation,","Thavan International Journals,",2011,N/A,2249-3506, Management. Industrial Management,EJOURNALS/EMAGAZINES,https://libswu.on.worldcat.org/oclc/958727009
959278107,"Design a better business :new tools, skills, and mindset for strategy and innovation /","Pijl, Patrick van der,; Lokitz, Justin,Solomon, Lisa,","John Wiley & Sons, Inc.,",2016,N/A,N/A, Management. Industrial Management,EBOOKS,https://libswu.on.worldcat.org/oclc/959278107
960048728,Ein Beitrag zur Optimierung der Projektsteuerung von Neuproduktprojekten /,"Feustel, Florian,","Kassel University Press,",2016,N/A,N/A, Management. Industrial Management,EBOOKS,https://libswu.on.worldcat.org/oclc/960048728
960709876,First steps in coaching /,"Thomson, Bob,","SAGE,",2014,N/A,N/A, Management. Industrial Management,EBOOKS,https://libswu.on.worldcat.org/oclc/960709876
960834489,Doing your business research project /,"Beech, John G.,","SAGE,",2015,N/A,N/A, Management. Industrial Management,EBOOKS,https://libswu.on.worldcat.org/oclc/960834489
962065338,Total Quality Management :Key Concepts and Case Studies.,"Kiran, D. R.","Elsevier Ltd. :Butterworth-Heinemann,",2016,N/A,N/A, Management. Industrial Management,EBOOKS,https://libswu.on.worldcat.org/oclc/962065338
962306131,Cases in innovative nonprofits :organizations that make a difference /,"Cnaan, Ram A.,Vinokur-Kaplan, Diane,","SAGE,",2015,N/A,N/A, Management. Industrial Management,EBOOKS,https://libswu.on.worldcat.org/oclc/962306131
962306139,Strategic leadership across cultures :the GLOBE study of CEO leadership behavior and effectiveness in 24 countries /,"House, Robert J.; Global Leadership and Organizational Behavior Effectiveness Research Program.","SAGE Publications, Inc.,",2014,N/A,N/A, Management. Industrial Management,EBOOKS,https://libswu.on.worldcat.org/oclc/962306139
962411692,Strategic management :theory and practice /,"Parnell, John A.","SAGE,",2014,N/A,N/A, Management. Industrial Management,EBOOKS,https://libswu.on.worldcat.org/oclc/962411692
962730214,Project management research and practice.,"University of Technology, Sydney,Fachhochschule Dortmund,","UTS ePRESS,Dortmund University of Applied Sciences and Arts",2016,N/A,2207-1415, Management. Industrial Management,EJOURNALS/EMAGAZINES,https://libswu.on.worldcat.org/oclc/962730214
962741481,Studies & proceedings of Polish Association for Knowledge Management.,"Polskie Stowarzyszenie Zarządzania Wiedzą,","Polish Society of Knowledge Management,",2015,N/A,N/A, Management. Industrial Management,EJOURNALS/EMAGAZINES,https://libswu.on.worldcat.org/oclc/962741481
962744482,IEEM revista de negocios.,"Universidad de Montevideo (1997- ),Instituto de Estudios Empresariales de Montevideo,","Universidad de Montevideo,",2011,N/A,2301-1173, Management. Industrial Management,EJOURNALS/EMAGAZINES,https://libswu.on.worldcat.org/oclc/962744482
965708824,The SAGE handbook of process organization studies /,"Langley, Ann,Tsoukas, Haridimos,","SAGE Publications,",2016,N/A,N/A, Management. Industrial Management,EBOOKS,https://libswu.on.worldcat.org/oclc/965708824
965749407,European journal of family business.,"Cátedra Santander de Empresa Familiar de la Universidad de Málaga,","Elsevier España, S.L.U.",2016,N/A,2444-8788, Management. Industrial Management,EJOURNALS/EMAGAZINES,https://libswu.on.worldcat.org/oclc/965749407
967217862,S-BPM in the production industry :a stakeholder approach /,"Neubauer, Matthias,Stary, Christian,","Springer,",2017,N/A,N/A, Management. Industrial Management,EBOOKS,https://libswu.on.worldcat.org/oclc/967217862
969788051,"Modeling and managing complex systems :proceedings of the 17th International DSM Conference, Fort Worth (Texas, USA), 4-6 November 2015 /","International DSM Conference; Browning, Tyson R.,Eppinger, Steven D.,Schmidt, Danilo,Lindemann, Udo,","Hanser,",2015,N/A,N/A, Management. Industrial Management,EBOOKS,https://libswu.on.worldcat.org/oclc/969788051
971246266,Strategic information systems and technologies in modern organizations /,"Howard, Caroline,Hargiss, Kathleen,","Information Science Reference,",2017,N/A,N/A, Management. Industrial Management,EBOOKS,https://libswu.on.worldcat.org/oclc/971246266
971613636,Dance and organisation :integrating dance theory and methods into the study of management /,"Biehl, Brigitte,","Routledge,",2017,N/A,N/A, Management. Industrial Management,EBOOKS,https://libswu.on.worldcat.org/oclc/971613636
971929183,Management review quarterly =Journal für Betriebswirtschaft.,N/A,Springer Berlin Heidelberg,2014,N/A,2198-1639, Management. Industrial Management,EJOURNALS/EMAGAZINES,https://libswu.on.worldcat.org/oclc/971929183
972606421,IEE Colloquium on Beyond TQM and Re-Engineering - Managing Through Process.,N/A,"IET,",1996,N/A,N/A, Management. Industrial Management,EBOOKS,https://libswu.on.worldcat.org/oclc/972606421
972608702,1951 International Workshop on Managing Requirements Knowledge.,N/A,"IEEE,",1951,N/A,N/A, Management. Industrial Management,EBOOKS,https://libswu.on.worldcat.org/oclc/972608702
972625817,2010 International Conference on Service Sciences.,N/A,"IEEE,",2010,N/A,N/A, Management. Industrial Management,EBOOKS,https://libswu.on.worldcat.org/oclc/972625817
972636560,2009 International Conference on Innovation Management.,N/A,"IEEE,",2009,N/A,N/A, Management. Industrial Management,EBOOKS,https://libswu.on.worldcat.org/oclc/972636560
976032198,The SAGE handbook of international corporate and public affairs /,"Harris, Phil,Fleisher, Craig S.,","SAGE Publications Ltd,",2016,N/A,N/A, Management. Industrial Management,EBOOKS,https://libswu.on.worldcat.org/oclc/976032198
979816598,Die Berater :Ihr Wirken in Staat und Gesellschaft /,"Rügemer, Werner.","Transcript-Verlag,",2015,N/A,N/A, Management. Industrial Management,EBOOKS,https://libswu.on.worldcat.org/oclc/979816598
981587380,MIT Sloan management review.,Sloan Management Review Association.Sloan School of Management.,"Sloan Management Review Association, MIT Sloan School of Management,",2001,N/A,1532-9194, Management. Industrial Management,EJOURNALS/EMAGAZINES,https://libswu.on.worldcat.org/oclc/981587380
983471563,"2016 International Conference on Logistics, Informatics and Service Sciences (LISS) :LISS'2016 : proceeding : 24-27 July, 2016, Sydney, Australia /","International Conference on Logistics, Informatics and Service Science; Zhang, Runtong,; IEEE Systems, Man, and Cybernetics Society.Institute of Electrical and Electronics Engineers,","IEEE,",2016,N/A,N/A, Management. Industrial Management,EBOOKS,https://libswu.on.worldcat.org/oclc/983471563
986557872,Leadership lessons from the military /,"Sharma, Dheeraj,","SAGE,",2016,N/A,N/A, Management. Industrial Management,EBOOKS,https://libswu.on.worldcat.org/oclc/986557872
986653659,The power of invisible leadership :how a compelling common purpose inspires exceptional leadership /,"Hickman, Gill Robinson,; Sorenson, Georgia J.,","SAGE,",2016,N/A,N/A, Management. Industrial Management,EBOOKS,https://libswu.on.worldcat.org/oclc/986653659
987091595,Case theory in business and management :reinventing case study research /,"Gummesson, Evert,","Sage Publications,",2017,N/A,N/A, Management. Industrial Management,EBOOKS,https://libswu.on.worldcat.org/oclc/987091595
990141258,The indestructible brand :crisis management in the age of social media /,"Sharma, Venke,; Kharas, Hushidar,","SAGE Publications India Pvt Ltd ;SAGE Publications Inc,",2017,N/A,N/A, Management. Industrial Management,EBOOKS,https://libswu.on.worldcat.org/oclc/990141258
990141661,Futures & foresight science.,John Wiley & Sons.,"John Wiley & Sons Inc.,",2019,N/A,2573-5152, Management. Industrial Management,EJOURNALS/EMAGAZINES,https://libswu.on.worldcat.org/oclc/990141661
990348753,Workplace research :conducting small-scale research in organizations /,"O'Leary, Zina,; Hunt, Jennifer S.","SAGE Publications Ltd.,",2016,N/A,N/A, Management. Industrial Management,EBOOKS,https://libswu.on.worldcat.org/oclc/990348753
990411461,"Gendersensible Gestaltung des neuen Studiengangs ""BWL - Digitale Wirtschaft"" an der Beuth Hochschule für Technik Berlin","Brandt, Martina.; Ducki, Antje.","Budrich UniPress Ltd.,",2017,N/A,N/A, Management. Industrial Management,EBOOKS,https://libswu.on.worldcat.org/oclc/990411461
990468249,2012 IEEE International Conference on Management of Innovation and Technology.,"IEEE Staff,; IEEE Staff,",IEEE,2012,N/A,N/A, Management. Industrial Management,EBOOKS,https://libswu.on.worldcat.org/oclc/990468249
990498743,2011 Fourth International Conference on Business Intelligence and Financial Engineering.,"Ieee,; Ieee,",IEEE,2011,N/A,N/A, Management. Industrial Management,EBOOKS,https://libswu.on.worldcat.org/oclc/990498743
990528122,2012 4th IEEE International Symposium on Logistics and Industrial Informatics.,"IEEE Staff,; IEEE Staff,",IEEE,2012,N/A,N/A, Management. Industrial Management,EBOOKS,https://libswu.on.worldcat.org/oclc/990528122
990533099,Supplychainbrain.,N/A,Keller International Pub.,2009,N/A,1949-2693, Management. Industrial Management,EJOURNALS/EMAGAZINES,https://libswu.on.worldcat.org/oclc/990533099
990538369,2011 International Joint Conference on Service Sciences.,"IEEE Staff,; IEEE Staff,",IEEE,2011,N/A,N/A, Management. Industrial Management,EBOOKS,https://libswu.on.worldcat.org/oclc/990538369
990544416,2000 IEEE International Conference on Management of Innovation and Technology.,"IEEE, Singapore Section Staff,; IEEE, Singapore/EM Chapter Staff,",I E E E,2000,N/A,N/A, Management. Industrial Management,EBOOKS,https://libswu.on.worldcat.org/oclc/990544416
990546276,2011 International Conference on Management and Service Science.,"IEEE Staff,; IEEE Staff,",IEEE,2011,N/A,N/A, Management. Industrial Management,EBOOKS,https://libswu.on.worldcat.org/oclc/990546276
990577530,2010 International Conference on Computer Information Systems and Industrial Management Applications.,"Ieee,; Ieee,",IEEE,2010,N/A,N/A, Management. Industrial Management,EBOOKS,https://libswu.on.worldcat.org/oclc/990577530
990604279,2010 Brazilian Symposium of Collaborative Systems II - Simposio Brasileiro de Sistemas Colaborativos.,"Ieee,; Ieee,",IEEE,2010,N/A,N/A, Management. Industrial Management,EBOOKS,https://libswu.on.worldcat.org/oclc/990604279
990664407,2010 International Conference of Information Science and Management Engineering.,"IEEE Staff,; IEEE Staff,",I E E E,2010,N/A,N/A, Management. Industrial Management,EBOOKS,https://libswu.on.worldcat.org/oclc/990664407
990684711,2010 Brazilian Symposium of Collaborative Systems - Simposio Brasileiro de Sistemas Colaborativos.,"Ieee,; Ieee,",IEEE,2010,N/A,N/A, Management. Industrial Management,EBOOKS,https://libswu.on.worldcat.org/oclc/990684711
990726646,2013 International Conference on Service Sciences (ICSS).,"Ieee,; Ieee,",IEEE,2013,N/A,N/A, Management. Industrial Management,EBOOKS,https://libswu.on.worldcat.org/oclc/990726646
990745345,2011 International Conference on Information Systems for Crisis Response and Management.,"IEEE Staff,; IEEE Staff,",IEEE,2011,N/A,N/A, Management. Industrial Management,EBOOKS,https://libswu.on.worldcat.org/oclc/990745345
990757666,2007 Joint 32nd International Conference on Infrared and Millimeter Waves and 15th International Conference on Terahertz Electronics.,"IEEE Staff,; IEEE Staff,",I E E E,2007,N/A,N/A, Management. Industrial Management,EBOOKS,https://libswu.on.worldcat.org/oclc/990757666
992466833,"Knowledge Solutions :Tools, Methods, and Approaches to Drive Organizational Performance /","Serrat, Olivier,","Springer Singapore :Imprint :Springer,",2017,N/A,N/A, Management. Industrial Management,EBOOKS,https://libswu.on.worldcat.org/oclc/992466833
993033142,Creative aerobics :fueling imagination in the 21st century /,"George, Linda Conway Correll,; Yagnik, Arpan,","SAGE,",2017,N/A,N/A, Management. Industrial Management,EBOOKS,https://libswu.on.worldcat.org/oclc/993033142
993071306,Vikalpa :the Journal for Decision Makers.,N/A,"Indian Institute of Management,",2015,N/A,"2395-3799,0256-0909", Management. Industrial Management,EJOURNALS/EMAGAZINES,https://libswu.on.worldcat.org/oclc/993071306
993752305,Systems thinking for effective managers :the road less travelled /,"Dutta, Prashun,","SAGE Publications India Pvt Ltd ;SAGE Publications Inc,",2017,N/A,N/A, Management. Industrial Management,EBOOKS,https://libswu.on.worldcat.org/oclc/993752305
993757430,The Work of Communication :Relational Perspectives on Working and Organizing in Contemporary Capitalism.,"Kuhn, Timothy.; Ashcraft, Karen L.Cooren, Francois.","Taylor and Francis,",2017,N/A,N/A, Management. Industrial Management,EBOOKS,https://libswu.on.worldcat.org/oclc/993757430
993976535,Revival: Reengineering Systems Integration Success (1997) /,"Mische, Michael A.,","CRC Press,",2017,N/A,N/A, Management. Industrial Management,EBOOKS,https://libswu.on.worldcat.org/oclc/993976535
994345994,Revista de antiguos alumnos del IEEM.,"Instituto de Estudios Empresariales de Montevideo,Universidad de Montevideo (1997- ),","IEEM,",1998,N/A,1688-1826, Management. Industrial Management,EJOURNALS/EMAGAZINES,https://libswu.on.worldcat.org/oclc/994345994
1000298071,Choosing to change :an alternative understanding of change management /,"Bentley, David,","Routledge,",2018,N/A,N/A, Management. Industrial Management,EBOOKS,https://libswu.on.worldcat.org/oclc/1000298071
1003586974,Business plans handbook.a compilation of business plans developed by individuals throughout North America /,"Craft, Donna,","Gale, a Cengage Company,",2018,N/A,N/A, Management. Industrial Management,EBOOKS,https://libswu.on.worldcat.org/oclc/1003586974
1004360693,Macrocognition in Teams :Theories and Methodologies /,"Warner, Norman W.,; Smith, C. A. P.Letsky, Michael P.","Taylor and Francis,",2017,N/A,N/A, Management. Industrial Management,EBOOKS,https://libswu.on.worldcat.org/oclc/1004360693
1004960228,"Effective leadership :theory, cases, and applications /","Humphrey, Ronald H.,","SAGE,",2014,N/A,N/A, Management. Industrial Management,EBOOKS,https://libswu.on.worldcat.org/oclc/1004960228
1005017753,Introduction to supply chain management technologies /,"Ross, David Frederick,; Ross, David Frederick,","Taylor & Francis,",2011,N/A,N/A, Management. Industrial Management,EBOOKS,https://libswu.on.worldcat.org/oclc/1005017753
1005511755,"Developing sustainable supply chains to drive value :management issues, insights, concepts, and tools /","Sroufe, Robert Paul,; Melnyk, Steven A.,","Business Expert Press,",2013,N/A,N/A, Management. Industrial Management,EBOOKS,https://libswu.on.worldcat.org/oclc/1005511755
1006083327,Comportamento Organizacional e Gestão.,N/A,Instituto Superior de Psicologia Aplicada.,,N/A,0872-9662, Management. Industrial Management,EJOURNALS/EMAGAZINES,https://libswu.on.worldcat.org/oclc/1006083327
1007860848,Successful strategic planning :a guide for nonprofit agencies and organizations /,"Burkhart, Patrick J.; Reuss, Suzanne.","SAGE,",1993,N/A,N/A, Management. Industrial Management,EBOOKS,https://libswu.on.worldcat.org/oclc/1007860848
1008875738,Fashion Figures :How Missy the Mathlete Made the Cut /,"Borza, Melissa A.,","Apress :Imprint :Apress,",2017,N/A,N/A, Management. Industrial Management,EBOOKS,https://libswu.on.worldcat.org/oclc/1008875738
1011108269,Modern Project Management Techniques for the Environmental Remediation Industry.,"Havranek, Timothy J.","CRC Press,",2017,N/A,N/A, Management. Industrial Management,EBOOKS,https://libswu.on.worldcat.org/oclc/1011108269
1012339786,California management review.,"University of California, Berkeley.Walter A. Haas School of Business (University of California, Berkeley)University of California, Los Angeles.University of California, Los Angeles.University of California, Irvine.University of California, Irvine.","[Graduate Schools of Business Administration, University of California]Sage Publications",1958,N/A,N/A, Management. Industrial Management,EJOURNALS/EMAGAZINES,https://libswu.on.worldcat.org/oclc/1012339786
1012477224,"2016 10th International Conference on Software, Knowledge, Information Management and Applications (SKIMA).","IEEE Staff,",IEEE,2016,N/A,N/A, Management. Industrial Management,EBOOKS,https://libswu.on.worldcat.org/oclc/1012477224
1012761645,Journal of risk analysis and crisis response.,"Society for Risk Analysis (China),","Atlantis Press,",2011,N/A,2210-8505, Management. Industrial Management,EJOURNALS/EMAGAZINES,https://libswu.on.worldcat.org/oclc/1012761645
1013490072,Geopolitics of the knowledge-based economy /,"Moisio, Sami,","Routledge,",2018,N/A,N/A, Management. Industrial Management,EBOOKS,https://libswu.on.worldcat.org/oclc/1013490072
1013889582,"Exploring Morgan's metaphors :theory, research, and practice in organizational studies /","Örtenblad, Anders,Trehan, Kiran,Putnam, Linda,","SAGE,",2017,N/A,N/A, Management. Industrial Management,EBOOKS,https://libswu.on.worldcat.org/oclc/1013889582
1013945315,Sustainability :essentials for business /,"Young, Scott T.; Dhanda, Kanwalroop Kathy,","SAGE,",2013,N/A,N/A, Management. Industrial Management,EBOOKS,https://libswu.on.worldcat.org/oclc/1013945315
1013956765,Social Media in der Arbeitswelt :Herausforderungen für Beschäftigte und Mitbestimmung /,"Carstensen, Tanja.","Transcript-Verlag,",2016,N/A,N/A, Management. Industrial Management,EBOOKS,https://libswu.on.worldcat.org/oclc/1013956765
1014351471,"Total Quality Management :Text, Cases, and Readings, Third Edition.","Ross, Joel E.,","Taylor and Francis,",2017,N/A,N/A, Management. Industrial Management,EBOOKS,https://libswu.on.worldcat.org/oclc/1014351471
1014356150,Systems Architecting of Organizations :Why Eagles Can't Swim.,"Rechtin, Eberhardt,","CRC Press,",2017,N/A,N/A, Management. Industrial Management,EBOOKS,https://libswu.on.worldcat.org/oclc/1014356150
1015882249,INCOBAT.,"Armengaud, Eric.; Groppo, Riccardo.Rzepka, Sven.","River Publishers,",2017,N/A,N/A, Management. Industrial Management,EBOOKS,https://libswu.on.worldcat.org/oclc/1015882249
1017919226,Business planning and market strategy /,"Valentin, Erhard K.","SAGE,",2014,N/A,N/A, Management. Industrial Management,EBOOKS,https://libswu.on.worldcat.org/oclc/1017919226
1019900996,Accelerators in Silicon Valley :building successful startups : searching for the next big thing /,"Ester, P.,","Amsterdam University Press,",2017,N/A,N/A, Management. Industrial Management,EBOOKS,https://libswu.on.worldcat.org/oclc/1019900996
1020307218,"Innovation :management, policy & practice.","Dodgson, Mark,","eContent Management Pty,eContent Management PtyRoutledge, Taylor & Francis Group",1998,N/A,2204-0226, Management. Industrial Management,EJOURNALS/EMAGAZINES,https://libswu.on.worldcat.org/oclc/1020307218
1021807800,Was Beeinflusst Den Erfolg Beim Problemlösen in der Physik? :Eine Untersuchung Mit Studierenden.,"Brandenburger, Martina.","Logos Verlag Berlin,",2016,N/A,N/A, Management. Industrial Management,EBOOKS,https://libswu.on.worldcat.org/oclc/1021807800
1022772495,Fallibility at work :rethinking excellence and error in organizations /,"Kvalnes, Øyvind,","Springer International Publishing,",2017,N/A,N/A, Management. Industrial Management,EBOOKS,https://libswu.on.worldcat.org/oclc/1022772495
1023801715,Managing nonprofit organizations in a policy world /,"Vaughan, Shannon K.; Arsneault, Michelle.; Sage Publications.CQ Press.","CQ Press,",2014,N/A,N/A, Management. Industrial Management,EBOOKS,https://libswu.on.worldcat.org/oclc/1023801715
1024249184,Geopolitics of the Knowledge-Based Economy /,"Moisio, Sami.","Taylor and Francis,",2018,N/A,N/A, Management. Industrial Management,EBOOKS,https://libswu.on.worldcat.org/oclc/1024249184
1026456559,Database trends and applications.,Thomson Gale (Firm),Unisphere Media.,2000,N/A,1547-9897, Management. Industrial Management,EJOURNALS/EMAGAZINES,https://libswu.on.worldcat.org/oclc/1026456559
1026532970,Business process management journal.,Emerald (Firm)Ingenta (Firm : 1998-2007),"Emerald Group PublishingEmerald Group Pub.,",1995,N/A,1463-7154, Management. Industrial Management,EJOURNALS/EMAGAZINES,https://libswu.on.worldcat.org/oclc/1026532970
1027155310,Working in teams :moving from high potential to high performance /,"Griffith, Brian A.,; Dunham, Ethan B.,","SAGE,",2017,N/A,N/A, Management. Industrial Management,EBOOKS,https://libswu.on.worldcat.org/oclc/1027155310
1027172347,Essentials of strategic management /,"Pitt, Martyn,; Koufopoulos, Dimitrios N.,","SAGE,",2017,N/A,N/A, Management. Industrial Management,EBOOKS,https://libswu.on.worldcat.org/oclc/1027172347
1027782703,The Superior Project Manager :Global Competency Standards and Best Practices /,"Toney, Frank,","CRC Press,",2001,N/A,N/A, Management. Industrial Management,EBOOKS,https://libswu.on.worldcat.org/oclc/1027782703
1028654496,2017 2nd International Conference on Knowledge Engineering and Applications (ICKEA).,"IEEE Staff,",IEEE,2017,N/A,N/A, Management. Industrial Management,EBOOKS,https://libswu.on.worldcat.org/oclc/1028654496
1028679627,"2017 IEEE International Conference on Service Operations and Logistics, and Informatics (SOLI).","IEEE Staff,",IEEE,2017,N/A,N/A, Management. Industrial Management,EBOOKS,https://libswu.on.worldcat.org/oclc/1028679627
1029452981,Innovation as strategic reflexivity /,"Sundbo, Jon.Fuglsang, Lars.","Routledge,",2002,N/A,N/A, Management. Industrial Management,EBOOKS,https://libswu.on.worldcat.org/oclc/1029452981
1030011760,Applied crisis communication and crisis management :cases and exercises /,"Coombs, W. Timothy.","SAGE Publications, Inc.,",2014,N/A,N/A, Management. Industrial Management,EBOOKS,https://libswu.on.worldcat.org/oclc/1030011760
1030819021,Lean und agil im Büro -- Neue Organisationskonzepte in der digitalen Transformation und ihre Folgen für die Angestellten.,"Boes, Andreas.; Kämpf, Tobias.Langes, Barbara.Lühr, Thomas.","Transcript Verlag,",2018,N/A,N/A, Management. Industrial Management,EBOOKS,https://libswu.on.worldcat.org/oclc/1030819021
1031049453,Business intelligence for telecommunications /,"Pareek, Deepak.","Auerbach Publications,",2006,N/A,N/A, Management. Industrial Management,EBOOKS,https://libswu.on.worldcat.org/oclc/1031049453
1032362016,The elements of power :lessons on leadership and influence /,"Bacon, Terry R.","AMACOM American Management Association,",2010,N/A,N/A, Management. Industrial Management,EBOOKS,https://libswu.on.worldcat.org/oclc/1032362016
1034893444,The little black book of project management /,"Thomsett, Michael C.","American Management Association,",2010,N/A,N/A, Management. Industrial Management,EBOOKS,https://libswu.on.worldcat.org/oclc/1034893444
1035043721,Workforce Management.,"NewsBank, inc.",Human Capital Media.,,N/A,1547-5565, Management. Industrial Management,EJOURNALS/EMAGAZINES,https://libswu.on.worldcat.org/oclc/1035043721
1035788196,"2010 second International Conference on Engineering System Management and Applications :March 30, 2010-April 1, 2010.",International Conference on Engineering Systems Management and its Applications,"IEEE,",2011,N/A,N/A, Management. Industrial Management,EBOOKS,https://libswu.on.worldcat.org/oclc/1035788196
1035791581,"Proceedings of 2014 IEEE International Conference on Service Operations and Logistics, and Informatics :8-10 October 2014.","IEEE International Conference on Service Operations and Logistics, and Informatics","IEEE,",2014,N/A,N/A, Management. Industrial Management,EBOOKS,https://libswu.on.worldcat.org/oclc/1035791581
1035820978,2006 seventh International Conference on Web-Age Information Management Workshops :17-19 June 2006.,WAIM (Conference),"IEEE,",2006,N/A,N/A, Management. Industrial Management,EBOOKS,https://libswu.on.worldcat.org/oclc/1035820978
1038040080,Intercultural business negotiations :deal-making or relationship building? /,"Usunier, Jean-Claude,","Routledge, Taylor & Francis Group,",2019,N/A,N/A, Management. Industrial Management,EBOOKS,https://libswu.on.worldcat.org/oclc/1038040080
1041109645,"Language in business, language at work /","Darics, Erika,","Palgrave,",2018,N/A,N/A, Management. Industrial Management,EBOOKS,https://libswu.on.worldcat.org/oclc/1041109645
1043634329,"Integrating Productivity and Quality Management, Second Edition.","Edosomwan, Johnson Aimie,","Chapman and Hall/CRC,",1995,N/A,N/A, Management. Industrial Management,EBOOKS,https://libswu.on.worldcat.org/oclc/1043634329
1043648984,Journal of knowledge management.,N/A,MCB University Press.,1997,N/A,1367-3270, Management. Industrial Management,EJOURNALS/EMAGAZINES,https://libswu.on.worldcat.org/oclc/1043648984
1044725738,Retail Supply Chain Management.,"Ayers, James B.; Odegaard, Mary Ann.","CRC Press,",2007,N/A,N/A, Management. Industrial Management,EBOOKS,https://libswu.on.worldcat.org/oclc/1044725738
1045403750,Practical guide to project planning /,"Vargas, Ricardo Viana,","Auerbach Publications,",2007,N/A,N/A, Management. Industrial Management,EBOOKS,https://libswu.on.worldcat.org/oclc/1045403750
1045564088,The SAGE handbook of qualitative business and management research methods :methods and challenges /,"Cassell, Catherine,Cunliffe, Ann L.,Grandy, Gina,","SAGE Reference,",2018,N/A,N/A, Management. Industrial Management,EBOOKS,https://libswu.on.worldcat.org/oclc/1045564088
1048138330,"IEEE P1680.4/D2, March 2018 :IEEE Draft Standard for Environmental Leadership and Corporate Social Responsibility Assessment of Servers.",N/A,"IEEE,",2018,N/A,N/A, Management. Industrial Management,EBOOKS,https://libswu.on.worldcat.org/oclc/1048138330
1048368615,Supply Chain Risk Management :Minimizing Disruptions in Global Sourcing.,"Handfield, Robert.; McCormack, Kevin P.","CRC Press,",2007,N/A,N/A, Management. Industrial Management,EBOOKS,https://libswu.on.worldcat.org/oclc/1048368615
1048544267,"The Moral Leader :Challenges, Tools and Insights.","Sucher, Sandra J.","Taylor and Francis,",1998,N/A,N/A, Management. Industrial Management,EBOOKS,https://libswu.on.worldcat.org/oclc/1048544267
1048630699,"Making Supply Chain Management Work :Design, Implementation, Partnerships, Technology, and Profits.","Ayers, James B.","CRC Press,",2001,N/A,N/A, Management. Industrial Management,EBOOKS,https://libswu.on.worldcat.org/oclc/1048630699
1051118079,Applying the Kaizen in Africa :a New Avenue for Industrial Development /,"Otsuka, Keijiro.,Jin, Kimiaki.,Sonobe, Tetsushi.,","Palgrave Macmillan,",2018,N/A,N/A, Management. Industrial Management,EBOOKS,https://libswu.on.worldcat.org/oclc/1051118079
1051333724,"Managing multiple projects :planning, scheduling, and allocating resources for competitive advantage /","Dye, Lowell D.Pennypacker, James S.","CRC Press,",2002,N/A,N/A, Management. Industrial Management,EBOOKS,https://libswu.on.worldcat.org/oclc/1051333724
1056076035,The multi business model innovation approach.,"Lindgren, Peter,","River Publishers,",2018,N/A,N/A, Management. Industrial Management,EBOOKS,https://libswu.on.worldcat.org/oclc/1056076035
1057873014,The SAGE handbook of qualitative business and management research methods :history and traditions /,"Cassell, Catherine,; Cunliffe, Ann L.,Grandy, Gina,","SAGE Publications Ltd,",2018,N/A,N/A, Management. Industrial Management,EBOOKS,https://libswu.on.worldcat.org/oclc/1057873014
1057909583,The Journal of business strategy.,Emerald.,"Warren, Gorham & Lamont,",1980,N/A,"0275-6668,0275-6668", Management. Industrial Management,EJOURNALS/EMAGAZINES,https://libswu.on.worldcat.org/oclc/1057909583
1057918794,Journal of small business management.,West Virginia University.National Council for Small Business Management Development (U.S.)International Council for Small Business.Small Business Institute Directors' Association (U.S.),[National Council for Small Business Management Development.],1963,N/A,"0047-2778,1540-627X", Management. Industrial Management,EJOURNALS/EMAGAZINES,https://libswu.on.worldcat.org/oclc/1057918794
1058001513,Decision.,"Indian Institute of Management, Calcutta.",Indian Institute of Management.,1974,N/A,0304-0941, Management. Industrial Management,EJOURNALS/EMAGAZINES,https://libswu.on.worldcat.org/oclc/1058001513
1058011432,Benchmarking :an international journal.,N/A,"MCB University Press,",1999,N/A,1463-5771, Management. Industrial Management,EJOURNALS/EMAGAZINES,https://libswu.on.worldcat.org/oclc/1058011432
1058013766,Strategic direction.,Emerald Group Publishing.,MCB University Press.,2002,N/A,0258-0543, Management. Industrial Management,EJOURNALS/EMAGAZINES,https://libswu.on.worldcat.org/oclc/1058013766
1058029024,Management and organisation review.,"Tsui, Anne S.; International Association for Chinese Management Research.Hong Kong University of Science and Technology.Beijing da xue.","Blackwell,",2005,N/A,"1740-8776,1740-8784", Management. Industrial Management,EJOURNALS/EMAGAZINES,https://libswu.on.worldcat.org/oclc/1058029024
1058059441,Journal of behavioral and applied management.,Institute of Behavioral and Applied Management.,Institute of Behavioral and Applied Management.,1999,N/A,1930-0158, Management. Industrial Management,EJOURNALS/EMAGAZINES,https://libswu.on.worldcat.org/oclc/1058059441
1058101015,Risk Assessment and Decision Making in Business and Industry :a Practical Guide.,"Koller, Glenn.","CRC Press,",2005,N/A,N/A, Management. Industrial Management,EBOOKS,https://libswu.on.worldcat.org/oclc/1058101015
1058259491,Negotiating :Leading 08.05.,"Forsyth, Patrick.","Wiley,",2002,N/A,N/A, Management. Industrial Management,EBOOKS,https://libswu.on.worldcat.org/oclc/1058259491
1058336043,Stanford social innovation review.,Stanford University.,"The Center for Social Innovation, Stanford Graduate School of Business.",2003,N/A,1542-7099, Management. Industrial Management,EJOURNALS/EMAGAZINES,https://libswu.on.worldcat.org/oclc/1058336043
1058880987,Kundennutzen durch digitale Transformation.,"Brucker-Kley, Elke,Kykalová, Denisa,Keller, Thomas,",Springer Berlin Heidelberg.,2018,N/A,N/A, Management. Industrial Management,EBOOKS,https://libswu.on.worldcat.org/oclc/1058880987
1058949304,Organizational communication :perspectives and trends /,"Papa, Michael J.,; Daniels, Tom D.,Spiker, Barry K.,Foulger, Janet,","SAGE,SAGE Publications,",2008,N/A,N/A, Management. Industrial Management,EBOOKS,https://libswu.on.worldcat.org/oclc/1058949304
1058950561,"IWAISE 2008 :International Workshop on Advanced Information Systems for Enterprises : proceedings, 19-20 April 2008, Constantine, Algeria.","International Workshop on Advanced Information Systems for Enterprises,; IEEE Computer Society,Institute of Electrical and Electronics Engineers.",IEEE Computer Society,2008,N/A,N/A, Management. Industrial Management,EBOOKS,https://libswu.on.worldcat.org/oclc/1058950561
1066604304,2016 Management and Innovation Technology International Conference (MITicon).,"IEEE Staff,; IEEE.",IEEE,2016,N/A,N/A, Management. Industrial Management,EBOOKS,https://libswu.on.worldcat.org/oclc/1066604304
1067205112,Creating a lean culture :tools to sustain lean conversions /,"Mann, David,; Taylor & Francis.","Taylor and Francis, an imprint of Productivity Press,",2010,N/A,N/A, Management. Industrial Management,EBOOKS,https://libswu.on.worldcat.org/oclc/1067205112
1067209000,Social responsibility :failure mode effects and analysis /,"Duckworth, Holly Alison,; Moore, Rosemond Ann.","Taylor & Francis,",2010,N/A,N/A, Management. Industrial Management,EBOOKS,https://libswu.on.worldcat.org/oclc/1067209000
1073082318,How to succeed as a leader /,"Chambers, Ruth,; Jones, Richard,Mohanna, Kay,Wall, David,; Taylor & Francis.","CRC Press, an imprint of Taylor and Francis,",2018,N/A,N/A, Management. Industrial Management,EBOOKS,https://libswu.on.worldcat.org/oclc/1073082318
1076060567,"2017 International Colloquium on Logistics and Supply Chain Management (LOGISTIQUA) :April 2017, 27-28, ENSIAS, Rabat.","International Conference on Logistics; École nationale supérieure d'informatique et d'analyse des systèmes,Institute of Electrical and Electronics Engineers.Institute of Electrical and Electronics Engineers,","IEEE,",2017,N/A,N/A, Management. Industrial Management,EBOOKS,https://libswu.on.worldcat.org/oclc/1076060567
1080584622,"Building a project work breakdown structure :visualizing objectives, deliverables, activities, and schedules /","Miller, Dennis P.,","CRC Press,",2008,N/A,N/A, Management. Industrial Management,EBOOKS,https://libswu.on.worldcat.org/oclc/1080584622
1080584679,A3 WORKBOOK :unlock your problem-solving mind.,"MATTHEWS, DANIEL D.","CRC Press,",2017,N/A,N/A, Management. Industrial Management,EBOOKS,https://libswu.on.worldcat.org/oclc/1080584679
1080585598,TOYOTA KAIZEN METHODS :six steps to improvement.,"KATO, ISAO.","CRC Press,",2017,N/A,N/A, Management. Industrial Management,EBOOKS,https://libswu.on.worldcat.org/oclc/1080585598
1080586920,Green Entrepreneur Handbook :the guide to building and growing a green and clean business.,"Koester, Eric.","CRC Press,",2017,N/A,N/A, Management. Industrial Management,EBOOKS,https://libswu.on.worldcat.org/oclc/1080586920
1080587495,MANAGEMENT DILEMMAS :the theory of constraints approach to problem identification and solutions.,"SCHRAGENHEIM, ELI.","CRC Press,",2017,N/A,N/A, Management. Industrial Management,EBOOKS,https://libswu.on.worldcat.org/oclc/1080587495
1080637732,Modele biznesu przedsiębiorstw :analiza i raportowanie /,"Michalak, Jan,","Wydawnictwo Uniwersytetu Łódzkiego,",2016,N/A,N/A, Management. Industrial Management,EBOOKS,https://libswu.on.worldcat.org/oclc/1080637732
1082171685,Systematic innovation :an introduction to triz (theory of inventive problem solving) /,"Terninko, John,; Zusman, Alla,Zlotin, Boris,","CRC Press, an imprint of Taylor and Francis,",1998,N/A,N/A, Management. Industrial Management,EBOOKS,https://libswu.on.worldcat.org/oclc/1082171685
1084285926,Digitalisierung als Herausforderung für Personalentwicklung und Mitbestimmung :Unternehmensstrategien der IT-Branche und ihre Bedeutung für Weiterbildung /,"Langemeyer, Ines,","Verlag Barbara Budrich,",2019,N/A,N/A, Management. Industrial Management,EBOOKS,https://libswu.on.worldcat.org/oclc/1084285926
1084351298,The project management drill book :a self-study guide /,"Pritchard, Carl L.,","[Routledge],",2018,N/A,N/A, Management. Industrial Management,EBOOKS,https://libswu.on.worldcat.org/oclc/1084351298
1084395702,Towards the next orbit :a corporate odyssey /,"Verma, Subir.","Response,",2010,N/A,N/A, Management. Industrial Management,EBOOKS,https://libswu.on.worldcat.org/oclc/1084395702
1084975650,"Unternehmerfamilien :über den Einfluss des Unternehmens auf Lebenslauf, Generationenbeziehungen und soziale Identität /","Stamm, Isabell.","Barbara Budrich,",2013,N/A,N/A, Management. Industrial Management,EBOOKS,https://libswu.on.worldcat.org/oclc/1084975650
1086066354,"Integrating Erp, Crm, Supply Chain Management, and Smart Materials","Chorafas, Dimitris N.","Auerbach Publications,",2001,N/A,N/A, Management. Industrial Management,EBOOKS,https://libswu.on.worldcat.org/oclc/1086066354
1086399040,Rationale Entscheidungen unter Unsicherheit /,"Fleischer, B.Lauterbach, Reiner,Pawlik, Kurt,","De Gruyter Akademie Forschung,",2019,N/A,N/A, Management. Industrial Management,EBOOKS,https://libswu.on.worldcat.org/oclc/1086399040
1086440508,"LISS 2018, proceeding :8th International Conference on Logistics, Informatics and Service Sciences : August 3-6, 2018, Toronto, Canada, with satellite sessions in Beijing, China /","International Conference on Logistics, Informatics and Service Science; Hua, Guowei,; Beijing jiao tong da xue.China Center for Industrial Security Research,Beijing jiao tong da xue.IEEE Systems, Man, and Cybernetics Society,Institute of Electrical and Electronics Engineers,","IEEE,",2018,N/A,N/A, Management. Industrial Management,EBOOKS,https://libswu.on.worldcat.org/oclc/1086440508
1086473246,Disrupting Finance :FinTech and Strategy in the 21st Century /,"Lynn, Theo.,Mooney, John G.,Rosati, Pierangelo.,Cummins, Mark.,","Springer International Publishing :Imprint :Palgrave Pivot,",2019,N/A,N/A, Management. Industrial Management,EBOOKS,https://libswu.on.worldcat.org/oclc/1086473246
1086479887,"11th CMI International Conference, 2018 :Prospects and Challenges Towards Developing a Digital Economy within the EU /","CMI International Conference; Williams, Idongesit,; Aalborg universitet,Aalborg universitet.Institute of Electrical and Electronics Engineers,","IEEE,",2018,N/A,N/A, Management. Industrial Management,EBOOKS,https://libswu.on.worldcat.org/oclc/1086479887
1086490104,"Supply chains, markets and power :mapping buyer and supplier power regimes /","Cox, Andrew W.","Routledge,",2002,N/A,N/A, Management. Industrial Management,EBOOKS,https://libswu.on.worldcat.org/oclc/1086490104
1086743104,European management journal,N/A,Pergamon.,1900,N/A,0263-2373, Management. Industrial Management,EJOURNALS/EMAGAZINES,https://libswu.on.worldcat.org/oclc/1086743104
1086965447,Leadership in organizations :current issues and key trends /,"Storey, John,","Routledge,",2004,N/A,N/A, Management. Industrial Management,EBOOKS,https://libswu.on.worldcat.org/oclc/1086965447
1090549702,Journal of Management Science and Engineering.,N/A,"Science Press,Elsevier B.V. on behalf of KeAi Communication Co., Ltd.",2016,N/A,2589-5532, Management. Industrial Management,EJOURNALS/EMAGAZINES,https://libswu.on.worldcat.org/oclc/1090549702
1091373932,"Normen und Standards für die digitale Transformation :Werkzeuge, Praxisbeispiele und Entscheidungshilfen für innovative Unternehmen, Normungsorganisationen und politische Entscheidungsträger /","Mangelsdorf, Axel,Weiler, Petra,","De Gruyter Oldenbourg,",2019,N/A,N/A, Management. Industrial Management,EBOOKS,https://libswu.on.worldcat.org/oclc/1091373932
1096826451,Decision Making: Applications in Management and Engineering.,"Regionalna asocijacija za bezbednosti krizni menadžment,European Centre for Operational Research,",Regional Association for Security and crisis management.,2018,N/A,2620-0104, Management. Industrial Management,EJOURNALS/EMAGAZINES,https://libswu.on.worldcat.org/oclc/1096826451
1096907252,2016 14th International Conference on ICT and Knowledge Engineering (ICT & KE).,N/A,IEEE.,2016,N/A,N/A, Management. Industrial Management,EBOOKS,https://libswu.on.worldcat.org/oclc/1096907252
1097108866,Managing innovation and standards :a case in the european heating industry /,"Wiegmann, Paul Moritz","Palgrave Pivot,",2019,N/A,N/A, Management. Industrial Management,EBOOKS,https://libswu.on.worldcat.org/oclc/1097108866
1097287494,International journal of research in marketing.,European Marketing Academy.,"North-Holland,",1984,N/A,0167-8116, Management. Industrial Management,EJOURNALS/EMAGAZINES,https://libswu.on.worldcat.org/oclc/1097287494
1099789127,Decision making under deep uncertainty :from theory to practice /,"Marchau, Vincent A. W. J.,Walker, Warren E.,Bloemen, Pieter J. T. M.,Popper, Steven W.,","Springer,",2019,N/A,N/A, Management. Industrial Management,EBOOKS,https://libswu.on.worldcat.org/oclc/1099789127
1100423303,Principles of supply chain management /,"Crandall, Richard E.,; Crandall, William,Chen, Charlie C.","CRC Press/Taylor & Francis Group,",2010,N/A,N/A, Management. Industrial Management,EBOOKS,https://libswu.on.worldcat.org/oclc/1100423303
1100428174,EKONOMIA. ZADANIA I WICZENIA Z ELEMENTAMI EKONOMII MENEDERSKIEJ,"Grabia, Tomasz.","OD University PRESS,",2018,N/A,N/A, Management. Industrial Management,EBOOKS,https://libswu.on.worldcat.org/oclc/1100428174
1100459424,Kosten und Kostenrechnung.,"Mellerowicz, Konrad,","De Gruyter,",2019,N/A,N/A, Management. Industrial Management,EBOOKS,https://libswu.on.worldcat.org/oclc/1100459424
1100474001,"Futureproofing :if you can imagine it, it will happen, if you can't, you're out of it /","Lilley, Roy C.","Radcliffe Press,",1995,N/A,N/A, Management. Industrial Management,EBOOKS,https://libswu.on.worldcat.org/oclc/1100474001
1101171789,Pro-ecological restructuring of companies :case studies /,"Gąsior, Aleksandra,","Ubiquity Press,",2019,N/A,N/A, Management. Industrial Management,EBOOKS,https://libswu.on.worldcat.org/oclc/1101171789
1101446087,"2018 14th International Conference on Semantics, Knowledge and Grids :SKG 2018 : proceedings : 12-14 September 2018, Guangzhou, China /","International Conference on Semantics, Knowledge and Grid; Guangzhou da xue,IEEE Computer Society,Institute of Electrical and Electronics Engineers.","Conference Publishing Services, IEEE Computer Society,",2018,N/A,N/A, Management. Industrial Management,EBOOKS,https://libswu.on.worldcat.org/oclc/1101446087
1102637851,2018 5th International Conference on Information and Communication Technologies for Disaster Management (ICT-DM).,"International Conference on Information and Communication Technologies for Disaster Management; Institute of Electrical and Electronics Engineers,","IEEE,",2018,N/A,N/A, Management. Industrial Management,EBOOKS,https://libswu.on.worldcat.org/oclc/1102637851
1103211734,Continuity & resilience review.,"Business Continuity Institute,","Emerald Publishing,",2019,N/A,2516-7502, Management. Industrial Management,EJOURNALS/EMAGAZINES,https://libswu.on.worldcat.org/oclc/1103211734
1103222012,"Social enterprise in Asia :theory, models and practice /","Bidet, Éric,Defourny, Jacques,","Routledge, Taylor & Francis Group,",2019,N/A,N/A, Management. Industrial Management,EBOOKS,https://libswu.on.worldcat.org/oclc/1103222012
1103319821,Privileged goods :commoditization and its impact on environment and society /,"Manno, Jack,","CRC Press,",2018,N/A,N/A, Management. Industrial Management,EBOOKS,https://libswu.on.worldcat.org/oclc/1103319821
1103918708,Achieving excellence in business :a practical guide on the total quality transformation process /,"Ebel, Kenneth E.,","Routledge,",2019,N/A,N/A, Management. Industrial Management,EBOOKS,https://libswu.on.worldcat.org/oclc/1103918708
1105145187,Production planning and control :a comprehensive approach /,"Kiran, D. R.,","Butterworth-Heinemann,",2019,N/A,N/A, Management. Industrial Management,EBOOKS,https://libswu.on.worldcat.org/oclc/1105145187
1107337499,Computer-aided policymaking :lessons from strategic planning software /,"Wyatt, Ray.","Routledge,",2000,N/A,N/A, Management. Industrial Management,EBOOKS,https://libswu.on.worldcat.org/oclc/1107337499
1107880578,The strategic project planner :a profit-driven project management process for planning projects to meet business goals /,"Westney, Richard E.,","CRC Press,",2000,N/A,N/A, Management. Industrial Management,EBOOKS,https://libswu.on.worldcat.org/oclc/1107880578
1107880671,Business process orientation :gaining the e-business competitive advantage /,"McCormack, Kevin; Johnson, William C.,","CRC Press,",2020,N/A,N/A, Management. Industrial Management,EBOOKS,https://libswu.on.worldcat.org/oclc/1107880671
1107989504,Thinking for a change :putting the TOC thinking processes to use /,"Scheinkopf, Lisa J.,","CRC Press,",1999,N/A,N/A, Management. Industrial Management,EBOOKS,https://libswu.on.worldcat.org/oclc/1107989504
1107989531,Organizational learning /,"Schwandt, David R.,; Marquardt, Michael J.,","CRC Press,",1999,N/A,N/A, Management. Industrial Management,EBOOKS,https://libswu.on.worldcat.org/oclc/1107989531
1108519792,"Leading in a VUCA world :integrating leadership, discernment and spirituality /","Kok, Jacobus (Kobus),Heuvel, Steven C. van den,","Springer,",2019,N/A,N/A, Management. Industrial Management,EBOOKS,https://libswu.on.worldcat.org/oclc/1108519792
1108961825,2012 International Conference on Innovation Management and Technology Research.,"IEEE Staff,; IEEE Staff,","IEEE,",2012,N/A,N/A, Management. Industrial Management,EBOOKS,https://libswu.on.worldcat.org/oclc/1108961825
1109770136,Facilities Design /,"Heragu, Sunderesh S.","CRC Press,",2008,N/A,N/A, Management. Industrial Management,EBOOKS,https://libswu.on.worldcat.org/oclc/1109770136
1109805980,The Superior Project Oranization.,"Toney, Frank,",C R C Press LLCTaylor & Francis Group [distributor],2001,N/A,N/A, Management. Industrial Management,EBOOKS,https://libswu.on.worldcat.org/oclc/1109805980
1110183325,Grundfragen des Management :Mensch und Organisation in der Unternehmung /,"Gross, Hans Fritz,","Walter de Gruyter,",1971,N/A,N/A, Management. Industrial Management,EBOOKS,https://libswu.on.worldcat.org/oclc/1110183325
1111632324,Purpose-driven organizations :management ideas for a better world /,"Rey, Carlos,Bastons, Miquel,Sotok, Phil,","Palgrave Macmillan,",2019,N/A,N/A, Management. Industrial Management,EBOOKS,https://libswu.on.worldcat.org/oclc/1111632324
1112112209,Knowledge-driven profit improvement :implementing assessment feedback using PDKAction theory /,"Matthews, Monte Lee,","CRC Press,",2019,N/A,N/A, Management. Industrial Management,EBOOKS,https://libswu.on.worldcat.org/oclc/1112112209
1112128864,Standardization and risk governance :a multi-disciplinary approach /,"Olsen, Odd Einar,Juhl, Kirsten,Lindøe, Preben Hempel,Engen, Ole Andreas,","Routledge,",2020,N/A,N/A, Management. Industrial Management,EBOOKS,https://libswu.on.worldcat.org/oclc/1112128864
1112437009,Mathematik Für die Wirtschaftspraxis /,"Kemeny, John G.,","Walter de Gruyter & Co.,",1966,N/A,N/A, Management. Industrial Management,EBOOKS,https://libswu.on.worldcat.org/oclc/1112437009
1112671785,Building organizational intelligence :a knowledge management primer /,"Liebowitz, Jay,","CRC Press,",2000,N/A,N/A, Management. Industrial Management,EBOOKS,https://libswu.on.worldcat.org/oclc/1112671785
1112671794,Supply chain management :the basics and beyond /,"Copacino, William C.,","Routledge,",2019,N/A,N/A, Management. Industrial Management,EBOOKS,https://libswu.on.worldcat.org/oclc/1112671794
1112875058,Recherche et applications en marketing,Association française du marketing.,"Presses universitaires de Grenoble,",2007,N/A,2051-5707, Management. Industrial Management,EJOURNALS/EMAGAZINES,https://libswu.on.worldcat.org/oclc/1112875058
1113379756,Computer supported cooperative work :the journal of collaborative computing.,N/A,"Kluwer,",1992,N/A,1573-7551, Management. Industrial Management,EJOURNALS/EMAGAZINES,https://libswu.on.worldcat.org/oclc/1113379756
1114600769,The Business Planning Tool Kit :a Workbook For The Primary Care Team.,"Philips, Annie.","CRC Press,",2019,N/A,N/A, Management. Industrial Management,EBOOKS,https://libswu.on.worldcat.org/oclc/1114600769
1115909071,Industrial management,Industrial Management Society.Institute of Industrial Engineers (1981- ),Industrial Management Society.,1964,N/A,0019-8471, Management. Industrial Management,EJOURNALS/EMAGAZINES,https://libswu.on.worldcat.org/oclc/1115909071
1116163406,Journal of alcohol and drug education,Alcohol and Drug Problems Association of North America.Alcohol and Drug Problems Association of North America.,Education Section of the Alcohol and Drug Problems Association of North America.,1993,N/A,0090-1482, Management. Industrial Management,EJOURNALS/EMAGAZINES,https://libswu.on.worldcat.org/oclc/1116163406
1117445281,The internationalisation of Polish industries in the context of the new institutional economics :Diagnosis and determinants /,"Mroczek-Dąbrowska, Katarzyna.","Poznań University of Economics and Business,",2019,N/A,N/A, Management. Industrial Management,EBOOKS,https://libswu.on.worldcat.org/oclc/1117445281
1117910674,Produktion,N/A,Verlag Moderne Industrie.,,N/A,0344-6166, Management. Industrial Management,EJOURNALS/EMAGAZINES,https://libswu.on.worldcat.org/oclc/1117910674
1120069589,"Social enterprise in Latin America :theory, models and practice /","Gaiger, Luiz Inácio Germany,Nyssens, Marthe,Wanderley, Fernanda,","Routledge, Taylor and Francis Group,",2019,N/A,N/A, Management. Industrial Management,EBOOKS,https://libswu.on.worldcat.org/oclc/1120069589
1120204552,1979 International Workshop on Managing Requirements Knowledge (MARK) /,"MARK (Conference); American Federation of Information Processing Societies,; National Computer Conference","AFIPS Press,",1979,N/A,N/A, Management. Industrial Management,EBOOKS,https://libswu.on.worldcat.org/oclc/1120204552
1122780345,Leadership lessons from the Bhagavad Gita /,"Simpson, Ace,","Sage Publications India Pvt, Ltd,",2020,N/A,N/A, Management. Industrial Management,EBOOKS,https://libswu.on.worldcat.org/oclc/1122780345
1122915749,Führung in deutschen Unternehmen,"Wilpert, Bernhard.","Walter de Gruyter GmbH,",1977,N/A,N/A, Management. Industrial Management,EBOOKS,https://libswu.on.worldcat.org/oclc/1122915749
1124586084,Social media strategy :tools for professionals and organizations /,"Clampitt, Phillip G.,","SAGE Publications, Inc.,",2018,N/A,N/A, Management. Industrial Management,EBOOKS,https://libswu.on.worldcat.org/oclc/1124586084
1124609809,Communicating for Managerial Effectiveness :Challenges | Strategies | Solutions.,"Clampitt, Phillip G.","SAGE Publications,",2016,N/A,N/A, Management. Industrial Management,EBOOKS,https://libswu.on.worldcat.org/oclc/1124609809
1124613997,Organizational creativity :a practical guide for innovators & entrepreneurs /,"Puccio, Gerard J.,; Cabra, John F.,Schwagler, Nathan,","SAGE Publications, Inc.,",2018,N/A,N/A, Management. Industrial Management,EBOOKS,https://libswu.on.worldcat.org/oclc/1124613997
1125070590,The psychology of Silicon Valley :ethical threats and emotional unintelligence in the tech industry /,"Cook, Katy,","Palgrave Macmillan,",2020,N/A,N/A, Management. Industrial Management,EBOOKS,https://libswu.on.worldcat.org/oclc/1125070590
1125794856,Bausteine Eines Strategischen Managements :Dialoge Zwischen Wissenschaft und Praxis /,"Kirsch, Werner,Roventa, Peter,","Walter de Gruyter,",1983,N/A,N/A, Management. Industrial Management,EBOOKS,https://libswu.on.worldcat.org/oclc/1125794856
1125930619,Weaving analytics for effective decision making /,"Banerjee, Arindam,; Banerjee, Tanushri,","SAGE Publications India Pvt Ltd,",2017,N/A,N/A, Management. Industrial Management,EBOOKS,https://libswu.on.worldcat.org/oclc/1125930619
1125933074,The SAGE handbook of strategic supply management /,"Harland, Christine,Nassimbeni, Guido,Schneller, Eugene Stewart,","SAGE Publications,",2013,N/A,N/A, Management. Industrial Management,EBOOKS,https://libswu.on.worldcat.org/oclc/1125933074
1126183967,"Führungskräfte im Betrieb. Planung, Einsatz, Entwicklung /","Chorafas, Dimitris N.","De Gruyter,",1974,N/A,N/A, Management. Industrial Management,EBOOKS,https://libswu.on.worldcat.org/oclc/1126183967
1126232649,Healthcare marketing advisor.,N/A,"HCpro,",2006,N/A,1931-9894, Management. Industrial Management,EJOURNALS/EMAGAZINES,https://libswu.on.worldcat.org/oclc/1126232649
1127173236,"2015 1st International Conference on Geographical Information Systems Theory, Applications and Management (GISTAM).",N/A,IEEE.,2015,N/A,N/A, Management. Industrial Management,EBOOKS,https://libswu.on.worldcat.org/oclc/1127173236
1131901441,"Root narrative theory and conflict resolution :power, justice and values /","Simmons, Solon,","Routledge,",2020,N/A,N/A, Management. Industrial Management,EBOOKS,https://libswu.on.worldcat.org/oclc/1131901441
1135206756,"Industry 4.0 for SMEs  :challenges, opportunities and requirements /","Matt, Dominik T.Modrák, Vladimir,Zsifkovits, Helmut.","Palgrave Macmillan,",2020,N/A,N/A, Management. Industrial Management,EBOOKS,https://libswu.on.worldcat.org/oclc/1135206756
1135210459,Inside organizations :exploring organizational experiences /,"Coghlan, David.","SAGE Publications Ltd,",2016,N/A,N/A, Management. Industrial Management,EBOOKS,https://libswu.on.worldcat.org/oclc/1135210459
1135211288,"Skills in business :the role of business strategy, sectoral skills development and skills policy /","Sung, Johnny.; Ashton, D. N.","SAGE,",2015,N/A,N/A, Management. Industrial Management,EBOOKS,https://libswu.on.worldcat.org/oclc/1135211288
1135462837,Organizational network analysis :auditing intangible resources /,"Ujwary-Gil, Anna,","Routledge,",2020,N/A,N/A, Management. Industrial Management,EBOOKS,https://libswu.on.worldcat.org/oclc/1135462837
1135639637,2019 International Colloquium on Logistics and Supply Chain Management (LOGISTIQUA).,"International Colloquium on Logistics and Supply Chain Management; IUT de Montreuil,Institute of Electrical and Electronics Engineers,","IEEE,",2019,N/A,N/A, Management. Industrial Management,EBOOKS,https://libswu.on.worldcat.org/oclc/1135639637
1136228188,The logic of organizations /,"Abrahamsson, Bengt,","SAGE,",1993,N/A,N/A, Management. Industrial Management,EBOOKS,https://libswu.on.worldcat.org/oclc/1136228188
1136437117,Handbook of strategy and management  /,"Pettigrew, Andrew M.Thomas, Howard,Whittington, Richard,","SAGE,",2002,N/A,N/A, Management. Industrial Management,EBOOKS,https://libswu.on.worldcat.org/oclc/1136437117
1137073053,Strategische Unternehmensführung bei Diversifikation /,"Wittek, Burkhard F.,",Walter de Gruyter GmbH.,1980,N/A,N/A, Management. Industrial Management,EBOOKS,https://libswu.on.worldcat.org/oclc/1137073053
1137156127,Organization theory.,European Group for Organizational Studies.,SAGE,2020,N/A,2631-7877, Management. Industrial Management,EJOURNALS/EMAGAZINES,https://libswu.on.worldcat.org/oclc/1137156127
1139413961,International journal of contemporary management.,Uniwersytet Jagielloński.,"Faculty of Management and Social Communication, Jagiellonian University,Sciendo, de Gruyter Poland",2013,N/A,2449-8939, Management. Industrial Management,EJOURNALS/EMAGAZINES,https://libswu.on.worldcat.org/oclc/1139413961
1141190521,Hubristic leadership /,"Sadler-Smith, Eugene,","SAGE Publications Ltd,",2019,N/A,N/A, Management. Industrial Management,EBOOKS,https://libswu.on.worldcat.org/oclc/1141190521
1141414679,"2019 IEEE International Conference on Service Operations and Logistics, and Informatics (SOLI)",N/A,"IEEE,",2019,N/A,N/A, Management. Industrial Management,EBOOKS,https://libswu.on.worldcat.org/oclc/1141414679
1145550223,Social innovation :comparative perspectives /,"Anheier, Helmut K.,Krlev, Gorgi,Mildenberger, Georg,","Routledge, Taylor & Francis Group,",2019,N/A,N/A, Management. Industrial Management,EBOOKS,https://libswu.on.worldcat.org/oclc/1145550223
1148887492,The design thinking toolbox :a guide to mastering the most popular and valuable innovation methods /,"Lewrick, Michael,; Link, Patrick,Leifer, Larry J.,","John Wiley & Sons, Inc.,",2020,N/A,N/A, Management. Industrial Management,EBOOKS,https://libswu.on.worldcat.org/oclc/1148887492
1150160799,Contextual process digitalization :changing perspectives - design thinking - value-led design /,"Fleischmann, Albert.; Oppl, Stefan.Schmidt, Werner.Stary, Christian.","Springer,",2020,N/A,N/A, Management. Industrial Management,EBOOKS,https://libswu.on.worldcat.org/oclc/1150160799
1151526146,QPI 2019 :quality production improvement : Poland 2019.,"Quality Production Improvement (Conference),","De Gruyter,",2019,N/A,N/A, Management. Industrial Management,EBOOKS,https://libswu.on.worldcat.org/oclc/1151526146
1153032679,System-Aufstellungen und Ihre Naturwissenschaftliche Begründung :Grundlage Für eine Innovative Methode Zur Entscheidungsfindung in der Unternehmensführung.,"Gehlert, Thomas",Springer Gabler. in Springer Fachmedien Wiesbaden GmbHSpringer [Distributor],2020,N/A,N/A, Management. Industrial Management,EBOOKS,https://libswu.on.worldcat.org/oclc/1153032679
1154337778,It's logical :innovating profitable business models /,"Dhargalkar, Kaustubh,","Sage Publications,",2020,N/A,N/A, Management. Industrial Management,EBOOKS,https://libswu.on.worldcat.org/oclc/1154337778
1154961190,What Works for GE May Not Work for You :Using Human Systems Dynamics to Build a Culture of Process Improvement.,"Solow, Lawrence; Fake, Brenda.","Taylor and Francis,",2010,N/A,N/A, Management. Industrial Management,EBOOKS,https://libswu.on.worldcat.org/oclc/1154961190
1156081807,Sage handbook of contemporary cross-cultural management  /,"Szkudlarek, Betina,Romani, Laurence,Caprar, Dan V.,Osland, Joyce,","SAGE reference,",2020,N/A,N/A, Management. Industrial Management,EBOOKS,https://libswu.on.worldcat.org/oclc/1156081807
1156577294,Start-up creation :the smart eco-efficient built environment /,"Torgal, Fernando Pacheco,","Woodhead Publishing,",2020,N/A,N/A, Management. Industrial Management,EBOOKS,https://libswu.on.worldcat.org/oclc/1156577294
1156752572,A practical introduction to security and risk management /,"Newsome, Bruce.","SAGE,",2013,N/A,N/A, Management. Industrial Management,EBOOKS,https://libswu.on.worldcat.org/oclc/1156752572
1158143213,"Markeninszenierung in Japan :Zur narrativen Konstruktion der Lifestyle-Marken ""Muji"" und ""Uniqlo"" /","R|hle, Christiane,","Transcript-Verlag,",2020,N/A,N/A, Management. Industrial Management,EBOOKS,https://libswu.on.worldcat.org/oclc/1158143213
1159395349,Sicherheit und Risiko.,N/A,transcript Verlag,2001,N/A,N/A, Management. Industrial Management,EBOOKS,https://libswu.on.worldcat.org/oclc/1159395349
1159638589,2010 Third International Workshop on Managing Requirements Knowledge.,"IEEE Staff,; IEEE Staff,","I E E E,",2010,N/A,N/A, Management. Industrial Management,EBOOKS,https://libswu.on.worldcat.org/oclc/1159638589
1159641724,Competence in the learning society /,"Raven, John,; Raven, John,Stephenson, John,","P. Lang,",2001,N/A,N/A, Management. Industrial Management,EBOOKS,https://libswu.on.worldcat.org/oclc/1159641724
1162237646,A tale of two systems :lean and agile software development for business leaders /,"Levine, Michael K.,","CRC Press,",2009,N/A,N/A, Management. Industrial Management,EBOOKS,https://libswu.on.worldcat.org/oclc/1162237646
1162543163,The little book of leadership development :50 ways to bring out the leader in every employee /,"Allen, Scott J.,; Kusy, Mitchell.","American Management Association,",2011,N/A,N/A, Management. Industrial Management,EBOOKS,https://libswu.on.worldcat.org/oclc/1162543163
1162626285,Making sense of coaching  /,"Du Toit, Angélique.","Sage,",2014,N/A,N/A, Management. Industrial Management,EBOOKS,https://libswu.on.worldcat.org/oclc/1162626285
1165831395,Deutsch-chinesische Studienangebote erfolgreich managen  :Rahmenbedingungen und Erfolgsfaktoren aus interkultureller Perspektive /,"Kuhn, Katja.,; Fekete, Patrick.,","Springer Fachmedien Wiesbaden :Imprint: Springer Gabler,",2019,N/A,N/A, Management. Industrial Management,EBOOKS,https://libswu.on.worldcat.org/oclc/1165831395
1166278600,Strategic management of agricultural and life sciences research organisations.,N/A,"éditions Quae,",2019,N/A,N/A, Management. Industrial Management,EBOOKS,https://libswu.on.worldcat.org/oclc/1166278600
1179378726,CFO.,N/A,CFO Pub. Corp.,1994,N/A,N/A, Management. Industrial Management,EJOURNALS/EMAGAZINES,https://libswu.on.worldcat.org/oclc/1179378726
1179983716,New trends in the use of artificial intelligence for the Industry 4.0 /,"Martinez, Romeral,","IntechOpen,",2020,N/A,N/A, Management. Industrial Management,EBOOKS,https://libswu.on.worldcat.org/oclc/1179983716
1181902859,"2016 4th International Conference on Cyber and IT Service Management  :26-27 April 2016, Bandung, Indonesia /",International Conference on Cyber and IT Service Management; International Conference on Cyber and IT Service Management.,"Institute of Electrical and Electronics Engineers,",2016,N/A,N/A, Management. Industrial Management,EBOOKS,https://libswu.on.worldcat.org/oclc/1181902859
1181910126,"2015 7th Conference on Information and Knowledge Technology  :26-28 May 2015, Urmia University, Urmia, lran /",Conference on Information and Knowledge Technology; Institute of Electrical and Electronics Engineers.,"Institute of Electrical and Electronics Engineers,",2015,N/A,N/A, Management. Industrial Management,EBOOKS,https://libswu.on.worldcat.org/oclc/1181910126
1182019224,"Becoming an exceptional executive coach :use your knowledge, experience, and intuition to help leaders excel /","Frisch, Michael H.","AMACOM American Mangement Association,",2012,N/A,N/A, Management. Industrial Management,EBOOKS,https://libswu.on.worldcat.org/oclc/1182019224
1182020028,Negotiation /,"Tracy, Brian.","American Management Association,",2013,N/A,N/A, Management. Industrial Management,EBOOKS,https://libswu.on.worldcat.org/oclc/1182020028
1182020295,The power of convergence :linking business strategies and technology decisions to create sustainable success /,"Hoque, Faisal.","American Management Association,",2011,N/A,N/A, Management. Industrial Management,EBOOKS,https://libswu.on.worldcat.org/oclc/1182020295
1182020613,Successful business process management :what you need to know to get results /,"Berman, Paula K.","American Management Association,",2014,N/A,N/A, Management. Industrial Management,EBOOKS,https://libswu.on.worldcat.org/oclc/1182020613
1182799732,A leader's journey to quality /,"Cound, Dana M.,","ASQC Quality Press,",1992,N/A,N/A, Management. Industrial Management,EBOOKS,https://libswu.on.worldcat.org/oclc/1182799732
1182820148,"2014 2nd International Conference on Technology, Informatics, Management, Engineering & Environment :19-21 August 2014, Bandung, Indonesia /","International Conference on Technology, Informatics, Management, Engineering & Environment; Institute of Electrical and Electronics Engineers.","Institute of Electrical and Electronics Engineers,",2014,N/A,N/A, Management. Industrial Management,EBOOKS,https://libswu.on.worldcat.org/oclc/1182820148
1182822748,"IEEE ICMIT 2016 :2016 IEEE International Conference on Management of Innovation and Technology : 19-22 September 2016, Bangkok, Thailand /","IEEE International Conference on Management of Innovation and Technology; Institute of Electrical and Electronics Engineers,","Institute of Electrical and Electronics Engineers,",2016,N/A,N/A, Management. Industrial Management,EBOOKS,https://libswu.on.worldcat.org/oclc/1182822748
1182856483,The SAGE handbook of responsible management learning and education /,"Moosmayer, Dirk C.,Laasch, Oliver,Parkes, Carole,Brown, Kenneth G.,","SAGE Publications,",2020,N/A,N/A, Management. Industrial Management,EBOOKS,https://libswu.on.worldcat.org/oclc/1182856483
1187169645,"Whistleblowing, communication and consequences :lessons from the Norwegian national lottery /","Svenkerud, Peer Jacob,Sørnes, Jan-Oddvar,Browning, Larry D.,","Routledge,",2021,N/A,N/A, Management. Industrial Management,EBOOKS,https://libswu.on.worldcat.org/oclc/1187169645
1190651012,A practical guide to information systems strategic planning /,"Cassidy, Anita,","Auerbach Publications :CRC Press,",2006,N/A,N/A, Management. Industrial Management,EBOOKS,https://libswu.on.worldcat.org/oclc/1190651012
1191571994,Physical medicine & rehab coding alert.,Coding Institute.,"Coding Institute,",2000,N/A,1528-7580, Management. Industrial Management,EJOURNALS/EMAGAZINES,https://libswu.on.worldcat.org/oclc/1191571994
1193450068,Operations management research [electronic resource.].,N/A,Springer.,,N/A,N/A, Management. Industrial Management,EJOURNALS/EMAGAZINES,https://libswu.on.worldcat.org/oclc/1193450068
1193558199,Computer-aided policymaking :lessons from strategic planning software /,"Wyatt, Ray.","E and FN Spon ;Routledge, Taylor and Francis Group,",1999,N/A,N/A, Management. Industrial Management,EBOOKS,https://libswu.on.worldcat.org/oclc/1193558199
1196140397,Sustainable operations and computers,N/A,KeAi Communications Co. Ltd. Publishing services by Elsevier B.V. on behalf of KeAi Communications Co. Ltd.,2020,N/A,2666-4127, Management. Industrial Management,EJOURNALS/EMAGAZINES,https://libswu.on.worldcat.org/oclc/1196140397
1196896761,Management and business review.,"Sage Publications,","Institute for Knowledge and Technology Management LLC,SAGE Journals",2020,N/A,2694-1058, Management. Industrial Management,EJOURNALS/EMAGAZINES,https://libswu.on.worldcat.org/oclc/1196896761
1198892784,Strategic action planning NOW! :a guide for setting and meeting your goals /,"Gable, Cate.","CRC Press,",2018,N/A,N/A, Management. Industrial Management,EBOOKS,https://libswu.on.worldcat.org/oclc/1198892784
1200039054,Effective management teams and organizational behavior :a research-based model for team development /,"Bang, Henning,; Nesset Midelfart, Thomas,","Routledge, Taylor & Francis Group,",2021,N/A,N/A, Management. Industrial Management,EBOOKS,https://libswu.on.worldcat.org/oclc/1200039054
1200516301,"Proceedings of: 2020 International Multi-Conference on: Organization of Knowledge and Advanced Technologies (OCTA) :February 6-7-8, 2020, Tunis, Tunisia /","International Multi-Conference on: Organization of Knowledge and Advanced Technologies; Krichen, Saoussen,Ben Romdhane, Hajer,Sidhom, Sahbi,; IEEE-Tunisia Section.Institute of Electrical and Electronics Engineers,","IEEE,",2020,N/A,N/A, Management. Industrial Management,EBOOKS,https://libswu.on.worldcat.org/oclc/1200516301
1200517618,"ICIMTech 2020 :proceedings of 2020 International Conference on Information Management and Technology (ICIMTech) : 13-14 August 2020, Indonesia /","International Conference on Information Management and Technology; Universitas Bina Nusantara.Institute of Electrical and Electronics Engineers.Institute of Electrical and Electronics Engineers,","IEEE,",2020,N/A,N/A, Management. Industrial Management,EBOOKS,https://libswu.on.worldcat.org/oclc/1200517618
1200834261,"Social enterprise in western Europe :theory, models and practice /","Defourny, Jacques,Nyssens, Marthe,","Routledge,",2021,N/A,N/A, Management. Industrial Management,EBOOKS,https://libswu.on.worldcat.org/oclc/1200834261
1200859894,Brands and branding  /,"Clifton, Rita.Simmons, John,Ahmad, Sameena.; ebrary, Inc.","Profile Books,",2003,N/A,N/A, Management. Industrial Management,EBOOKS,https://libswu.on.worldcat.org/oclc/1200859894
1201199434,Overwhelmed by overflows? :How people and organizations create and manage excess /,"Czarniawska, Barbara.Lofgren, Orvar.","Lund University Press,",2019,N/A,N/A, Management. Industrial Management,EBOOKS,https://libswu.on.worldcat.org/oclc/1201199434
1202481795,Inside ISO 14000 :the competitive advantage of environmental management /,"Sayre, Don,","CRC Press,",1996,N/A,N/A, Management. Industrial Management,EBOOKS,https://libswu.on.worldcat.org/oclc/1202481795
1203038595,Operational performance measurement :increasing total productivity /,"Kaydos, W. J.","CRC Press,",2020,N/A,N/A, Management. Industrial Management,EBOOKS,https://libswu.on.worldcat.org/oclc/1203038595
1221013924,"Social enterprise in Central and Eastern Europe :theory, models and practice /","Defourny, Jacques,Nyssens, Marthe,","Routledge,",2021,N/A,N/A, Management. Industrial Management,EBOOKS,https://libswu.on.worldcat.org/oclc/1221013924
1222783116,Green intentions :creating a green value stream to compete and win /,"Wills, Brett,","Productivity Press,",2020,N/A,N/A, Management. Industrial Management,EBOOKS,https://libswu.on.worldcat.org/oclc/1222783116
1222862987,Technological support for work group collaboration.,"Olson, Margrethe H.","CRC Press,",2019,N/A,N/A, Management. Industrial Management,EBOOKS,https://libswu.on.worldcat.org/oclc/1222862987
1224019419,Launching successful ventures  /,"Fountain, Michael W.,; Zimmerer, Thomas,","SAGE Publications, Inc.,",2019,N/A,N/A, Management. Industrial Management,EBOOKS,https://libswu.on.worldcat.org/oclc/1224019419
1224019755,Building leadership character  /,"Newman, Amy,","SAGE Publications, Inc.,",2019,N/A,N/A, Management. Industrial Management,EBOOKS,https://libswu.on.worldcat.org/oclc/1224019755
1224020062,Crisis management  :resilience and change /,"Kovoor-Misra, Sarah,","SAGE,",2020,N/A,N/A, Management. Industrial Management,EBOOKS,https://libswu.on.worldcat.org/oclc/1224020062
1224020375,The nature of leadership  /,"Antonakis, John,Day, David V.,","SAGE Publications, Inc.,",2018,N/A,N/A, Management. Industrial Management,EBOOKS,https://libswu.on.worldcat.org/oclc/1224020375
1224349218,Digital transformation in smart manufacturing /,"Petrillo, Antonello,Cioffi, Raffaele,De Felice, Fabio,","InTech,",2018,N/A,N/A, Management. Industrial Management,EBOOKS,https://libswu.on.worldcat.org/oclc/1224349218
1225551548,Managing large teams :overcoming skip- level frictions & executive isolation /,"Kapal, Rishi,","SAGE Publications,",2021,N/A,N/A, Management. Industrial Management,EBOOKS,https://libswu.on.worldcat.org/oclc/1225551548
1225551609,Masterstrokes :Re-inventing Leadership in Uncertain Times.,"Vijaybaskar, Latha.","SAGE Publications,",2020,N/A,N/A, Management. Industrial Management,EBOOKS,https://libswu.on.worldcat.org/oclc/1225551609
1227307434,Beyond communities of practice  /,"Stehlik, Tom.; Carden, Pam,","Post Pressed (c/o eContent Management Pty.),",2005,N/A,N/A, Management. Industrial Management,EBOOKS,https://libswu.on.worldcat.org/oclc/1227307434
1227877474,The PR agency handbook /,"Luttrell, Regina,; Capizzo, Luke W.,","SAGE Publications, Inc.,",2019,N/A,N/A, Management. Industrial Management,EBOOKS,https://libswu.on.worldcat.org/oclc/1227877474
1228617614,International management in China  :cross-cultural issues /,"Selmer, Jan,","Routledge,",1998,N/A,N/A, Management. Industrial Management,EBOOKS,https://libswu.on.worldcat.org/oclc/1228617614
1228845919,Internal crowdsourcing in companies :theoretical foundations and practical applications /,"Ulbrich, Hannah,Wedel, Marco,Dienel, Hans-Liudger,","Springer,",2021,N/A,N/A, Management. Industrial Management,EBOOKS,https://libswu.on.worldcat.org/oclc/1228845919
1228878951,Next generation supply chains :a roadmap for research and innovation /,"Fornasiero, Rosanna,Sardesai, Saskia,Barros, Ana Cristina,Matopoulos, Aristides,","Springer,",2021,N/A,N/A, Management. Industrial Management,EBOOKS,https://libswu.on.worldcat.org/oclc/1228878951
1228905740,Global business networks :concept -- structure -- competitiveness /,"Rosińska-Bukowska, Magdalena,","Wydawnictwo Uniwersytetu Lódzkiego,",2020,N/A,N/A, Management. Industrial Management,EBOOKS,https://libswu.on.worldcat.org/oclc/1228905740
1229166350,Project management & leadership skills for engineering & construction projects /,"Benator, Barry,; Thumann, Albert,","River Publishers,",2020,N/A,N/A, Management. Industrial Management,EBOOKS,https://libswu.on.worldcat.org/oclc/1229166350
1229289709,Risk and decision analysis.,"Sage Publications,","IOS Press,SAGE Journals",2009,N/A,1875-9173, Management. Industrial Management,EJOURNALS/EMAGAZINES,https://libswu.on.worldcat.org/oclc/1229289709
1229510909,Products and Services; from R&D to Final Solutions.,N/A,InTech,2010,N/A,N/A, Management. Industrial Management,EBOOKS,https://libswu.on.worldcat.org/oclc/1229510909
1229599235,Knowledge management and e-learning  /,"Liebowitz, Jay,Frank, Michael S.; ProQuest (Firm)","Auerbach Publications,",2011,N/A,N/A, Management. Industrial Management,EBOOKS,https://libswu.on.worldcat.org/oclc/1229599235
1229730234,2019 International Conference on Creative Business for Smart and Sustainable Growth (CREBUS).,N/A,"IEEE,",2019,N/A,N/A, Management. Industrial Management,EBOOKS,https://libswu.on.worldcat.org/oclc/1229730234
1229762274,"Factory Rules from the Handbook to Lowell, 1848.",N/A,Great Neck Publishing,2017,N/A,N/A, Management. Industrial Management,EBOOKS,https://libswu.on.worldcat.org/oclc/1229762274
1229775359,South African Journal of Business Management.,N/A,"University of Stellenbosch, Business School.",,N/A,"2078-5976,2078-5585", Management. Industrial Management,EJOURNALS/EMAGAZINES,https://libswu.on.worldcat.org/oclc/1229775359
1230407966,Family business and regional development /,"Basco, Rodrigo,Stough, Roger,Suwala, Lech,","Routledge,",2020,N/A,N/A, Management. Industrial Management,EBOOKS,https://libswu.on.worldcat.org/oclc/1230407966
1232485669,Journal of new business ventures.,N/A,"SAGE,",2020,N/A,2632-9638, Management. Industrial Management,EJOURNALS/EMAGAZINES,https://libswu.on.worldcat.org/oclc/1232485669
1235599146,"Social Enterprise in Central and Eastern Europe :Theory, Models and Practice.","Defourny, Jacques.; Nyssens, Marthe.","Taylor & Francis Group,",2021,N/A,N/A, Management. Industrial Management,EBOOKS,https://libswu.on.worldcat.org/oclc/1235599146
1235836278,"Risk and change management in complex systems  :Proceedings of the 16th International DSM ConferenceParis, France, 2-4 Juli 2014 /","Marle, Franck.","Hanser,",2014,N/A,N/A, Management. Industrial Management,EBOOKS,https://libswu.on.worldcat.org/oclc/1235836278
1237228972,CORPORATE SOCIAL RESPONSIBILITY - IMPULSE AUS DER UND FUR DIE PROFIT- UND SOZIALWIRTSCHAFT;VERANTWORTUNG UND NACHHALTIGKEIT.,BETTINA STOLL;HEIKE HERRMANN.,"Verlag BARBARA BUDRICH,",2020,N/A,N/A, Management. Industrial Management,EBOOKS,https://libswu.on.worldcat.org/oclc/1237228972
1240508806,2020 18th ACM-IEEE International Conference on Formal Methods and Models for System Design (MEMOCODE),"ACM/IEEE International Conference on Formal Methods and Models for System Design; IEEE Council on Electronic Design Automation,ACM Special Interest Group on Design Automation,Institute of Electrical and Electronics Engineers,","IEEE,",2020,N/A,N/A, Management. Industrial Management,EBOOKS,https://libswu.on.worldcat.org/oclc/1240508806
1240523431,"2016 12th International Conference on Semantics, Knowledge and Grids (SKG).",IEEE Staff,IEEE,2016,N/A,N/A, Management. Industrial Management,EBOOKS,https://libswu.on.worldcat.org/oclc/1240523431
1240527757,Ausländische Selbständige in der Bundesrepublik unter besonderer Berücksichtigung von Entwicklungsperspektiven in den neuen Bundesländern.  /,"Loeffelholz, Hans Dietrich von / Gieseck, Arne / Buch, Holger.","[s.n.],",1994,N/A,N/A, Management. Industrial Management,EBOOKS,https://libswu.on.worldcat.org/oclc/1240527757
1240530415,"2016 IEEE International Conference on Service Operations and Logistics, and Informatics (SOLI).",IEEE Staff,IEEE,2016,N/A,N/A, Management. Industrial Management,EBOOKS,https://libswu.on.worldcat.org/oclc/1240530415
1240532653,"GOL'20 :proceedings, 2020 5th International Conference on Logistics Operations Management (GOL) : October, 28-30, 2020, Virtual /","IEEE International Conference on Logistics Operations Management; Benadada, Youssef,Mhada, Fatima-Zahra,; Jāmiʻat Muḥammad al-Khāmis.Université du Havre,Institute of Electrical and Electronics Engineers.Institute of Electrical and Electronics Engineers,","IEEE,",2020,N/A,N/A, Management. Industrial Management,EBOOKS,https://libswu.on.worldcat.org/oclc/1240532653
1240580653,"Transformational Leadership in Banking :Challenges of Governance, Leadership and HR in a Digital and Disruptive World.","Khandelwal, Anil K.","SAGE Publications,",2021,N/A,N/A, Management. Industrial Management,EBOOKS,https://libswu.on.worldcat.org/oclc/1240580653
1240581247,Strategy huddle :management lessons from sports /,"Dhayanithy, Deepak,","SAGE Publications,",2021,N/A,N/A, Management. Industrial Management,EBOOKS,https://libswu.on.worldcat.org/oclc/1240581247
1240713411,"Program evaluation and performance measurement :an introduction to practice / James C. McDavid, Irene Huse, Laura R.L. Hawthorn.","McDavid, James C.,; Huse, Irene,Hawthorn, Laura R. L.,","SAGE,",2019,N/A,N/A, Management. Industrial Management,EBOOKS,https://libswu.on.worldcat.org/oclc/1240713411
1243077874,"Logistics, Informatics and Service Sciences (LISS), 2015 International Conference on.",N/A,IEEE.,2015,N/A,N/A, Management. Industrial Management,EBOOKS,https://libswu.on.worldcat.org/oclc/1243077874
1244443118,2813-2020 - IEEE Standard for Big Data Business Security Risk Assessment.,N/A,"IEEE,",2021,N/A,N/A, Management. Industrial Management,EBOOKS,https://libswu.on.worldcat.org/oclc/1244443118
1244534895,"Fundamental elements of strategy :concepts, theories and cases /","Yu, Xiu-bao.","Springer,",2021,N/A,N/A, Management. Industrial Management,EBOOKS,https://libswu.on.worldcat.org/oclc/1244534895
1244535209,The impact of individual expertise and public information on group decision-making /,"Strunz, Ulrich G.","Springer Gabler,",2021,N/A,N/A, Management. Industrial Management,EBOOKS,https://libswu.on.worldcat.org/oclc/1244535209
1247647048,Organizational Network Analysis.,"Ujwary-Gil, Anna.",Routledge,2019,N/A,N/A, Management. Industrial Management,EBOOKS,https://libswu.on.worldcat.org/oclc/1247647048
1249473012,Accelerating Digitalization  :Chancen der Digitalisierung Erkennen und Nutzen.,"Proff, Harald.; Ahrens, Claudia.Neuroth, Wencke.Proff, Heike,Knobbe, Florian.Szybisty, Gregor.Sommer, Stefan,","Springer Fachmedien Wiesbaden GmbH,",2021,N/A,N/A, Management. Industrial Management,EBOOKS,https://libswu.on.worldcat.org/oclc/1249473012
1250576170,Bewertung von Eigentumswohnungen :Entscheidungsorientierte Bewertung aus Sicht privater Investoren /,"Walochnik, Stephan,",Springer Nature,2021,N/A,N/A, Management. Industrial Management,EBOOKS,https://libswu.on.worldcat.org/oclc/1250576170
1251442415,Using the ISO 56002 Innovation Management System :a Practical Guide for Implementation and Building a Culture of Innovation.,"Benraouane, Sid Ahmed.; Harrington, H. J.","Productivity Press,",2021,N/A,N/A, Management. Industrial Management,EBOOKS,https://libswu.on.worldcat.org/oclc/1251442415
1253403587,Global leadership perspectives  :insights and analysis /,"Western, Simon.; Garcia, Éric-Jean.","SAGE,",2018,N/A,N/A, Management. Industrial Management,EBOOKS,https://libswu.on.worldcat.org/oclc/1253403587
1253414725,Crisis communication and crisis management  :an ethical practice /,"St. John, Burton,; Pearson, Yvette E.","SAGE Publications,",2017,N/A,N/A, Management. Industrial Management,EBOOKS,https://libswu.on.worldcat.org/oclc/1253414725
1254059585,Operations Research Perspectives [electronic resource.].,N/A,Elsevier.,,N/A,N/A, Management. Industrial Management,EJOURNALS/EMAGAZINES,https://libswu.on.worldcat.org/oclc/1254059585
1254066530,Journal of management and governance [electronic resource.].,N/A,Kluwer.,,N/A,N/A, Management. Industrial Management,EJOURNALS/EMAGAZINES,https://libswu.on.worldcat.org/oclc/1254066530
1256560244,Wettbewerbsfähigkeit von Start-ups :erfolgreiche Düsseldorfer Unternehmen /,"Lutz, Eva,Süss, Stefan,","DUP, Düssseldorf University Press :De Gruyter,",2020,N/A,N/A, Management. Industrial Management,EBOOKS,https://libswu.on.worldcat.org/oclc/1256560244
1256560394,Integrierte Datenverarbeitungssysteme für die Unternehmensführung.,N/A,"De Gruyter :De Gruyter,",1972,N/A,N/A, Management. Industrial Management,EBOOKS,https://libswu.on.worldcat.org/oclc/1256560394
1256821465,Risk quantification and allocation methods for practitioners /,"Belles-Sampera, Jaume,; Guillen, Montserrat,Santolino, Miguel,","Atlantis Press :Amsterdam University Press,",2017,N/A,N/A, Management. Industrial Management,EBOOKS,https://libswu.on.worldcat.org/oclc/1256821465
1257796011,New business models for the reuse of secondary resources from WEEEs :the FENIX Project /,"Rosa, Paolo,Terzi, Sergio,","Springer,",2021,N/A,N/A, Management. Industrial Management,EBOOKS,https://libswu.on.worldcat.org/oclc/1257796011
1259111325,"2020 IEEE International Conference on Technology Management, Operations and Decisions (ICTMOD) :24-27 Nov. 2020.","IEEE International Conference on Technology Management, Operations and Decisions; Institute of Electrical and Electronics Engineers,","IEEE,",2020,N/A,N/A, Management. Industrial Management,EBOOKS,https://libswu.on.worldcat.org/oclc/1259111325
1259194604,Learning to change  :a guide for organization change agents /,"Caluwé, Léon de,; Vermaak, Hans.","SAGE,",2003,N/A,N/A, Management. Industrial Management,EBOOKS,https://libswu.on.worldcat.org/oclc/1259194604
1259223581,"2020 Research, Innovation, Knowledge Management and Technology Application for Business Sustainability (INBUSH) /","International Conference on Research, Innovation, Knowledge Management and Technology Application for Business Sustainability; Amity University,Institute of Electrical and Electronics Engineers.Institute of Electrical and Electronics Engineers,","IEEE,",2020,N/A,N/A, Management. Industrial Management,EBOOKS,https://libswu.on.worldcat.org/oclc/1259223581
1259247501,Social entrepreneurship in India :quarter idealism and a pound of pragmatism /,"Shukla, Madhukar,","SAGE Publications Pvt Ltd,",2020,N/A,N/A, Management. Industrial Management,EBOOKS,https://libswu.on.worldcat.org/oclc/1259247501
1259251119,"Service Science (ICSS), 2015 International Conference on /","Institute of Electrical and Electronics Engineers (IEEE),","Institute of Electrical and Electronics Engineers (IEEE),",2015,N/A,N/A, Management. Industrial Management,EBOOKS,https://libswu.on.worldcat.org/oclc/1259251119
1260167733,Reputation management and family business /,"Dacko-Pikiewicz, Zdzisława,","Routledge,",2022,N/A,N/A, Management. Industrial Management,EBOOKS,https://libswu.on.worldcat.org/oclc/1260167733
1260170751,Future advancements for CSR and the sustainable development goals in a post-COVID-19 world /,"Perez, Andrea,","Business Science Reference, an imprint of IGI Global,",2022,N/A,N/A, Management. Industrial Management,EBOOKS,https://libswu.on.worldcat.org/oclc/1260170751
1260690528,The politics of knowledge in inclusive development and innovation /,"Ludwig, DavidBoogaard, Birgit,Macnaghten, Phil,Leeuwis, Cees,","Routledge,",2022,N/A,N/A, Management. Industrial Management,EBOOKS,https://libswu.on.worldcat.org/oclc/1260690528
1261366265,Contemporary Issues in International Business and Entrepreneurship.,"Torkkeli, Lasse.","Cambridge Scholars Publisher,",2021,N/A,N/A, Management. Industrial Management,EBOOKS,https://libswu.on.worldcat.org/oclc/1261366265
1262382006,"Strategisch konsistente Gestaltung junger, wachstumsorientierter Industrieunternehmen /","Wittmann, Robert","Logos Verlag Berlin GmbH,",2019,N/A,N/A, Management. Industrial Management,EBOOKS,https://libswu.on.worldcat.org/oclc/1262382006
1262693254,"Stakeholder management and social responsibility :concepts, approaches and tools in the Covid context /","Nicolescu, Ovidiu,; Nicolescu, Ciprian,","Routledge, Taylor & Francis Group,",2022,N/A,N/A, Management. Industrial Management,EBOOKS,https://libswu.on.worldcat.org/oclc/1262693254
1264426047,The Indian boss at work:thinking global acting Indian /,"Correa, Steve,","Sage,",2021,N/A,N/A, Management. Industrial Management,EBOOKS,https://libswu.on.worldcat.org/oclc/1264426047
1264792596,Your life is your message :discovering the core of transformational leadership /,"Stanford-Blair, Nancy,; Gesner, Mark L.,","SAGE Publications, Inc.,",2019,N/A,N/A, Management. Industrial Management,EBOOKS,https://libswu.on.worldcat.org/oclc/1264792596
1264972252,Designing research questionnaires for business and management students /,"Ekinci, Yuksel","SAGE Publications Ltd,",2015,N/A,N/A, Management. Industrial Management,EBOOKS,https://libswu.on.worldcat.org/oclc/1264972252
1265298004,Risk management in crisis :winners and losers during the COVID-19 pandemic /,"Jedynak, Piotr,; Bąk, Sylwia,","Routledge,",2022,N/A,N/A, Management. Industrial Management,EBOOKS,https://libswu.on.worldcat.org/oclc/1265298004
1266199845,Responsible management education :the PRME global movement /,"Morsing, Mette,","Routledge,",2022,N/A,N/A, Management. Industrial Management,EBOOKS,https://libswu.on.worldcat.org/oclc/1266199845
1269408777,Corporate social responsibility and SMEs :impacts and institutional drivers /,"Graafland, J. J.,","Routledge,",2022,N/A,N/A, Management. Industrial Management,EBOOKS,https://libswu.on.worldcat.org/oclc/1269408777
1273727992,Information and knowledge organisation in digital humanities :global perspectives /,"Golub, Koraljka,Liu, Ying-Hsang,Golub, KoraljkaLiu, Ying-Hsang","Routledge,",2021,N/A,N/A, Management. Industrial Management,EBOOKS,https://libswu.on.worldcat.org/oclc/1273727992
1280415791,Employee engagement in corporate social responsibility /,"Haski-Leventhal, Debbie,Roza, Lonneke,Brammer, Steve,","Sage Publications Ltd,",2020,N/A,N/A, Management. Industrial Management,EBOOKS,https://libswu.on.worldcat.org/oclc/1280415791
1284939254,Cleaner logistics and supply chain.,N/A,"Elsevier B.V.,",2021,N/A,2772-3909, Management. Industrial Management,EJOURNALS/EMAGAZINES,https://libswu.on.worldcat.org/oclc/1284939254
1285121389,"Contemporary research on business and management :proceedings of the International Seminar of Contemporary Research on Business and Management (ISCRBM 2020), 25-27 November, 2020, Surabaya, Indonesia /","International Seminar of Contemporary Research on Business and Management; Noviaristanti, Siska,","CRC Press,",2022,N/A,N/A, Management. Industrial Management,EBOOKS,https://libswu.on.worldcat.org/oclc/1285121389
1287129144,Corporate Social Responsibility and SMEs :Impacts and Institutional Drivers.,"Graafland, Johan J.","Taylor & Francis Group,",2022,N/A,N/A, Management. Industrial Management,EBOOKS,https://libswu.on.worldcat.org/oclc/1287129144
1287925955,Towards resilient organizations and societies :a cross-sectoral and multi-disciplinary perspective /,"Pinheiro, Rómulo,Frigotto, Maria Laura,Young, Mitchell,","Palgrave Macmillan,",2022,N/A,N/A, Management. Industrial Management,EBOOKS,https://libswu.on.worldcat.org/oclc/1287925955
1288421095,Organizing for sustainable development :addressing the grand challenges /,"Angeli, Federica,; Metz, Ashley,Raab, Jörg,","Routledge,",2022,N/A,N/A, Management. Industrial Management,EBOOKS,https://libswu.on.worldcat.org/oclc/1288421095
1288654818,Organization: A Guide to Problems and Practice.,John Child.,SAGE Publications,1984,N/A,N/A, Management. Industrial Management,EBOOKS,https://libswu.on.worldcat.org/oclc/1288654818
1289307691,"Dynamics in logistics :twenty-five years of interdisciplinary logistics research in Bremen, Germany /","Freitag, Michael,Kotzab, Herbert,Megow, Nicole,","Springer,",2021,N/A,N/A, Management. Industrial Management,EBOOKS,https://libswu.on.worldcat.org/oclc/1289307691
1289366758,Zero distance :management in the quantum age /,"Zohar, Danah,","Palgrave Macmillan,",2022,N/A,N/A, Management. Industrial Management,EBOOKS,https://libswu.on.worldcat.org/oclc/1289366758
1289372889,A guide to sustainable corporate responsibility :from theory to action /,"Ditlev-Simonsen, Caroline D.,","Palgrave Macmillan,",2022,N/A,N/A, Management. Industrial Management,EBOOKS,https://libswu.on.worldcat.org/oclc/1289372889
1289747786,The portable MBA in project management  /,"Verzuh, Eric.; NetLibrary, Inc.","Wiley,",2003,N/A,N/A, Management. Industrial Management,EBOOKS,https://libswu.on.worldcat.org/oclc/1289747786
1289808060,Public relations theory /,"Travis, Eryn,; Lordan, Edward J.,","SAGE Publications, Inc,",2021,N/A,N/A, Management. Industrial Management,EBOOKS,https://libswu.on.worldcat.org/oclc/1289808060
1289839763,Purchasing and supply chain management /,"Benton, W. C.,","SAGE Publications, Inc.,",2021,N/A,N/A, Management. Industrial Management,EBOOKS,https://libswu.on.worldcat.org/oclc/1289839763
1290051848,"Business resumption planning, second supplement /","Desman, Mark B.,Devlin, Edward S.,Emerson, Cole,Wrobel, Leo A.; Taylor & Francis.","Auerbach Publications, an imprint of Taylor and Francis,",1999,N/A,N/A, Management. Industrial Management,EBOOKS,https://libswu.on.worldcat.org/oclc/1290051848
1290070620,The strategic project office /,"Crawford, J. Kent; Cabanis-Brewin, Jeannette.","Taylor & Francis,",2011,N/A,N/A, Management. Industrial Management,EBOOKS,https://libswu.on.worldcat.org/oclc/1290070620
1290086698,Changing behaviour at work :a practical guide /,"Makin, Peter J.,; Cox, Charles.","Routledge,",2004,N/A,N/A, Management. Industrial Management,EBOOKS,https://libswu.on.worldcat.org/oclc/1290086698
1290485976,Leadership for Organizations.,"Waldman, David.; O′Reilly, Charles A.","SAGE Publications,",2018,N/A,N/A, Management. Industrial Management,EBOOKS,https://libswu.on.worldcat.org/oclc/1290485976
1291315557,Agiles Lernen Im Unternehmen.,"Longmuß, Jörg,Korge, Gabriele,Bauer, Agnes,Höhne, Benjamin,","Springer Berlin / Heidelberg,",2020,N/A,N/A, Management. Industrial Management,EBOOKS,https://libswu.on.worldcat.org/oclc/1291315557
1291712456,"A practical guide to strategy :making strategic thinking, development and implementation accessible /","Havenga, Jan,; Hobbs, Ilse,","Sun Press,",2004,N/A,N/A, Management. Industrial Management,EBOOKS,https://libswu.on.worldcat.org/oclc/1291712456
1291712565,Strategic management support technologies in the public sector :report on the use of electronic back-office technologies to improve capacity building for good governance outcomes in the public sector /,"Cloete, Fanie,","Sun eMedia,",2003,N/A,N/A, Management. Industrial Management,EBOOKS,https://libswu.on.worldcat.org/oclc/1291712565
1291713450,Strukturelle Anpassung altindustrieller Regionen im internationalen Vergleich /,"Hamm, Rüdiger.; Wienert, Helmut.","Duncker & Humblot,",1990,N/A,N/A, Management. Industrial Management,EBOOKS,https://libswu.on.worldcat.org/oclc/1291713450
1293449287,The value & purpose of management education :looking back and thinking forward in global focus /,"Thomas, Howard,Cornuel, Eric,Wood, Matthew,","Routledge, Taylor & Francis Group,",2022,N/A,N/A, Management. Industrial Management,EBOOKS,https://libswu.on.worldcat.org/oclc/1293449287
1293649118,FRONT-END OF LARGE PUBLIC PROJECTS  :paradoxes and ways ahead.,N/A,"ROUTLEDGE,",2022,N/A,N/A, Management. Industrial Management,EBOOKS,https://libswu.on.worldcat.org/oclc/1293649118
1294114618,Meeting the challenges of data quality management  /,"Sebastian-Coleman, Laura","Academic Press,",2022,N/A,N/A, Management. Industrial Management,EBOOKS,https://libswu.on.worldcat.org/oclc/1294114618
1295487345,Getting started in consulting  /,"Weiss, Alan,; NetLibrary, Inc.","J. Wiley,",2004,N/A,N/A, Management. Industrial Management,EBOOKS,https://libswu.on.worldcat.org/oclc/1295487345
1295594288,"Service-oriented architecture :SOA strategy, methodology, and technology /","Lawler, James P.,; Howell-Barber, H.","Auerbach Publications,",2008,N/A,N/A, Management. Industrial Management,EBOOKS,https://libswu.on.worldcat.org/oclc/1295594288
1295602076,Effective communications for project management /,"Kliem, Ralph L.,","Auerbach Publications,",2008,N/A,N/A, Management. Industrial Management,EBOOKS,https://libswu.on.worldcat.org/oclc/1295602076
1295602534,NEW HORIZONS IN STANDARDIZED WORK :techniques for manufacturing and business process improvement.,"MARTIN, TIMOTHY D.","CRC Press,",2017,N/A,N/A, Management. Industrial Management,EBOOKS,https://libswu.on.worldcat.org/oclc/1295602534
1295603042,"The effective CIO :how to achieve outstanding success through strategic alignment, financial management, and IT governance /","Brown, Eric J.,; Yarberry, William.","CRC Press,",2009,N/A,N/A, Management. Industrial Management,EBOOKS,https://libswu.on.worldcat.org/oclc/1295603042
1295608609,Project management recipes for success /,"DeFuria, Guy L.,","Auerbach Publications,",2009,N/A,N/A, Management. Industrial Management,EBOOKS,https://libswu.on.worldcat.org/oclc/1295608609
1295977172,Improving teamwork in organizations :applications of resource management training /,"Bowers, Clint A.Edens, Eleana.Salas, Eduardo.","Lawrence Erlbaum Associates,",2001,N/A,N/A, Management. Industrial Management,EBOOKS,https://libswu.on.worldcat.org/oclc/1295977172
1299317636,2021 60th IEEE Conference on Decision and Control (CDC) :14-17 Dec. 2021.,"IEEE Conference on Decision & Control; IEEE Control Systems Society,Institute of Electrical and Electronics Engineers,","IEEE,",2021,N/A,N/A, Management. Industrial Management,EBOOKS,https://libswu.on.worldcat.org/oclc/1299317636
1300451051,Using technology to transform the value chain /,"Kuglin, Fred A.,; Hood, Ray V.","CRC Press,",2009,N/A,N/A, Management. Industrial Management,EBOOKS,https://libswu.on.worldcat.org/oclc/1300451051
1300687288,Closed-loop supply chains :new developments to improve the sustainability of business practices /,"Ferguson, Mark,Souza, Gilvan C.","Auerbach Publications,",2010,N/A,N/A, Management. Industrial Management,EBOOKS,https://libswu.on.worldcat.org/oclc/1300687288
1300747511,Making sense of work through collaborative storytelling :building narratives in organisational change /,"Cleland Silva, Tricia,; Fonseca Silva, Paulo de Tarso,","Palgrave Macmillan,",2021,N/A,N/A, Management. Industrial Management,EBOOKS,https://libswu.on.worldcat.org/oclc/1300747511
1300747926,Digital towns :accelerating and measuring the digital transformation of rural societies and economies /,"Lynn, Theo,; Rosati, Pierangelo,Conway, Edel,Curran, Declan,Fox, Grace,O'Gorman, Colm,","Palgrave Macmillan,",2022,N/A,N/A, Management. Industrial Management,EBOOKS,https://libswu.on.worldcat.org/oclc/1300747926
1303088280,Organizing for Sustainable Development :Addressing the Grand Challenges.,"Angeli, Federica.; Metz, Ashley.Raab, Jörg.","Taylor & Francis Group,",2022,N/A,N/A, Management. Industrial Management,EBOOKS,https://libswu.on.worldcat.org/oclc/1303088280
1303291590,Organizational crisis management :the human factor /,"Lewis, Gerald W.,","Auerbach Publications,",2006,N/A,N/A, Management. Industrial Management,EBOOKS,https://libswu.on.worldcat.org/oclc/1303291590
1303411077,Studying management critically  /,"Alvesson, Mats,Willmott, Hugh.","SAGE,",2003,N/A,N/A, Management. Industrial Management,EBOOKS,https://libswu.on.worldcat.org/oclc/1303411077
1304242802,BUSINESS OPPORTUNITIES.,"TUGGLE, FRANCIS D. (DOUG). BERL, CHAD T.. BERL, SETH J.","CAMBRIDGE SCHOLARS PUBLIS,",2022,N/A,N/A, Management. Industrial Management,EBOOKS,https://libswu.on.worldcat.org/oclc/1304242802
1304261959,The impact challenge :reframing sustainability for businesses /,"Falsarone, Alessia,","CRC Press,",2022,N/A,N/A, Management. Industrial Management,EBOOKS,https://libswu.on.worldcat.org/oclc/1304261959
1304832428,The front-end of large public projects :paradoxes and ways ahead /,"Williams, Terry M.,Samset, Knut,Volden, Gro Holst,","Routledge, Taylor & Francis Group,",2022,N/A,N/A, Management. Industrial Management,EBOOKS,https://libswu.on.worldcat.org/oclc/1304832428
1306082263,Karma sutras :leadership and wisdom in uncertain times /,"Chatterjee, Debashis,","SAGE Publications Pvt. Ltd,",2021,N/A,N/A, Management. Industrial Management,EBOOKS,https://libswu.on.worldcat.org/oclc/1306082263
1309467466,The changing face of Japanese management /,"Jackson, Keith,; Tomioka, Miyuki.; ProQuest (Firm)","Routledge,",2003,N/A,N/A, Management. Industrial Management,EBOOKS,https://libswu.on.worldcat.org/oclc/1309467466
1310452600,Microsoft Projectcovering Project Online Desktop Client /,"Lewis, Cindy M.","Microsoft Press,",2022,N/A,N/A, Management. Industrial Management,EBOOKS,https://libswu.on.worldcat.org/oclc/1310452600
1314339268,Corporate social responsibility /,"Orlando, Beatrice,","IntechOpen,",2022,N/A,N/A, Management. Industrial Management,EBOOKS,https://libswu.on.worldcat.org/oclc/1314339268
1315332926,The fast forward MBA pocket reference  /,"Argenti, Paul A.,; NetLibrary, Inc.","J. Wiley,",2002,N/A,N/A, Management. Industrial Management,EBOOKS,https://libswu.on.worldcat.org/oclc/1315332926
1315825154,Management theory :a critical and reflexive reading /,"Monin, Nanette.,","Routledge,",2004,N/A,N/A, Management. Industrial Management,EBOOKS,https://libswu.on.worldcat.org/oclc/1315825154
1315852845,Determining project requirements /,"Jonasson, Hans.,","Auerbach Publications,",2008,N/A,N/A, Management. Industrial Management,EBOOKS,https://libswu.on.worldcat.org/oclc/1315852845
1315896873,International business and information technology :interaction and transformation in the global economy /,"Samii, Massood.Karush, Gerald.","Routledge,",2004,N/A,N/A, Management. Industrial Management,EBOOKS,https://libswu.on.worldcat.org/oclc/1315896873
1315949892,The efficient enterprise :increased corporate success with industry-specific information technology and knowledge management /,"Schimitzek, Peter.,","St. Lucie Press,",2004,N/A,N/A, Management. Industrial Management,EBOOKS,https://libswu.on.worldcat.org/oclc/1315949892
1316108327,Job design and technology  :Taylorism vs. anti-Taylorism /,"Pruijt, Hans D.","Routledge,",1997,N/A,N/A, Management. Industrial Management,EBOOKS,https://libswu.on.worldcat.org/oclc/1316108327
1316345972,UML for developing knowledge management systems /,"Rhem, Anthony J.,","Auerbach,",2006,N/A,N/A, Management. Industrial Management,EBOOKS,https://libswu.on.worldcat.org/oclc/1316345972
1316425200,"Reconfiguring public relations :ecology, equity, and enterprise /","McKie, David,; Munshi, Debashish.","Routledge,",2007,N/A,N/A, Management. Industrial Management,EBOOKS,https://libswu.on.worldcat.org/oclc/1316425200
1316589935,HRD and learning organisations in Europe /,"Tjepkema, Saskia,","Routledge,",2002,N/A,N/A, Management. Industrial Management,EBOOKS,https://libswu.on.worldcat.org/oclc/1316589935
1316636793,"Complexity, organizations and change /","McMillan, Elizabeth M.,","Routledge,",2004,N/A,N/A, Management. Industrial Management,EBOOKS,https://libswu.on.worldcat.org/oclc/1316636793
1317711206,De l'expertise scientifique au risque ňgocǐ  :Le cas du risque en montagne /,"Decrop, Geneviève.","Irstea,",1997,N/A,N/A, Management. Industrial Management,EBOOKS,https://libswu.on.worldcat.org/oclc/1317711206
1319215966,How megaprojects are damaging Nigeria and How to fix it :a practical guide to mastering very large government projects /,"Ibrahim, Jimoh.; Loch, C.Sengupta, Kishore.","Palgrave Macmillan,",2022,N/A,N/A, Management. Industrial Management,EBOOKS,https://libswu.on.worldcat.org/oclc/1319215966
1321824693,Sustainable Manufacturing and Service Economics.,N/A,"Elsevier B.V.,",2022,N/A,2667-3444, Management. Industrial Management,EJOURNALS/EMAGAZINES,https://libswu.on.worldcat.org/oclc/1321824693
1322069312,Organization management - dynamic creative team coordination /,"Georgiades, Stavros,","Springer Gabler,",2022,N/A,N/A, Management. Industrial Management,EBOOKS,https://libswu.on.worldcat.org/oclc/1322069312
1322446231,Współczesne problemy zarządzania :teoria i praktyka /,"Glinkowska, Beata,; Kaczmarek, Bogusław,Chebotarev, Viacheslav,","Wydawnictwo Uniwersytetu Łódzkiego,",2020,N/A,N/A, Management. Industrial Management,EBOOKS,https://libswu.on.worldcat.org/oclc/1322446231
1322446666,Zarządzanie strategiczne w dobie cyfrowej gospodarki sieciowej /,"Gregorczyk, Sylwester,Urbanek, Grzegorz,","Wydawnictwo Uniwersytetu Łódzkiego,",2020,N/A,N/A, Management. Industrial Management,EBOOKS,https://libswu.on.worldcat.org/oclc/1322446666
1322837508,The socially responsible organization :lessons from COVID /,"Mitroff, Ian I.","Springer,",2022,N/A,N/A, Management. Industrial Management,EBOOKS,https://libswu.on.worldcat.org/oclc/1322837508
1324616865,Going Digital /,"Jones, Lyndsey,; Singh Powar, Balvinder,","FT Publishing International,",2021,N/A,N/A, Management. Industrial Management,EBOOKS,https://libswu.on.worldcat.org/oclc/1324616865
1327856769,Emergency management science and technology.,N/A,"Maximum Academic Press,",2021,N/A,2832-448X, Management. Industrial Management,EJOURNALS/EMAGAZINES,https://libswu.on.worldcat.org/oclc/1327856769
1328604477,Managing buyer-supplier relations :the winning edge through specification management /,"Nellore, Rajesh,","Routledge,",2001,N/A,N/A, Management. Industrial Management,EBOOKS,https://libswu.on.worldcat.org/oclc/1328604477
1330994514,Improving service quality in the global economy :achieving high performance in public and private sectors /,"Milakovich, Michael E.","Auerbach Publications,",2005,N/A,N/A, Management. Industrial Management,EBOOKS,https://libswu.on.worldcat.org/oclc/1330994514
1331021262,This generation leads :the latest leadership ideas from South Africa /,"Kuzwayo, Muzi,Teke, Mike,","UJ Press under the Hoopoe Press imprint,",2022,N/A,N/A, Management. Industrial Management,EBOOKS,https://libswu.on.worldcat.org/oclc/1331021262
1331423991,"Business resumption planning, second edition  /","Devlin, Edward S.Wrobel, Leo A.","CRC Press,",2009,N/A,N/A, Management. Industrial Management,EBOOKS,https://libswu.on.worldcat.org/oclc/1331423991
1331562348,Digital transformation in Norwegian Enterprises /,"Mikalef, Patrick,Parmiggiani, Elena,","Springer,",2022,N/A,N/A, Management. Industrial Management,EBOOKS,https://libswu.on.worldcat.org/oclc/1331562348
1333931172,"Entrepreneurial responses to chronic adversity :the bright, the dark, and the in between /","Shepherd, Dean A.,; Parida, Vinit,Wincent, Joakim,","Palgrave Macmillan,",2022,N/A,N/A, Management. Industrial Management,EBOOKS,https://libswu.on.worldcat.org/oclc/1333931172
1333952206,Responsible procurement :leading the way to a sustainable tomorrow /,"Aichbauer, Stefan,; Buchhauser, Martina,Erben, Agnes,Steinert, Sven,Tietze, Detlef,Wiking, Emilia,","Springer,",2022,N/A,N/A, Management. Industrial Management,EBOOKS,https://libswu.on.worldcat.org/oclc/1333952206
1335125286,The enactment of strategic leadership :a critical perspective /,"Tipurić, Darko,","Palgrave Macmillan,",2022,N/A,N/A, Management. Industrial Management,EBOOKS,https://libswu.on.worldcat.org/oclc/1335125286
1335127474,"The institutional compass :method, use and scope /","Friend, Michèle,","Springer,",2022,N/A,N/A, Management. Industrial Management,EBOOKS,https://libswu.on.worldcat.org/oclc/1335127474
1337070171,Improv to Improve Healthcare  :A System for Creative Problem-Solving.,"Campbell, Candy.","Business Expert Press,",2021,N/A,N/A, Management. Industrial Management,EBOOKS,https://libswu.on.worldcat.org/oclc/1337070171
1337159461,"Reimagining sustainable organization :perspectives on arts, design, leadership, knowledge and project management /","Jevnaker, Birgit H.,; Olaisen, Johan Leif,","Palgrave Macmillan,",2022,N/A,N/A, Management. Industrial Management,EBOOKS,https://libswu.on.worldcat.org/oclc/1337159461
1337589898,Accounting challenges for sustainability and innovations /,"Remlein, Marzena,","Poznań University of Economics and Business,",2021,N/A,N/A, Management. Industrial Management,EBOOKS,https://libswu.on.worldcat.org/oclc/1337589898
1337855377,Ressourceneffizienz und Nachhaltigkeit :Sechs Planspiele für die betriebliche Weiterbildung /,"Anstätt, Kerstin,Bertagnolli, Frank,Schmidt, Mario,","Springer Gabler,",2022,N/A,N/A, Management. Industrial Management,EBOOKS,https://libswu.on.worldcat.org/oclc/1337855377
1338020625,Programming Creativity :Semantics and Organisation of Creativity Within IT Enterprises /,"Zipp, Jan Sebastian,","Transcript Verlag,",2022,N/A,N/A, Management. Industrial Management,EBOOKS,https://libswu.on.worldcat.org/oclc/1338020625
1339667150,Standard for enterprise project management.,"ZAMBRUSKI, MICHAEL S.","CRC Press,",2018,N/A,N/A, Management. Industrial Management,EBOOKS,https://libswu.on.worldcat.org/oclc/1339667150
1340100166,Logistical excellence :it's not business as usual /,"Bowersox, Donald J.","Digital Press,",1992,N/A,N/A, Management. Industrial Management,EBOOKS,https://libswu.on.worldcat.org/oclc/1340100166
1340658068,"Contemporary research on management and business :proceedings of the International Seminar of Contemporary Research on Business and Management (ISCRBM 2021), 18 December 2021, Jakarta, Indonesia /","International Seminar of Contemporary Research on Business and Management; Noviaristanti, Siska,","CRC Press,",2022,N/A,N/A, Management. Industrial Management,EBOOKS,https://libswu.on.worldcat.org/oclc/1340658068
1341210707,The role of business in global sustainability transformations /,"D'Amato, Dalia,Toppinen, Anne,Kozak, Robert A.,","Routledge, Taylot & Francis Group,",2023,N/A,N/A, Management. Industrial Management,EBOOKS,https://libswu.on.worldcat.org/oclc/1341210707
1344160295,Risk management maturity :a multidimensional model /,"Bąk, Sylwia,; Jedynak, Piotr,","Routledge,",2023,N/A,N/A, Management. Industrial Management,EBOOKS,https://libswu.on.worldcat.org/oclc/1344160295
1344511207,Corporate diplomacy :how multinational corporations gain organizational legitimacy : a neo-institutional public relations perspective /,"Marschlich, Sarah,","Springer VS,",2022,N/A,N/A, Management. Industrial Management,EBOOKS,https://libswu.on.worldcat.org/oclc/1344511207
1346260771,"Die Bedeutung gesellschaftlicher Veränderungen für die Willensbildung im Unternehmen :Verhandlungen auf d. Arbeitstagung d. Vereins für Socialpolitik, Ges. für Wirtschafts- u. Sozialwiss. in Aachen 1975.","Verein für Socialpolitik.; Albach, Horst.Sadowski, Dieter.","Duncker und Humblot,",1976,N/A,N/A, Management. Industrial Management,EBOOKS,https://libswu.on.worldcat.org/oclc/1346260771
1346261395,Gamification for innovators and entrepreneurs :using games to drive innovation and facilitate learning /,"Henning, Breuer,; Bessant, J. R.,Gudiksen, Sune,","De Gruyter,",2022,N/A,N/A, Management. Industrial Management,EBOOKS,https://libswu.on.worldcat.org/oclc/1346261395
1346820741,Canadian manager =Manager canadien.,Canadian Institute of Management.,"Canadian Institute of Management,",1970,N/A,0045-5156, Management. Industrial Management,EJOURNALS/EMAGAZINES,https://libswu.on.worldcat.org/oclc/1346820741
1348996251,Digital transformation :towards new frontiers and business opportunities /,"Petrillo, Antonella,De Felice, Fabio,Achim, Monica Violeta,Mirza, Nawazish,","IntechOpen,",2022,N/A,N/A, Management. Industrial Management,EBOOKS,https://libswu.on.worldcat.org/oclc/1348996251
1349279055,Destructive leadership in the workplace and its consequences :translating theory and research into evidence-based practice /,"Webster, Vicki,; Brough, Paula,","SAGE Publications, Limited,",2022,N/A,N/A, Management. Industrial Management,EBOOKS,https://libswu.on.worldcat.org/oclc/1349279055
1349351784,Studien zum Marktsozialismus /,"Verein für Socialpolitik.; Gutmann, Gernot.Watrin, Christian.","Duncker & Humblot,",1976,N/A,N/A, Management. Industrial Management,EBOOKS,https://libswu.on.worldcat.org/oclc/1349351784
1350588123,2022 23rd Asia-Pacific Network Operations and Management Symposium (APNOMS).,N/A,IEEE.,2022,N/A,N/A, Management. Industrial Management,EBOOKS,https://libswu.on.worldcat.org/oclc/1350588123
1350688408,Changing the dynamics and impact of innovation management  :a systems approach and the ISO standard /,"Hyland, Joanne,Karlsson, Magnus.Kihlander, Ingrid,Bessant, John.Magnusson, Mats.Kristiansen, Jimmi.","World Scientific Publishing Company,",2022,N/A,N/A, Management. Industrial Management,EBOOKS,https://libswu.on.worldcat.org/oclc/1350688408
1350966481,Unlocking IP-backed financing :country perspectives : Singapore's journey.,"World Intellectual Property Organization,Intellectual Property Office of Singapore,","World Intellectual Property Organization :Intellectual Property Office of Singapore,",2021,N/A,N/A, Management. Industrial Management,EBOOKS,https://libswu.on.worldcat.org/oclc/1350966481
1351934525,Management and visualisation :seeing beyond the strategic /,"Fletcher, Gordon,","Routledge,",2023,N/A,N/A, Management. Industrial Management,EBOOKS,https://libswu.on.worldcat.org/oclc/1351934525
1354008790,2022 IEEE 4th PhD Colloquium on Emerging Domain Innovation and Technology for Society (PhD EDITS) :4-5 Nov. 2022.,"IEEE PhD Colloquium on Ethically Driven Innovation and Technology for Society; PES University,Institute of Electrical and Electronics Engineers,","IEEE,",2022,N/A,N/A, Management. Industrial Management,EBOOKS,https://libswu.on.worldcat.org/oclc/1354008790
1356579291,Wertschöpfung hybrid gestalten :Geschäftsmodellentwicklung und Arbeitsgestaltung in der Digitalisierung.,"Springer Nature,","Springer Berlin Heidelberg :Imprint: Springer Vieweg,",2023,N/A,N/A, Management. Industrial Management,EBOOKS,https://libswu.on.worldcat.org/oclc/1356579291
1356579345,"Human Flourishing  :A Multidisciplinary Perspective on Neuroscience, Health, Organizations and Arts /","Las Heras, Mireia.; Las Heras, Mireia.Grau Grau, Marc.Rofcanin, Yasin.",Springer Nature,2023,N/A,N/A, Management. Industrial Management,EBOOKS,https://libswu.on.worldcat.org/oclc/1356579345
1356891107,Resilienz :Leben - Räume - Technik /,"Wittpahl, Volker,","Springer Vieweg,",2023,N/A,N/A, Management. Industrial Management,EBOOKS,https://libswu.on.worldcat.org/oclc/1356891107
1356977411,Total logistic management :logistyka i łańcuchy dostaw 4.0 /,"Bielecki, Maciej,","Wydawnictwo Uniwersytetu Lódzkiego,",2022,N/A,N/A, Management. Industrial Management,EBOOKS,https://libswu.on.worldcat.org/oclc/1356977411
1356978730,Academic entrepreneurship in theory and practice /,"Nowak-Mizgalska, Hanna,; Szulczewska-Remi, Aleksandra,","Poznań University of Economics and Business,",2022,N/A,N/A, Management. Industrial Management,EBOOKS,https://libswu.on.worldcat.org/oclc/1356978730
1360430236,Infrastruktura magazynowa i transportowa w dobie zrównoważonego rozwoju gospodarki /,"Motowidlak, Urszula,; Tokarski, Daniel,","Wydawnictwo Uniwersytetu Łódzkiego,",2022,N/A,N/A, Management. Industrial Management,EBOOKS,https://libswu.on.worldcat.org/oclc/1360430236
1363841836,A practical introduction to mixed methods for business and management /,"Bazeley, Patricia,","SAGE Publications Ltd,",2019,N/A,N/A, Management. Industrial Management,EBOOKS,https://libswu.on.worldcat.org/oclc/1363841836
1365390908,Global Emerging Innovation Summit (GEIS-2021) /,"Buddhi, Dharam,Singh, Rajesh,Gehlot, Anita,","Bentham Science Publishers,",2021,N/A,N/A, Management. Industrial Management,EBOOKS,https://libswu.on.worldcat.org/oclc/1365390908
1366175715,Supply chain analytics,N/A,Elsevier Ltd.,2023,N/A,2949-8635, Management. Industrial Management,EJOURNALS/EMAGAZINES,https://libswu.on.worldcat.org/oclc/1366175715
1371137846,Global mindset and international business :driving process outsourcing organizations.,"Kossowska, Magdalena.; Rosiński, Jerzy.","Routledge,",2023,N/A,N/A, Management. Industrial Management,EBOOKS,https://libswu.on.worldcat.org/oclc/1371137846
1371330237,Business transitions :a path to sustainability : the CapSEM model /,"Fet, Annik Magerholm,","Springer,",2023,N/A,N/A, Management. Industrial Management,EBOOKS,https://libswu.on.worldcat.org/oclc/1371330237
1371573828,Wissenskrisen - Krisenwissen :Zum Umgang mit Krisenzuständen in und durch Wissenschaft und Technik /,"Ahner, Helen,Bolz, Manuel,Engelschalt, Julia,Engelschalt, Julia,Fenske, Reiner,Griessl, Lukas,Hall, Kevin,Hammer, Annika,Kather, Franz,Lemberg, Jason,Lemberg, Jason,Maibaum, Arne,Maibaum, Arne,Muhr, Paula,Raupach, Hajo,Rindlisbacher, Stefan,Rothenhäusler, Andie,Rothenhäusler, Andie,Scheuermann, Klaus,Stock, Robert,Studený, Luboš,Werchohlad, Mats,Wiegand, Meike,Wiegand, Meike,Wischner, Johanna,; Universität Bielefeld,","transcript Verlag,",2023,N/A,N/A, Management. Industrial Management,EBOOKS,https://libswu.on.worldcat.org/oclc/1371573828
1372138887,Untapped leadership :harnessing the power of underrepresented leaders /,"Vazquez-Newsum, Jenny,","Prometheus,",2023,N/A,N/A, Management. Industrial Management,EBOOKS,https://libswu.on.worldcat.org/oclc/1372138887
1372396082,Connecting the dots.,"Belova, Arina.; Pospíšilová, Tereza.Stašáková, Tereza.Osička, Jan.","Masaryk University,",2023,N/A,N/A, Management. Industrial Management,EBOOKS,https://libswu.on.worldcat.org/oclc/1372396082
1373081424,Real-life decision making /,"Danielson, Mats; Ekenberg, Love,","CRC Press,",2024,N/A,N/A, Management. Industrial Management,EBOOKS,https://libswu.on.worldcat.org/oclc/1373081424
1373105813,Modeling and benchmarking supply chain leadership :setting the conditions for excellence /,"Walden, Joseph L.,","CRC Press,",2009,N/A,N/A, Management. Industrial Management,EBOOKS,https://libswu.on.worldcat.org/oclc/1373105813
1373335727,BUSINESS GROUPS AND THE THAILAND ECONOMY  :escaping the middle-income trap.,"Wailerdsak, Natenapha.","ROUTLEDGE,",2023,N/A,N/A, Management. Industrial Management,EBOOKS,https://libswu.on.worldcat.org/oclc/1373335727
1374135732,Strategy in the digital age :mastering digital transformation /,"Lenox, Michael,","Stanford Business Books, an imprint of Stanford University Press,",2023,N/A,N/A, Management. Industrial Management,EBOOKS,https://libswu.on.worldcat.org/oclc/1374135732
1374584251,Branża TSL wobec wyzwań zrównoważonego rozwoju :wybrane aspekty /,"Kozar, Łukasz,Matuszewska-Kubicz, Agata,","Wydawnictwo Uniwersytetu Łódzkiego,",2022,N/A,N/A, Management. Industrial Management,EBOOKS,https://libswu.on.worldcat.org/oclc/1374584251
1374584876,Gestión de servicios de tecnología de la información en un entorno de educación /,"Suárez, Marjorie Alexandra Coronel,","Editorial Tecnocientífica Americana,",2022,N/A,N/A, Management. Industrial Management,EBOOKS,https://libswu.on.worldcat.org/oclc/1374584876
1375296787,All in :how great leaders build unstoppable teams /,"Michalowicz, Mike,","Portfolio/Penguin,",2024,N/A,N/A, Management. Industrial Management,EBOOKS,https://libswu.on.worldcat.org/oclc/1375296787
1376232901,"Design thinking and innovation metrics :powerful tools to manage creativity, OKRs, product, and business success /","Lewrick, Michael,","John Wiley & Sons,",2023,N/A,N/A, Management. Industrial Management,EBOOKS,https://libswu.on.worldcat.org/oclc/1376232901
1377283527,Higher Education Institutions and Digital TransformationBuilding University-Enterprise Collaborative Relationships /,"Lis, Marcin","Taylor and Francis,",2023,N/A,N/A, Management. Industrial Management,EBOOKS,https://libswu.on.worldcat.org/oclc/1377283527
1377820781,2023 International Conference on Cyber Management and Engineering (CyMaEn) :26-27 Jan. 2023.,"International Conference on Cyber Management and Engineering; Institute of Electrical and Electronics Engineers,","IEEE,",2023,N/A,N/A, Management. Industrial Management,EBOOKS,https://libswu.on.worldcat.org/oclc/1377820781
1377822627,"Software Engineering and Service Science (ICSESS), 2014 5th IEEE International Conference on /","Institute of Electrical and Electronics Engineers,","IEEE,",2014,N/A,N/A, Management. Industrial Management,EBOOKS,https://libswu.on.worldcat.org/oclc/1377822627
1377825172,2022 IEEE Technology & Engineering Management Conference - Asia Pacific (TEMSCON-ASPAC) /,"Institute of Electrical and Electronics Engineers,","IEEE,",2022,N/A,N/A, Management. Industrial Management,EBOOKS,https://libswu.on.worldcat.org/oclc/1377825172
1378023496,Journal of management scientific reports.,"Southern Management Association,","SAGE,",2023,N/A,2755-0311, Management. Industrial Management,EJOURNALS/EMAGAZINES,https://libswu.on.worldcat.org/oclc/1378023496
1378622533,"Maintenance management :current challenges, new developments, and future directions /","Lambert-Torres, Germano,Bonaldi, Erik,Ely Oliveira, Levy,","IntechOpen,",2023,N/A,N/A, Management. Industrial Management,EBOOKS,https://libswu.on.worldcat.org/oclc/1378622533
1378723218,"Democratizing risk governance :bridging science, expertise, deliberation and public values /","Gattinger, Monica,","Palgrave Macmillan,",2023,N/A,N/A, Management. Industrial Management,EBOOKS,https://libswu.on.worldcat.org/oclc/1378723218
1378759512,Social entrepreneurship review.,N/A,"Cracow University of Economics, Małopolska School of Public Administration, Collegium of Economy and Public Administration,",2021,N/A,2720-7277, Management. Industrial Management,EJOURNALS/EMAGAZINES,https://libswu.on.worldcat.org/oclc/1378759512
1378793544,Transdisciplinarity in financial communication :writing for target readers /,"Whitehouse, Marlies,","Palgrave Macmillan,",2023,N/A,N/A, Management. Industrial Management,EBOOKS,https://libswu.on.worldcat.org/oclc/1378793544
1379018322,Multi-criteria decision-making sorting methods  :applications to real-world problems /,"Martínez, Luis,; Ishizaka, Alessio,Alvarez-Carrillo, Pavel A.,Qin, Jindong,","Academic Press,",2022,N/A,N/A, Management. Industrial Management,EBOOKS,https://libswu.on.worldcat.org/oclc/1379018322
1379834474,Sustainable business :managing the challenges of the 21st century /,"Fischer, Manuel,; Foord, Daniel,Frecè, Jan,Hillebrand, Kirsten,Kissling-Näf, Ingrid,Meili, Rahel,Peskova, Marie,Risi, David,Schmidpeter, René,Stucki, Tobias,","Springer,",2023,N/A,N/A, Management. Industrial Management,EBOOKS,https://libswu.on.worldcat.org/oclc/1379834474
1380734699,"Soziale Standards in globalen Lieferketten :Internationale Richtlinien, unternehmerische Verantwortung und die Stimme der Beschäftigten /","Casey, Catherine,Delaney, Helen,Dobusch, Leonhard,Emons, Oliver,Fiedler, Antje,Fulda, Barbara,Gräf, Helena,Haipeter, Thomas,Haipeter, Thomas,Heimstädt, Maximilian,Helfen, Markus,Helfen, Markus,Herr, Hansjörg,Kirsch, Anja,Kirsch, Anja,Klausner, Lukas Daniel,Klengel, Ernesto,Puhl, Carolin,Rosenbohm, Sophie,Rosenbohm, Sophie,Scheper, Christian,Sorg, Christoph,Teipen, Christina,Vestena, Carolina A.,Zajak, Sabrina,Üyük, Christine Ü,","transcript Verlag,",2023,N/A,N/A, Management. Industrial Management,EBOOKS,https://libswu.on.worldcat.org/oclc/1380734699
1382386960,Empty innovation :causes and consequences of society's obsession with entrepreneurship and growth /,"Hallonsten, Olof,","Palgrave Macmillan,",2023,N/A,N/A, Management. Industrial Management,EBOOKS,https://libswu.on.worldcat.org/oclc/1382386960
1382703499,"2014 8th International Conference on Software, Knowledge, Information, Industrial Management and Applications (SKIMA) :18-20 Dec. 2014, Dhaka, Bangladesh /","Institute of Electrical and Electronics Engineers,","IEEE,",2014,N/A,N/A, Management. Industrial Management,EBOOKS,https://libswu.on.worldcat.org/oclc/1382703499
1383654545,Global mindset and international business :driving process outsourcing organizations /,"Kossowska, Magdalena,; Rosiński, Jerzy,","Routledge,",2024,N/A,N/A, Management. Industrial Management,EBOOKS,https://libswu.on.worldcat.org/oclc/1383654545
1385981236,Logistyka zaopatrzenia :skrypt akademicki.,"Matusiak, Małgorzata,","Wydawnictwo Uniwersytetu Łódzkiego,",2022,N/A,N/A, Management. Industrial Management,EBOOKS,https://libswu.on.worldcat.org/oclc/1385981236
1387605948,Developmental integration and industrialisation in Southern Africa /,"Duma, Siphumelele,","UJ Press,",2023,N/A,N/A, Management. Industrial Management,EBOOKS,https://libswu.on.worldcat.org/oclc/1387605948
1389513865,The virtues of green marketing :a constructive take on corporate rhetoric /,"Bengtson, Erik,; Mossberg, Oskar,","Palgrave Macmillan,",2023,N/A,N/A, Management. Industrial Management,EBOOKS,https://libswu.on.worldcat.org/oclc/1389513865
1389557473,Supply chain operations in the Arctic :implications for social sustainability /,"Tsvetkova, AntoninaTimoshenko, Konstantin,","Routledge, Taylor & Francis Group,",2024,N/A,N/A, Management. Industrial Management,EBOOKS,https://libswu.on.worldcat.org/oclc/1389557473
1389571376,Averting disaster before it strikes :how to make sure your subordinates warn you while there is still time to act /,"Chernov, Dmitry,; Ayoub, Ali,Sansavini, Giovanni,Sornette, Didier,","Springer,",2023,N/A,N/A, Management. Industrial Management,EBOOKS,https://libswu.on.worldcat.org/oclc/1389571376
1390139817,"Promoting regional industries through cross-sectoral collaborations :regional system, management, and the management body /","Kawabata, Yūki,","Business Science Reference,",2024,N/A,N/A, Management. Industrial Management,EBOOKS,https://libswu.on.worldcat.org/oclc/1390139817
1391693630,Series de investigación de REOALCEI /,"Alvarado Peña, Lisandro José,","High Rate Consulting,",2021,N/A,N/A, Management. Industrial Management,EBOOKS,https://libswu.on.worldcat.org/oclc/1391693630
1391693653,¿Y ahora qué? Diseño y desarrollo de la imagen personal y corporativa :Selección de mejores trabajos /,"Rodríguez de Austria, Alfonso,López Raya, María Luisa,Gómez Carmona, Diego,","Dykinson SL,",2023,N/A,N/A, Management. Industrial Management,EBOOKS,https://libswu.on.worldcat.org/oclc/1391693653
1391693672,"Digitale Desökonomie :Unproduktivität, Trägheit und Exzess im digitalen Milieu /","Althoff, Sebastian,","Transcript Verlag,",2023,N/A,N/A, Management. Industrial Management,EBOOKS,https://libswu.on.worldcat.org/oclc/1391693672
1392043892,GLOBAL STUDIES ON MANAGEMENT INFORMATION SYSTEMS.,ELIF KARTAL; EMRE AKADAL; GOKHAN OVENC; SAEED TABA.,"ISTANBUL UNIVERSITY PRESS,",2023,N/A,N/A, Management. Industrial Management,EBOOKS,https://libswu.on.worldcat.org/oclc/1392043892
1392044673,KAIZEN PHILOSOPHY IN A MODERN DAY BUSINESS.,DILEK DEMIRBA; RHYS BLACKBURN; DAVID BENNETT.,"ISTANBUL UNIVERSITY PRESS,",2020,N/A,N/A, Management. Industrial Management,EBOOKS,https://libswu.on.worldcat.org/oclc/1392044673
1392346280,Strategic Costs of Quality Management Systems in Chinese Business Enterprises.,"Lin, Zhijun,; Yang, Shizhong.","Cambridge Scholars Publishing,",2023,N/A,N/A, Management. Industrial Management,EBOOKS,https://libswu.on.worldcat.org/oclc/1392346280
1392349416,"Proceedings 2023 IEEE 25th Conference on Business Informatics (CBI 2023) :Prague, Czech Republic 21-23 June 2023 /","IEEE Conference on Business Informatics; Institute of Electrical and Electronics Engineers,","IEEE,",2023,N/A,N/A, Management. Industrial Management,EBOOKS,https://libswu.on.worldcat.org/oclc/1392349416
1393109119,"The Future of work :challenges and prospects for organisations, jobs and workers /","Lynn, Theo,Rosati, Pierangelo,Conway, Edel,Van der Werff, Lisa,","Palgrave Macmillan,",2023,N/A,N/A, Management. Industrial Management,EBOOKS,https://libswu.on.worldcat.org/oclc/1393109119
1393318187,"Proceedings of the 2015 27th Chinese Control and Decision Conference (CCDC) :May 23-25, 2015, Qingdao Haiqing Hotel, Qingdao, China /","Chinese Control and Decision Conference; IEEE Control Systems Society,","Institute of Electrical and Electronics Engineers,",2015,N/A,N/A, Management. Industrial Management,EBOOKS,https://libswu.on.worldcat.org/oclc/1393318187
1395049119,Sustainability nexus forum.,N/A,"Springer-Verlag GmbH Deutschland, ein Teil von Springer Nature,",2023,N/A,2948-1627, Management. Industrial Management,EJOURNALS/EMAGAZINES,https://libswu.on.worldcat.org/oclc/1395049119
1396188266,Designing knowledge economies for disaster resilience :case studies from the African diaspora /,"Waldron-Moore, Pamela,","Berghahn Books,",2024,N/A,N/A, Management. Industrial Management,EBOOKS,https://libswu.on.worldcat.org/oclc/1396188266
1396698038,"Digital transformation :understanding business goals, risks, processes, and decisions /","Cöster, Mathias,; Danielson, MatsEkenberg, Love,Gullberg, Cecilia,Titlestad, Gard,Westelius, Alf,Wettergren, Gunnar,","Open Book Publishers,",2023,N/A,N/A, Management. Industrial Management,EBOOKS,https://libswu.on.worldcat.org/oclc/1396698038
1396848100,2938-2023 - IEEE Guide for Economic Loss Evaluation of Sensitive Industrial Customers Caused by Voltage Sags.,N/A,IEEE.,2023,N/A,N/A, Management. Industrial Management,EBOOKS,https://libswu.on.worldcat.org/oclc/1396848100
1396932292,2807-2022 - IEEE Standard for Framework of Knowledge Graphs.,N/A,IEEE.,2023,N/A,N/A, Management. Industrial Management,EBOOKS,https://libswu.on.worldcat.org/oclc/1396932292
1396933028,2022 14th International Colloquium of Logistics and Supply Chain Management (LOGISTIQUA).,N/A,IEEE.,2022,N/A,N/A, Management. Industrial Management,EBOOKS,https://libswu.on.worldcat.org/oclc/1396933028
1400778395,Real-life decision making /,"Danielson, Mats; Ekenberg, Love,","CRC Press,",2023,N/A,N/A, Management. Industrial Management,EBOOKS,https://libswu.on.worldcat.org/oclc/1400778395
1402714544,IT Service Management for Small IT Teams,"Poppleton, Adam",British Standards Institution,2011,N/A,N/A, Management. Industrial Management,EBOOKS,https://libswu.on.worldcat.org/oclc/1402714544
1404344713,Entrepreneurship :from idea to success,"Foroutan-Esfahani, Farhad",Global Professional Publishing,2012,N/A,N/A, Management. Industrial Management,EBOOKS,https://libswu.on.worldcat.org/oclc/1404344713
1404360214,Nuevas tendencias en gestión e innovación empresarial :adaptación a los nuevos escenarios globales y domésticos /,N/A,Dykinson SL,2023,N/A,N/A, Management. Industrial Management,EBOOKS,https://libswu.on.worldcat.org/oclc/1404360214
1407319194,2023 International Conference on Decision Aid Sciences and Applications (DASA).,International Conference on Decision Aid Sciences and Applications.,"IEEE,",2023,N/A,N/A, Management. Industrial Management,EBOOKS,https://libswu.on.worldcat.org/oclc/1407319194
1410128709,Kunskapens tider: Historiska perspektiv på kunskapssamhället.,"Elgán, Elisabeth.; Elgán, Elisabeth.Sandén, Annika.Sandén, Annika.",Stockholm University Press,2016,N/A,N/A, Management. Industrial Management,EBOOKS,https://libswu.on.worldcat.org/oclc/1410128709
1410128879,"Artificiality and Sustainability in EntrepreneurshipExploring the Unforeseen, and Paving the Way to a Sustainable Future.","Adams, Richard.; Adams, Richard.Grichnik, Dietmar.Grichnik, Dietmar.Pundziene, Asta.Pundziene, Asta.Volkmann, Christine.Volkmann, Christine.",Springer Nature,2023,N/A,N/A, Management. Industrial Management,EBOOKS,https://libswu.on.worldcat.org/oclc/1410128879
1410129957,Internationale Zielmarktanalyse und VertriebsentwicklungDie Implementierung der Methodik des International Sales Accelerator Modells.,"Reber, Simone.",Springer Nature,2021,N/A,N/A, Management. Industrial Management,EBOOKS,https://libswu.on.worldcat.org/oclc/1410129957
1410130902,Das Co-Creation ToolbookMethoden für eine erfolgreiche Kooperation zwischen Hochschule und Gesellschaft.,"Kurzhals, Kerstin.; Banze, Madleen.Chak, Choiwai Maggie.Sormani, Eva.Uude, Katrin.",Springer Nature,2022,N/A,N/A, Management. Industrial Management,EBOOKS,https://libswu.on.worldcat.org/oclc/1410130902
1410133253,Resilienz durch OrganisationsentwicklungForschung und Praxis.,"Schellinger, Jochen.; Kissling-Näf, Ingrid.Kissling-Näf, Ingrid.Schellinger, Jochen.Tokarski, Kim Oliver.Tokarski, Kim Oliver.",Springer Nature,2022,N/A,N/A, Management. Industrial Management,EBOOKS,https://libswu.on.worldcat.org/oclc/1410133253
1410138936,Digitale TransformationFallbeispiele und Branchenanalysen.,"Oswald, Gerhard.; Krcmar, Helmut.Krcmar, Helmut.Oswald, Gerhard.Saueressig, Thomas.Saueressig, Thomas.",Springer Nature,2022,N/A,N/A, Management. Industrial Management,EBOOKS,https://libswu.on.worldcat.org/oclc/1410138936
1410140039,Management by MissionsConnecting People to Strategy through Purpose.,"Cardona, Pablo.; Rey, Carlos.",Springer Nature,2022,N/A,N/A, Management. Industrial Management,EBOOKS,https://libswu.on.worldcat.org/oclc/1410140039
1410141137,Dynamics of Long-Life Assets: From Technology Adaptation to Upgrading the Business Model.,"Grösser, Stefan N.; Granholm, Göran.Granholm, Göran.Grösser, Stefan N.Reyes-Lecuona, Arcadio.Reyes-Lecuona, Arcadio.",Springer Nature,2017,N/A,N/A, Management. Industrial Management,EBOOKS,https://libswu.on.worldcat.org/oclc/1410141137
1410141935,"Managing Future Challenges for SafetyDemographic Change, Digitalisation and Complexity in the 2030s.","Laroche, Hervé; Bieder, Corinne.Bieder, Corinne.Laroche, HervéVillena-López, Jesús.Villena-López, Jesús.",Springer Nature,2022,N/A,N/A, Management. Industrial Management,EBOOKS,https://libswu.on.worldcat.org/oclc/1410141935
1410142438,Corporate Data QualityVoraussetzung erfolgreicher Geschäftsmodelle.,"Otto, Boris.; Österle, Hubert.",Springer Nature,2016,N/A,N/A, Management. Industrial Management,EBOOKS,https://libswu.on.worldcat.org/oclc/1410142438
1410147278,"X-Ineffizienz, Managementanreize und Produktmarktwettbewerb.","Jirjahn, Uwe.",Peter Lang International Academic Publishers,2018,N/A,N/A, Management. Industrial Management,EBOOKS,https://libswu.on.worldcat.org/oclc/1410147278
1410147381,Digitale Transformation und Unternehmensführung :Trends und Perspektiven für die Praxis.,"Schellinger, Jochen,Kissling-Näf, Ingrid,Tokarski, Kim Oliver,","Springer Gabler,",2020,N/A,N/A, Management. Industrial Management,EBOOKS,https://libswu.on.worldcat.org/oclc/1410147381
1410152508,Niederlassungen führenMit Subsidiary Governance zum Erfolg.,"Renz, Patrick.; Böhrer, Nikola.Peter, Marc K.",Springer Nature,2023,N/A,N/A, Management. Industrial Management,EBOOKS,https://libswu.on.worldcat.org/oclc/1410152508
1411228215,Osservatorio Nazionale sulle reti d'impresa 2022 /,"Cabigiosu, Anna,","Edizioni Ca' Foscari,",2023,N/A,N/A, Management. Industrial Management,EBOOKS,https://libswu.on.worldcat.org/oclc/1411228215
1411228332,Centros de Apoyo a la Tecnología y la Innovación (CATI)  - Informe de 2021 :acompañar a los innovadores locales en el camino que lleva de la investigación al producto.,"World Intellectual Property Organization,","OMPI,",2022,N/A,N/A, Management. Industrial Management,EBOOKS,https://libswu.on.worldcat.org/oclc/1411228332
1411228481,Rapport sur les centres d'appui à la technologie et à l'innovation (CATI) 2020 :permettre aux innovateurs locaux d'exploiter leur potentiel.,"World Intellectual Property Organization,","OMPI,",2021,N/A,N/A, Management. Industrial Management,EBOOKS,https://libswu.on.worldcat.org/oclc/1411228481
1411228482,Centros de apoyo a la tecnología y la innovación (CATI) informe de 2020 :propiciar la innovación local para sacar partido de su potencia.,"World Intellectual Property Organization,","OMPI,",2021,N/A,N/A, Management. Industrial Management,EBOOKS,https://libswu.on.worldcat.org/oclc/1411228482
1411229197,De l'idee a l'entreprise :Guide de la propriete à l'intention des jeunes entreprises.,World Intellectual Property Organization.,"World Intellectual Property Organization (WIPO),",2021,N/A,N/A, Management. Industrial Management,EBOOKS,https://libswu.on.worldcat.org/oclc/1411229197
1411314072,A Short Guide to Operational Risk /,"Tattam, David,","Routledge,",2011,N/A,N/A, Management. Industrial Management,EBOOKS,https://libswu.on.worldcat.org/oclc/1411314072
1411314976,Place Branding and Marketing from a Policy Perspective :Building Effective Strategies for Places,"Mabillard, Vincent.",Routledge,2023,N/A,N/A, Management. Industrial Management,EBOOKS,https://libswu.on.worldcat.org/oclc/1411314976
1412008699,"THE 4TH EDITION OF INTERNATIONAL ON QUANTITATIVE AND QUALITATIVE METHODS FOR ECONOMICS, MANAGEMENT AND SOCIAL SCIENCES :26-27 May, 2022 Istanbul (Hybrid).",N/A,"Sciendo,",2023,N/A,N/A, Management. Industrial Management,EBOOKS,https://libswu.on.worldcat.org/oclc/1412008699
1412628267,2023 International Conference on Digital Business and Technology Management (ICONDBTM) /,"Institute of Electrical and Electronics Engineers,","IEEE,",2023,N/A,N/A, Management. Industrial Management,EBOOKS,https://libswu.on.worldcat.org/oclc/1412628267
1412631479,"Proceedings of the 35th Chinese Control and Decision Conference :20 - 22 May 2023, Yichang, China.","Chinese Control and Decision Conference; Institute of Electrical and Electronics Engineers,","IEEE,",2023,N/A,N/A, Management. Industrial Management,EBOOKS,https://libswu.on.worldcat.org/oclc/1412631479
1415218789,Proceedings of 2023 International Conference on Information Management and Technology (ICIMTech) :date: 24-25 August 2023 /,"International Conference on Information Management and Technology,","IEEE,",2023,N/A,N/A, Management. Industrial Management,EBOOKS,https://libswu.on.worldcat.org/oclc/1415218789
1415841687,"Shareholders, strategy and value creation  :the case of the it sector.","Muras, Wojciech,; Szczepańska-Woszczyna, Katarzyna,","Routledge,",2024,N/A,N/A, Management. Industrial Management,EBOOKS,https://libswu.on.worldcat.org/oclc/1415841687
1415893239,Proceedings of the 2023 8th International Conference on Modern Management and Education Technology (MMET 2023) /,"International Conference on Modern Management and Education Technology; Kassim, Hafizoah,Malik, Nadeem,Rajagopal, Premkumar,Singh, Manjet Kaur Mehar,","Atlantis Press,",2023,N/A,N/A, Management. Industrial Management,EBOOKS,https://libswu.on.worldcat.org/oclc/1415893239
1415894238,Proceedings of the BISTIC Business Innovation Sustainability and Technology International Conference (BISTIC 2023).,"Zutiasari, Ika.Kurniawan, Dediek Tri.","Atlantis Press (Zeger Karssen),",2024,N/A,N/A, Management. Industrial Management,EBOOKS,https://libswu.on.worldcat.org/oclc/1415894238
1415903563,16085-2020 - ISO/IEC/IEEE international standard - systems and software engineering -- life cycle processes -- risk management - redline /,"Institute of Electrical and Electronics Engineers,","IEEE,",2021,N/A,N/A, Management. Industrial Management,EBOOKS,https://libswu.on.worldcat.org/oclc/1415903563
1415904248,2786-2023 - IEEE Standard for General Requirements and Interoperability for Internet of Clothing.,N/A,IEEE,2023,N/A,N/A, Management. Industrial Management,EBOOKS,https://libswu.on.worldcat.org/oclc/1415904248
1417210513,Shakir M. Pashov :History of the Gypsies in Bulgaria and Europe : Roma /,"Marushiakova, Elena,Popov, Veselin,Kovacheva, Lili︠a︡na","Brill :Schöningh,",2023,N/A,N/A, Management. Industrial Management,EBOOKS,https://libswu.on.worldcat.org/oclc/1417210513
1419275188,Edgar H. Schein :the artistry of a reflexive organizational scholar-practitioner /,"Coghlan, David,","Routledge,",2024,N/A,N/A, Management. Industrial Management,EBOOKS,https://libswu.on.worldcat.org/oclc/1419275188
1419276145,Supply chain and logistics management :an integrated approach /,"Baisya, Rajat K.,","Routledge, Taylor & Francis Group,",2024,N/A,N/A, Management. Industrial Management,EBOOKS,https://libswu.on.worldcat.org/oclc/1419276145
1419698177,Habilidades directivas y clima organizacional.Resultados de una investigación en las micro y pequeñas empresas latinoamericanas /,"Ibarra, Luis Enrique,; Ahumada, Nuria Peña,Paredes Zempual, Morales Daniel,Rascon, Oscar Cuauhtémoc Aguilar,","Peter Lang,",2023,N/A,N/A, Management. Industrial Management,EBOOKS,https://libswu.on.worldcat.org/oclc/1419698177
1419698192,Un plan articulador para eventos adversos :neutralizando los efectos psicológicos para mejorar el desempeño de equipos asistenciales /,"Vega Gomez, Katherine Piedad,; García Cabrera, Hernan Efilio,Luján Johnson, Gladys Lola,","Religación Press,",2023,N/A,N/A, Management. Industrial Management,EBOOKS,https://libswu.on.worldcat.org/oclc/1419698192
1419698260,Transferwissenschaften :Mode oder Mehrwert? /,"Kiprijanov, Konstantin S.,Parlar, Koray,Pichler, Anna Malena,Philipp, Thorsten,Roelcke, Thorsten,","Peter Lang Group,",2023,N/A,N/A, Management. Industrial Management,EBOOKS,https://libswu.on.worldcat.org/oclc/1419698260
1419698264,Habilidades directivas y clima organizacional.Resultados de una investigación en las micro y pequeñas empresas latinoamericanas /,"Ibarra, Luis Enrique,; Ahumada, Nuria Peña,Paredes Zempual, Morales Daniel,Rascon, Oscar Cuauhtémoc Aguilar,","Peter Lang,",2023,N/A,N/A, Management. Industrial Management,EBOOKS,https://libswu.on.worldcat.org/oclc/1419698264
1419698286,Rola i efekty funkcjonowania centrów usług wspólnych w Polsce /,"Motowidlak, Tomasz,; Motowidlak, Urszula,","Wydawnictwo Uniwersytetu Łódzkiego,",2023,N/A,N/A, Management. Industrial Management,EBOOKS,https://libswu.on.worldcat.org/oclc/1419698286
1419698317,Gestión de la cadena de suministros :enfoques y perspectivas modernas /,"Maravi Cardenas, Alvaro José,; Zevallos Aquije, Axel Javier,Palomino Salcedo, Karen Juliza,","Religación Press,",2023,N/A,N/A, Management. Industrial Management,EBOOKS,https://libswu.on.worldcat.org/oclc/1419698317
1419883890,"Das zukunftsfähige Familienunternehmen :Mit dem QScore zu Unabhängigkeit, Resilienz und Robustheit /","Gleissner, Werner.; Weissman, Arnold.","Springer Gabler,",2024,N/A,N/A, Management. Industrial Management,EBOOKS,https://libswu.on.worldcat.org/oclc/1419883890
1420650927,2023 21st International Conference on ICT and Knowledge Engineering (ICT&KE).,International Conference on ICT and Knowledge Engineering,"IEEE,",2023,N/A,N/A, Management. Industrial Management,EBOOKS,https://libswu.on.worldcat.org/oclc/1420650927
1422893259,The Journal of leadership studies.,N/A,"Baker College Pub. Co.,",1993,N/A,N/A, Management. Industrial Management,EJOURNALS/EMAGAZINES,https://libswu.on.worldcat.org/oclc/1422893259
1423777701,Investigación científica e interdisciplinariedad para la transformación de las organizaciones /,"Alvarado Peña, Lisandro José,Villasmil Molero, Milagros de Carmen,","High Rate Books,",2023,N/A,N/A, Management. Industrial Management,EBOOKS,https://libswu.on.worldcat.org/oclc/1423777701
1424867117,Cuadernos de difusión /,Escuela de Administración de Negocios para Graduados.,"Escuela de Administración de Negocios para Graduados, Dirección de Investigación,",1992,N/A,N/A, Management. Industrial Management,EJOURNALS/EMAGAZINES,https://libswu.on.worldcat.org/oclc/1424867117
1427212449,Edgar H. ScheinThe Artistry of a Reflexive Organizational Scholar-Practitioner.,"Coghlan, David.",Taylor & Francis,2024,N/A,N/A, Management. Industrial Management,EBOOKS,https://libswu.on.worldcat.org/oclc/1427212449
1427592707,"Digitization, trust and SMEs /","Wziątek-Staśko, Anna,; Pobiedzińska, Karolina,","Routledge,",2024,N/A,N/A, Management. Industrial Management,EBOOKS,https://libswu.on.worldcat.org/oclc/1427592707
1429159497,Engaged decision making :how to transform team knowledge into high quality decisions /,"Rouwette, Etiënne Antonio Joseph Alfonso,; Franco, A.","Routledge,",2024,N/A,N/A, Management. Industrial Management,EBOOKS,https://libswu.on.worldcat.org/oclc/1429159497
1432477146,The reshaping of China's industry chains /,CICC Global Institute.,"Springer,",2024,N/A,N/A, Management. Industrial Management,EBOOKS,https://libswu.on.worldcat.org/oclc/1432477146
1432590722,Proceedings of the 11th International Conference on Emerging Challenges  :Smart Business and Digital Economy 2023 (ICECH 2023) .,"Nguyen, Danh Nguyen.Pham, Thi Hong Thanh.","Atlantis Press (Zeger Karssen),",2024,N/A,N/A, Management. Industrial Management,EBOOKS,https://libswu.on.worldcat.org/oclc/1432590722
1432666187,New directions.,New York State School of Industrial and Labor Relations.,"ILR Executive Education, ILR School, Cornell University,",1998,N/A,N/A, Management. Industrial Management,EJOURNALS/EMAGAZINES,https://libswu.on.worldcat.org/oclc/1432666187
1433157122,Philosophy and leadership :an evolution of leadership from ancient times to the digital age /,"Sułkowski, Łukasz,; Dacko-Pikiewicz, Zdzisława,Szczepańska-Woszczyna, Katarzyna,","Routledge,",2024,N/A,N/A, Management. Industrial Management,EBOOKS,https://libswu.on.worldcat.org/oclc/1433157122
1435762648,2021 2nd International Conference on Urban Engineering and Management Science (ICUEMS) /,"Institute of Electrical and Electronics Engineers,","IEEE,",2021,N/A,N/A, Management. Industrial Management,EBOOKS,https://libswu.on.worldcat.org/oclc/1435762648
1436458561,Digital supply chain transformation :emerging technologies for sustainable growth,"Wangli, YangPettit, S. J.","Cardiff University Press,",2022,N/A,N/A, Management. Industrial Management,EBOOKS,https://libswu.on.worldcat.org/oclc/1436458561
1438670211,Proceedings of the 2nd International Conference on Management and Business (ICOMB 2023).,"Setiawan, Budi,Indraswari, Nurul Myristica.","Atlantis Press (Zeger Karssen),",2024,N/A,N/A, Management. Industrial Management,EBOOKS,https://libswu.on.worldcat.org/oclc/1438670211
1438672113,"Proceedings of the International Conference on Economic Management, Accounting and Tourism (ICEMAT 2023).","Fanggidae, Rolland.Amtiran, Paulina.Rozari, Petrus de.Nendissa, Doppy Roy.Arthana, I. Komang.Olviana, Tommycho.Irwansyah, M. Rudi.Yuniarta, Gede Adi.Suci, Ni Made.Heryanda, Komang Krisna.","Atlantis Press (Zeger Karssen),",2024,N/A,N/A, Management. Industrial Management,EBOOKS,https://libswu.on.worldcat.org/oclc/1438672113
1438673672,Projektmanagement und Digital Humanities  :Zur Klugen Gestaltung der Zusammenarbeit.,"Cremer, Fabian.Dogunke, Swantje.Neubert, Anna Maria.Wübbena, Thorsten.","transcript Verlag,",2024,N/A,N/A, Management. Industrial Management,EBOOKS,https://libswu.on.worldcat.org/oclc/1438673672
1438986821,"Cyber and IT Service Management (CITSM), 2014 International Conference on /","Institute of Electrical and Electronics Engineers,","IEEE,",2014,N/A,N/A, Management. Industrial Management,EBOOKS,https://libswu.on.worldcat.org/oclc/1438986821
1438990035,2022 International Conference on Decision Aid Sciences and Applications (DASA) /,"Institute of Electrical and Electronics Engineers,","IEEE,",2022,N/A,N/A, Management. Industrial Management,EBOOKS,https://libswu.on.worldcat.org/oclc/1438990035
1439598260,Proceedings of the International Conference on Digital Transformation in Business  :Navigating the New Frontiers Beyond Boundaries (DTBNNF 2024).,"Suresh, N. V.Buvaneswari, P. S.","Atlantis Press (Zeger Karssen),",2024,N/A,N/A, Management. Industrial Management,EBOOKS,https://libswu.on.worldcat.org/oclc/1439598260
1439604232,"2023 IEEE 64th International Scientific Conference on Information Technology and Management Science of Riga Technical University (ITMS) :proceedings : October 5-6, 2023 Riga, Latvia /","Grabis, Janis,Romanovs, Andrejs,Kulesova, Galina,","IEEE,",2023,N/A,N/A, Management. Industrial Management,EBOOKS,https://libswu.on.worldcat.org/oclc/1439604232
1439876399,"Współczesne wyzwania transportu, spedycji oraz logistyki - wybrane aspekty /","Kozar, Łukasz Jarosław,","Wydawnictwo Uniwersytetu Łódzkiego,",2023,N/A,N/A, Management. Industrial Management,EBOOKS,https://libswu.on.worldcat.org/oclc/1439876399
1442796021,Crowdsourcing in management research :a new tool for scientific inquiry /,"Lenart-Gansiniec, Regina,","Routledge,",2025,N/A,N/A, Management. Industrial Management,EBOOKS,https://libswu.on.worldcat.org/oclc/1442796021
1443942252,"Proceedings of the 8th Global Conference on Business, Management, and Entrepreneurship (GCBME 2023).","Hurriyati, Ratih.; Wibowo, Lili Adi.Sulastri, Sulastri.Lisnawati, Lisnawati.","Atlantis Press (Zeger Karssen),",2024,N/A,N/A, Management. Industrial Management,EBOOKS,https://libswu.on.worldcat.org/oclc/1443942252
1446131858,Gestión Del Conocimiento en Educación Superior.,"Suazo Galdames, Iván.; Saracostti Schwartzman, Mahia.","Dykinson, S.L.,",2024,N/A,N/A, Management. Industrial Management,EBOOKS,https://libswu.on.worldcat.org/oclc/1446131858
1446139794,Risk Sciences.,"KeAi Communications Co. Ltd.,","Elsevier B.V. on behalf of KeAi Communications Co. Ltd.,",2025,N/A,2950-6298, Management. Industrial Management,EJOURNALS/EMAGAZINES,https://libswu.on.worldcat.org/oclc/1446139794
1446171585,Start-up cultures in times of global crises :sustainable and innovative approaches /,"Verkuil, Arie Hans,","Springer,",2024,N/A,N/A, Management. Industrial Management,EBOOKS,https://libswu.on.worldcat.org/oclc/1446171585
1446216856,Corporate social responsibility and the supply chain :CSR collaboration with suppliers /,"Jedynak, Monika,","Routledge,",2025,N/A,N/A, Management. Industrial Management,EBOOKS,https://libswu.on.worldcat.org/oclc/1446216856
1449553012,"Advancing responsible sourcing in mineral value chains :environmental, social, and economic sustainability /","Farooki, Masuma,Graf, AlexanderDegreif, Stefanie,","Palgrave Macmillan,",2024,N/A,N/A, Management. Industrial Management,EBOOKS,https://libswu.on.worldcat.org/oclc/1449553012
1449675280,Digital synergy,"El Emary, Ibrahiem M. M.Brzozowska, Anna.Maśloch, Piotr.","CRC PRESS,",2025,N/A,N/A, Management. Industrial Management,EBOOKS,https://libswu.on.worldcat.org/oclc/1449675280
1450349049,"Management, Conflict Resolution and Strategy :Coping with Stress at Work/","Kraczla, Magdalena.; Wziątek-Staśko, Anna.","Routledge,",2025,N/A,N/A, Management. Industrial Management,EBOOKS,https://libswu.on.worldcat.org/oclc/1450349049
1450563622,Optimization problems in transportation and logistics :a practical guide /,"Bridgelall, Raj,","MDPI,",2024,N/A,N/A, Management. Industrial Management,EBOOKS,https://libswu.on.worldcat.org/oclc/1450563622
1450563636,Transformationen gestalten :Beiträge aus Forschung und Praxis des privaten und öffentlichen Sektors /,"Tokarski, Kim Oliver,Endrissat, Nada,Kissling-Näf, Ingrid,","Springer Gabler,",2024,N/A,N/A, Management. Industrial Management,EBOOKS,https://libswu.on.worldcat.org/oclc/1450563636
1450563738,Radlogistik :Grundlagen zu Logistik und Wirtschaftsverkehr mit Lasten- und Transporträdern /,"Assmann, Tom,","Springer Gabler,",2024,N/A,N/A, Management. Industrial Management,EBOOKS,https://libswu.on.worldcat.org/oclc/1450563738
1450833438,ORGANISATIONSFORMEN DER ERKENNTNISGEWINNUNG  :organisatorische gestaltung und Wissensproduktion in der außeruniversitären Forschung.,"Pichler, Rupert.Heinze, Thomas.","SPRINGER VS,",2024,N/A,N/A, Management. Industrial Management,EBOOKS,https://libswu.on.worldcat.org/oclc/1450833438
1450849822,Leadership principles for project success /,"Juli, Thomas.","Taylor & Francis,",2010,N/A,N/A, Management. Industrial Management,EBOOKS,https://libswu.on.worldcat.org/oclc/1450849822
1451077752,Hacer empresa.,"Universidad de Montevideo (1997- ),",Universidad de Montevideo,2018,N/A,2393-7696, Management. Industrial Management,EJOURNALS/EMAGAZINES,https://libswu.on.worldcat.org/oclc/1451077752
1451830724,The intimate supply chain :leveraging the supply chain to manage the customer experience /,"Ross, David Frederick,","CRC Press/Taylor & Francis,",2008,N/A,N/A, Management. Industrial Management,EBOOKS,https://libswu.on.worldcat.org/oclc/1451830724
1452045211,New perspectives on intergovernmental relations :crisis and reform /,"Kuhlmann, Sabine,Laffin, Martin,Wayenberg, Ellen,Bergström, Tomas,","Palgrave Macmillan,",2024,N/A,N/A, Management. Industrial Management,EBOOKS,https://libswu.on.worldcat.org/oclc/1452045211
1452256014,Business model innovation :game changers and contemporary issues /,"Aagaard, Annabeth,","Palgrave Macmillan,",2024,N/A,N/A, Management. Industrial Management,EBOOKS,https://libswu.on.worldcat.org/oclc/1452256014
1453287430,The Routledge handbook on meaningful stakeholder engagement /,"Buhmann, Karin,","Routledge,",2025,N/A,N/A, Management. Industrial Management,EBOOKS,https://libswu.on.worldcat.org/oclc/1453287430
1455757718,Proceedings of the 2024 4th International Conference on Enterprise Management and Economic Development (ICEMED 2024).,"Cheng, Hongbing,Qalati, Sikandar Ali.Sapiei, Noor Sharoja Binti.Abdullah, Mazni Binti.","Atlantis Press (Zeger Karssen),",2024,N/A,N/A, Management. Industrial Management,EBOOKS,https://libswu.on.worldcat.org/oclc/1455757718
1457094750,Romanian management theory and practice :navigating digitization and internationalization in the new global economy /,"Nicolescu, Ovidiu,Oprean, Constantin,Titu, Aurel Mihail,Vaduva, Sebastian,","Springer,",2025,N/A,N/A, Management. Industrial Management,EBOOKS,https://libswu.on.worldcat.org/oclc/1457094750
1458759325,"Inteligencia Organizacional, Comunicación Estratégica e Influencia en la Sociedad Postdigital","Esteban Navarro, Miguel Ángel.; García Madurga, Miguel Ángel.Pérez Calle, Ricardo Diego.","Dykinson, S.L.,",2024,N/A,N/A, Management. Industrial Management,EBOOKS,https://libswu.on.worldcat.org/oclc/1458759325
1458767104,11073-10701-2024 - ISO/IEEE International Standard :Health informatics--Device interoperability--Part 10701: Point-of-care medical device communication--Metric provisioning by participants in a Service-oriented Device Connectivity (SDC) system /,"Institute of Electrical and Electronics Engineers,","IEEE,",2024,N/A,N/A, Management. Industrial Management,EBOOKS,https://libswu.on.worldcat.org/oclc/1458767104
1458767119,11073-10700-2024 - ISO/IEEE International Standard :Health informatics--Device interoperability--Part 10700: Point-of-care medical device communication--Standard for base requirements for participants in a Service-oriented Device Connectivity (SDC) system /,"Institute of Electrical and Electronics Engineers,","IEEE,",2024,N/A,N/A, Management. Industrial Management,EBOOKS,https://libswu.on.worldcat.org/oclc/1458767119
1458767501,11073-10425-2024 - ISO/IEEE International Standard :Health informatics--Device interoperability--Part 10425: Personal health device communication--Device specialization--Continuous Glucose Monitor (CGM) /,"Institute of Electrical and Electronics Engineers,","IEEE,",2024,N/A,N/A, Management. Industrial Management,EBOOKS,https://libswu.on.worldcat.org/oclc/1458767501
1459141799,Perspectives on paradata :research and practice of documenting process knowledge /,"Huvila, Isto,Andersson, Lisa,Sköld, Olle,","Springer,",2024,N/A,N/A, Management. Industrial Management,EBOOKS,https://libswu.on.worldcat.org/oclc/1459141799
1459743798,Debating 'Homo Academicus' in management and organization :ontological assumptions and practical implications /,"Cinque, Silvia,Ericsson, Daniel,","Palgrave Macmillan,",2025,N/A,N/A, Management. Industrial Management,EBOOKS,https://libswu.on.worldcat.org/oclc/1459743798
1462139423,"Digitale Furung und Zusammenarbeit :Konzepte, Tools, Erfahrungen fur die Arbeitswelt 4.0 /","Antoni, Conny H.Hellert, Ulrike.Latniak, Erich.","Springer Berlin Heidelberg :Imprint: Springer Vieweg,",2024,N/A,N/A, Management. Industrial Management,EBOOKS,https://libswu.on.worldcat.org/oclc/1462139423
1462240200,Systemic risk and complex networks in modern financial systems /,"Pacelli, Vincenzo,","Springer,",2025,N/A,N/A, Management. Industrial Management,EBOOKS,https://libswu.on.worldcat.org/oclc/1462240200
1463086673,Proceedings of the Twelfth International Conference on Entrepreneurship and Business Management 2023 (ICEBM 2023).,"Keni, Keni.Tunjungsari, Hetty Karunia.Ai Ping, Teoh.","Atlantis Press (Zeger Karssen),",2024,N/A,N/A, Management. Industrial Management,EBOOKS,https://libswu.on.worldcat.org/oclc/1463086673
1463087570,Proceedings of the 2024 2nd International Conference on Management Innovation and Economy Development (MIED 2024).,"Siuta-Tokarska, Barbara.Grigorescu, Adriana.Zhu, Yifeng.","Atlantis Press (Zeger Karssen),",2024,N/A,N/A, Management. Industrial Management,EBOOKS,https://libswu.on.worldcat.org/oclc/1463087570
1463273051,The Sage Handbook of Qualitative Research in Organizational Communication /,"Brummans, Boris H. J. M.,Taylor, Bryan C.,Sivunen, Anu,","SAGE Publications Ltd,",2024,N/A,N/A, Management. Industrial Management,EBOOKS,https://libswu.on.worldcat.org/oclc/1463273051
1465285662,3145-2024 - IEEE Standard for General Technical Requirements of Auxiliary Warehouse in a Smart Factory /,"Institute of Electrical and Electronics Engineers,","IEEE,",2024,N/A,N/A, Management. Industrial Management,EBOOKS,https://libswu.on.worldcat.org/oclc/1465285662
1465428629,PHILOSOPHY AND LEADERSHIP :an evolution of leadership from ancient times to digital age.,"SULKOWSKI, LUKASZ.","ROUTLEDGE,",2024,N/A,N/A, Management. Industrial Management,EBOOKS,https://libswu.on.worldcat.org/oclc/1465428629
1465428747,Proceedings of the 2nd International Conference on Emerging Technologies and Sustainable Business Practices--2024 (ICETSBP 2024) /,"International Conference on Emerging Technologies and Sustainable Business Practices; Pathak, Nitin,","Atlantis Press,",2024,N/A,N/A, Management. Industrial Management,EBOOKS,https://libswu.on.worldcat.org/oclc/1465428747
1465530577,The effective change manager's :the change management body of knowledge /,N/A,"VIVID Publishing,",2014,N/A,N/A, Management. Industrial Management,EBOOKS,https://libswu.on.worldcat.org/oclc/1465530577
1465546941,"Audit risk alert :2021 : not-for-profit entities industry developments : strengthening audit integrity, safeguarding financial reporting /",American Institute of Certified Public Accountants.Chartered Institute of Management Accountants.,"Aicpa & Cima,",2021,N/A,N/A, Management. Industrial Management,EBOOKS,https://libswu.on.worldcat.org/oclc/1465546941
1466113704,Building trust in startup communication :exploring the interplay of arguments and stories in the case of the Nikola Corporation /,"Born, Marius,","Springer,",2024,N/A,N/A, Management. Industrial Management,EBOOKS,https://libswu.on.worldcat.org/oclc/1466113704
1472497434,KRITISCHE ERFOLGSFAKTOREN ZUR IMPLEMENTIERUNG VON STRATEGISCHEM TRENDMANAGEMENT IN HANDELSUNTERNEHMEN  :entwicklung eines vorgehensmodells.,"MASSIMIANI, ANDREA.","SPRINGER GABLER,",2025,N/A,N/A, Management. Industrial Management,EBOOKS,https://libswu.on.worldcat.org/oclc/1472497434
1473757893,European conference on knowledge management.,N/A,Academic Conferences International,2000,N/A,N/A, Management. Industrial Management,EJOURNALS/EMAGAZINES,https://libswu.on.worldcat.org/oclc/1473757893
1473805227,Proceedings of the 4th Business Innovation Sustainability and Technology International Conference (BISTIC 2024) /,"Business Innovation Sustainability and Technology International Conference (BISTIC 2024); Zutiasari, Ika,Rusmana, Dede,Fuad, Muhammad,","Atlantis Press,",2024,N/A,N/A, Management. Industrial Management,EBOOKS,https://libswu.on.worldcat.org/oclc/1473805227
1473805382,Mastering your entrepreneurial journey :from vision to venture /,"Kuckertz, Andreas,; Leicht, Thomas,Scheu, Maximilian,Wagner, Indra da Silva,Ebersberger, Bernd,","Springer,",2025,N/A,N/A, Management. Industrial Management,EBOOKS,https://libswu.on.worldcat.org/oclc/1473805382
1475098391,The Manager's Guide to Strategy  /,"Formisano, Roger.","McGraw-Hill Education,",2003,N/A,N/A, Management. Industrial Management,EBOOKS,https://libswu.on.worldcat.org/oclc/1475098391
1477868837,Enterprise.,N/A,Knowledgy Bylanes,1990,N/A,N/A, Management. Industrial Management,EJOURNALS/EMAGAZINES,https://libswu.on.worldcat.org/oclc/1477868837
1481790777,Proceedings of the 2024 5th International Conference on Management Science and Engineering Management (ICMSEM 2024).,"International Conference on Management Science and Engineering Management; Vasilev, ValentinPopescu, Cătălin.Guo, YanhongLi, Xiaolin.","Atlantis Press (Zeger Karssen),",2024,N/A,N/A, Management. Industrial Management,EBOOKS,https://libswu.on.worldcat.org/oclc/1481790777
1481800448,"Proceedings of the 2024 9th International Conference on Modern Management, Education and Social Sciences (MMET 2024).","International Conference on Modern Management, Education and Social Sciences; Lin, ChunyiChew, Fong PengKhan, Intakhab Alam.Popescu, Catalin.","Atlantis Press (Zeger Karssen),",2024,N/A,N/A, Management. Industrial Management,EBOOKS,https://libswu.on.worldcat.org/oclc/1481800448
1482715780,Positionierungen nachhaltigen Verhaltens am Arbeitsplatz :eine rekonstruktive Untersuchung des öffentlichen Dienstes /,"Scheiding, Christian Thomas,","Springer Gabler,",2025,N/A,N/A, Management. Industrial Management,EBOOKS,https://libswu.on.worldcat.org/oclc/1482715780
1482818013,Proceedings of the 2024 4th International Conference on Business Administration and Data Science (BADS 2024).,"Wong Eric, Yew Kee.Gomes de Oliveira, Gabriel.Chen, Charles.Cudečka-Puriņa, Natālija.","Atlantis Press (Zeger Karssen),",2024,N/A,N/A, Management. Industrial Management,EBOOKS,https://libswu.on.worldcat.org/oclc/1482818013
1484085259,Accounting for social and environmental sustainability :a multi-capital approach /,"Gibassier, Delphine,","Routledge, Taylor & Francis Group,",2025,N/A,N/A, Management. Industrial Management,EBOOKS,https://libswu.on.worldcat.org/oclc/1484085259
1484186887,Core values and decision-making for sustainable business :an international perspective /,"Verkuil, Arie Hans,Milow, Uta,Hinz, Andreas,Al-kilani, Mahmoud,","Springer,",2024,N/A,N/A, Management. Industrial Management,EBOOKS,https://libswu.on.worldcat.org/oclc/1484186887
1484187040,HOCHSCHULLEHRE ALS GEMEINSCHAFTSAUFGABE;AKTEURinnen und fachkulturen in der lernenden organisation.,NORA LEBEN; KATJA REINECKE; ULRIKE SONNTAG.,"WBV MEDIA GMBH & CO KG,",2022,N/A,N/A, Management. Industrial Management,EBOOKS,https://libswu.on.worldcat.org/oclc/1484187040
1484187096,TEACHING AND LEARNING IN VIRTUAL SPACE,SIBYLLE MATERN; KLAUS KREULICH.,"WBV MEDIA GMBH & CO KG,",2023,N/A,N/A, Management. Industrial Management,EBOOKS,https://libswu.on.worldcat.org/oclc/1484187096
1490410393,Anderes Visualisieren - Zur Kritik der Datengestaltung.,"Heinicker, Paul.","transcript Verlag,",2024,N/A,N/A, Management. Industrial Management,EBOOKS,https://libswu.on.worldcat.org/oclc/1490410393
1492038235,Crisis and Body Politics in Twenty-First Century Cultural Production,"Spear, Charlotte,Sinclair, Madeleine,","Routledge,",2025,N/A,N/A, Management. Industrial Management,EBOOKS,https://libswu.on.worldcat.org/oclc/1492038235
1493382759,ASSESSING FEASIBILITY WITH VALUE-LADEN MODELS  :discussing the normativity of integrated assessment models.,"HOLLNAICHER, SIMON.","J B METZLER'SCHE VERLAGSB,",2025,N/A,N/A, Management. Industrial Management,EBOOKS,https://libswu.on.worldcat.org/oclc/1493382759
1496393398,"Service innovation and management :digitalization, service infusion and customer experience /","Witell, Lars,","Springer,",2025,N/A,N/A, Management. Industrial Management,EBOOKS,https://libswu.on.worldcat.org/oclc/1496393398
1505884433,3241.01-2024 - IEEE Standard for Using Blockchain in Low Carbon Zones Evaluation /,"Institute of Electrical and Electronics Engineers,","IEEE,",2025,N/A,N/A, Management. Industrial Management,EBOOKS,https://libswu.on.worldcat.org/oclc/1505884433
1507699831,Proceedings of the International Workshop on Navigating the Digital Business Frontier for Sustainable Financial Innovation (ICDEBA 2024).,"Lu, Junfeng.","Atlantis Press (Zeger Karssen),",2025,N/A,N/A, Management. Industrial Management,EBOOKS,https://libswu.on.worldcat.org/oclc/1507699831
1510383286,Handbook of entrepreneurial dynamics :the process of business creation /,"Gartner, William B.","Sage,",2004,N/A,N/A, Management. Industrial Management,EBOOKS,https://libswu.on.worldcat.org/oclc/1510383286
1510630466,International journal of safety and security engineering.,"International Information & Engineering Technology Association,","WIT Press,IIETA",2011,N/A,2041-904X, Management. Industrial Management,EJOURNALS/EMAGAZINES,https://libswu.on.worldcat.org/oclc/1510630466
1511295036,Open Innovation and Startups /,"Bańka, Michał,","Routledge, Taylor & Francis Group,",2025,N/A,N/A, Management. Industrial Management,EBOOKS,https://libswu.on.worldcat.org/oclc/1511295036
1513126559,Integrating climate risks in bank risk management and capital requirements /,"Auzepy, Alix,; Bannier, Christina E.","Springer Gabler,",2025,N/A,N/A, Management. Industrial Management,EBOOKS,https://libswu.on.worldcat.org/oclc/1513126559
1517027293,"Risk, reliability and resilience in operations management /","Prakash, Surya,Mangla, Sachin,Kazancoglu, Yigit,Soni, Gunjan,","Elsevier,",2025,N/A,N/A, Management. Industrial Management,EBOOKS,https://libswu.on.worldcat.org/oclc/1517027293
1517962113,Understanding human-nature practices for environmental management :examples from Northern Europe /,"Keskitalo, E. C. H.","Routledge,",2025,N/A,N/A, Management. Industrial Management,EBOOKS,https://libswu.on.worldcat.org/oclc/1517962113
1519058519,Abanteestudios en direcciâon de empresas.,Universidad Catâolica de Chile.,"Pontificia Universidad Catâolica de Chile, Escuela de Administraciâon,",1998,N/A,0717-344X, Management. Industrial Management,EJOURNALS/EMAGAZINES,https://libswu.on.worldcat.org/oclc/1519058519
1521262931,Reliable and resilient logistics systems /,"Tubis, Agnieszka,; Werbińska-Wojciechowska, Sylwia,","Elsevier,",2023,N/A,N/A, Management. Industrial Management,EBOOKS,https://libswu.on.worldcat.org/oclc/1521262931
1523972810,Anyone can innovateyour step-by-step guide to inclusive innovation /,"Willis, Simon","Pearson Business,",2025,N/A,N/A, Management. Industrial Management,EBOOKS,https://libswu.on.worldcat.org/oclc/1523972810
1525431326,Decarbonizing German Family Firms.,"Friedl, Gunther.","Springer Nature; Springer Fachmedien Wiesbaden,",2025,N/A,N/A, Management. Industrial Management,EBOOKS,https://libswu.on.worldcat.org/oclc/1525431326
1527086617,C57.12.52-2024 - IEEE Standard for Sealed Dry-Type Distribution and Power Transformers - Redline /,"Institute of Electrical and Electronics Engineers,","IEEE,",2024,N/A,N/A, Management. Industrial Management,EBOOKS,https://libswu.on.worldcat.org/oclc/1527086617
1527729485,Navigating the 21st century business world :case studies in management /,"Sallai, Dorottya,Pepper, Alexander,","LSE Press,",2025,N/A,N/A, Management. Industrial Management,EBOOKS,https://libswu.on.worldcat.org/oclc/1527729485
1527730375,"Decarbonizing Value Chains :Proceedings of the 20th Global Conference on Sustainable Manufacturing (GCSM 2024), October 9-11, 2024, Ho Chi Minh City, Vietnam /","Kohl, Holger.Seliger, Günther.Dietrich, Franz.Vien, Ha Thuc.","Springer Nature Switzerland :Imprint: Springer,",2025,N/A,N/A, Management. Industrial Management,EBOOKS,https://libswu.on.worldcat.org/oclc/1527730375
1527731469,Erfolgsfaktoren und Verbandserfolgsmessung :Eine empirische Analyse am Beispiel des DEHOGA-Baden-Württemberg /,"Kauderer, Hans-Ulrich.","Springer Fachmedien Wiesbaden :Imprint: Springer Gabler,",2025,N/A,N/A, Management. Industrial Management,EBOOKS,https://libswu.on.worldcat.org/oclc/1527731469
1527926076,Henley manager update.,Henley Management College.,"Braybrooke Press ;Henley Management College,",1998,N/A,N/A, Management. Industrial Management,EJOURNALS/EMAGAZINES,https://libswu.on.worldcat.org/oclc/1527926076
1528629664,Philosophy and management :great minds and organizational ideas /,"Sułkowski, Łukasz,; Dacko-Pikiewicz, Zdzisława,Szczepańska-Woszczyna, Katarzyna,","Routledge,",2026,N/A,N/A, Management. Industrial Management,EBOOKS,https://libswu.on.worldcat.org/oclc/1528629664
1528651958,"Advancing safety, service, and performance in organizations with impactful leadership /","Roache, Darcia Ann Marie,; IGI Global Scientific Publishing,","IGI Global Scientific Publishing,",2026,N/A,N/A, Management. Industrial Management,EBOOKS,https://libswu.on.worldcat.org/oclc/1528651958
1528965466,Good Business,Marthe Hesselmans.,Springer Nature,2025,N/A,N/A, Management. Industrial Management,EBOOKS,https://libswu.on.worldcat.org/oclc/1528965466
1528967217,3410-2025 - IEEE Guide for Large-Scale Financial Risk Management Models /,"Institute of Electrical and Electronics Engineers,","IEEE,",2025,N/A,N/A, Management. Industrial Management,EBOOKS,https://libswu.on.worldcat.org/oclc/1528967217
1531818572,The portable MBA in project management,"Verzuh, Eric.; EBSCO eBook.","Wiley,",2003,N/A,N/A, Management. Industrial Management,EBOOKS,https://libswu.on.worldcat.org/oclc/1531818572
1531888228,Strategic management,"Sadler, Philip,; EBSCO eBook.","Kogan Page,",2003,N/A,N/A, Management. Industrial Management,EBOOKS,https://libswu.on.worldcat.org/oclc/1531888228
1534340965,REDEFINING MANAGEMENTthe manager/leader-relevant stakeholder paradigm.,"Nicolescu, Ovidiu.; Nicolescu, Ciprian,","ROUTLEDGE,",2026,N/A,N/A, Management. Industrial Management,EBOOKS,https://libswu.on.worldcat.org/oclc/1534340965
1547759668,Risk quantification and allocation methods for practitioners /,"Belles-Sampera, Jaume,; Guillen, Montserrat,Santolino, Miguel,","Routledge,",2025,N/A,N/A, Management. Industrial Management,EBOOKS,https://libswu.on.worldcat.org/oclc/1547759668
1550455200,Social business hybrids and economic inclusion :the empowerment of marginalized people /,"Mongelli, Luca,; Rullani, Francesco,","Routledge,",2026,N/A,N/A, Management. Industrial Management,EBOOKS,https://libswu.on.worldcat.org/oclc/1550455200
1555349741,Strategic Business Research.,N/A,"Elsevier Ltd.,",2025,N/A,3051-0643, Management. Industrial Management,EJOURNALS/EMAGAZINES,https://libswu.on.worldcat.org/oclc/1555349741
1561199808,Sustainable Innovation Cultures.,"Breuer, Hennin.; Ivanov, Kiril.","De Gruyter; De Gruyter,",2025,N/A,N/A, Management. Industrial Management,EBOOKS,https://libswu.on.worldcat.org/oclc/1561199808
1568044844,Whistleblowing management systems and speak-up cultures :alignment with international standards and requirements /,"Vandekerckhove, Wim.","Springer,",2026,N/A,N/A, Management. Industrial Management,EBOOKS,https://libswu.on.worldcat.org/oclc/1568044844
1569673506,Financial security and household life insurance :bridging the gap /,"Dębicka, Joanna,; Jędrzychowska, Anna,","Routledge,",2025,N/A,N/A, Management. Industrial Management,EBOOKS,https://libswu.on.worldcat.org/oclc/1569673506
1569917241,Investigación en Metodologías Emergentes para la Formación Universitaria en Entornos Empresariales Público-Privados,"Calafat-Marzal, Consuelo.; Guijarro Tarradellas, Ester.Marín Sánchez, María del Mar.","Dykinson, S.L.,",2025,N/A,N/A, Management. Industrial Management,EBOOKS,https://libswu.on.worldcat.org/oclc/1569917241
1572420432,Managing organizational and societal challenges of AI :insights from education and cyber security /,"Walancik, Marek,; Klonowska, Iwona,Bukowski, Michal,","Routledge,",2026,N/A,N/A, Management. Industrial Management,EBOOKS,https://libswu.on.worldcat.org/oclc/1572420432
1573977242,A society of meta-organizations,"Berkowitz, Héloïse,",Open Book Publishers,2026,N/A,N/A, Management. Industrial Management,EBOOKS,https://libswu.on.worldcat.org/oclc/1573977242
1576166566,A microscopic theory of resource and psychology management under constraint :from hidden mismatches to meaningful living /,"Nguyen, Nghia Chi,","Springer,",2026,N/A,N/A, Management. Industrial Management,EBOOKS,https://libswu.on.worldcat.org/oclc/1576166566
1577799707,ESTRATEGIA Y COMPETITIVIDADclaves para la gestion de las microempresas.,MARTHA LORENA FIGUEROA-SOLEDISPA; REGINA JIMENEZ-C.,"SOPHIA EDITIONS,",2025,N/A,N/A, Management. Industrial Management,EBOOKS,https://libswu.on.worldcat.org/oclc/1577799707
1581720150,"Unleashing innovation the East Asian way :startup ecosystems in Japan, South Korea and China /","Cheng, Ying; Cross, Adam,Hemmert, Martin,Kapturkiewicz, Agata,Kotosaka, Masahiro,Waldenberger, Franz,","Springer,",2026,N/A,N/A, Management. Industrial Management,EBOOKS,https://libswu.on.worldcat.org/oclc/1581720150
1581951680,Unternehmensdynamik und alternde Bevölkerung /,"Engel, Dirk.","Duncker and Humblot,",2007,N/A,N/A, Management. Industrial Management,EBOOKS,https://libswu.on.worldcat.org/oclc/1581951680
1583175893,Relaciones Públicas. Oportunidades para la Sociedad Actual,"Ruiz-Mora, Isabel.; Gabino-Campos, María A.Pulido-Polo, Marta.","Dykinson, S.L.,",2025,N/A,N/A, Management. Industrial Management,EBOOKS,https://libswu.on.worldcat.org/oclc/1583175893
1583219831,Tendencias Emergentes en Dirección de Empresas.,"Castelló-Sirvent, Fernando.","Dykinson, S.L.,",2025,N/A,N/A, Management. Industrial Management,EBOOKS,https://libswu.on.worldcat.org/oclc/1583219831
1583220850,Decoding Data :A Complete Guide to Business Intelligence,Marcella Papini; Amara AtifFlorence MwagwabiYang YangM. A. QureshiMeena Jha,"Ubiquity Press Ltd.; UTS ePress,",2026,N/A,N/A, Management. Industrial Management,EBOOKS,https://libswu.on.worldcat.org/oclc/1583220850
1586584497,Ambidextres Innovationsmanagement in KMU :Praxisnahe Konzepte und Methoden /,"Lang-Koetz, Claus.; Reischl, Annika.Fischer, Stephan,Weber, Sabrina,Kusch, Anina.","Springer Berlin Heidelberg :Imprint: Springer Gabler,",2023,N/A,N/A, Management. Industrial Management,EBOOKS,https://libswu.on.worldcat.org/oclc/1586584497
1595732515,"Safe and Sustainable Value Creation by DesignProceedings of the 21st Global Conference on Sustainable Manufacturing (GCSM 2025) September 10-12, 2025, Bologna, Italy, Volume 1.","Kohl, Holger.; Seliger, Günther.Dietrich, Franz.Campana, Giampaolo.","Springer,",2026,N/A,N/A, Management. Industrial Management,EBOOKS,https://libswu.on.worldcat.org/oclc/1595732515
1595743391,Transformative AutoritätSystemische Studie Zur Erneuerung Von Führungsbeziehungen Im Konflikt.,"Baumann-Habersack, Frank.","Springer Fachmedien Wiesbaden GmbH,",2026,N/A,N/A, Management. Industrial Management,EBOOKS,https://libswu.on.worldcat.org/oclc/1595743391
1595743647,"Safe and Sustainable Value Creation by DesignProceedings of the 21st Global Conference on Sustainable Manufacturing (GCSM 2025) September 10-12, 2025, Bologna, Italy, Volume 2.","Kohl, Holger.; Seliger, Günther.Dietrich, Franz.Campana, Giampaolo.","Springer,",2026,N/A,N/A, Management. Industrial Management,EBOOKS,https://libswu.on.worldcat.org/oclc/1595743647
1596215827,"Non-financial reporting and ESG performance :standards, challenges and impacts for the SME of tomorrow /","Kendo, Sandra,","Palgrave Macmillan,",2026,N/A,N/A, Management. Industrial Management,EBOOKS,https://libswu.on.worldcat.org/oclc/1596215827
5899892,Mass communication review yearbook.,N/A,"Sage Publications,",1980,0196-8017,N/A, Mass Media. Communication,N/A,https://libswu.on.worldcat.org/oclc/5899892
38525916,Journal of communication inquiry.,"Association for Education in Journalism and Mass Communication,University of Iowa.",Sage Publications,1974,N/A,1552-4612, Mass Media. Communication,EJOURNALS/EMAGAZINES,https://libswu.on.worldcat.org/oclc/38525916
38584155,Communication research.,N/A,Sage Publications,1974,N/A,1552-3810, Mass Media. Communication,EJOURNALS/EMAGAZINES,https://libswu.on.worldcat.org/oclc/38584155
38995125,Information economics and policy.,N/A,North-Holland,1983,N/A,1873-5975, Mass Media. Communication,EJOURNALS/EMAGAZINES,https://libswu.on.worldcat.org/oclc/38995125
39082964,European journal of communication.,N/A,Sage Publications,1986,N/A,1460-3705, Mass Media. Communication,EJOURNALS/EMAGAZINES,https://libswu.on.worldcat.org/oclc/39082964
45727455,Essentials of mass communication theory /,"Berger, Arthur Asa,","Sage Publications,",1995,N/A,N/A, Mass Media. Communication,EBOOKS,https://libswu.on.worldcat.org/oclc/45727455
46606661,Studies in media & information literacy education :SIMILE.,N/A,"University of Toronto Press,",2001,N/A,1496-6603, Mass Media. Communication,EJOURNALS/EMAGAZINES,https://libswu.on.worldcat.org/oclc/46606661
47108631,Discourse :Berkeley journal for theoretical studies in media and culture.,University of Wisconsin--Milwaukee.,"[publisher not identified],Center for Twentieth Century Studies, University of Wisconsin-MilwaukeeIndiana University PressWayne State University Press",1979,N/A,1536-1810, Mass Media. Communication,EJOURNALS/EMAGAZINES,https://libswu.on.worldcat.org/oclc/47108631
49941727,Visual communication.,N/A,"Sage Publications,",2002,N/A,1741-3214, Mass Media. Communication,EJOURNALS/EMAGAZINES,https://libswu.on.worldcat.org/oclc/49941727
50298328,The language of negotiation :a handbook of practical strategies for improving communication /,"Mulholland, Joan,","Routledge,",1991,N/A,N/A, Mass Media. Communication,EBOOKS,https://libswu.on.worldcat.org/oclc/50298328
50322342,Teaching communication /,"Burton, Graeme.; Dimbleby, Richard.","Routledge,",2002,N/A,N/A, Mass Media. Communication,EBOOKS,https://libswu.on.worldcat.org/oclc/50322342
51547642,Critical studies in media communication.,"National Communication Association (U.S.),","Routledge for the National Communication Association,",2000,N/A,1479-5809, Mass Media. Communication,EJOURNALS/EMAGAZINES,https://libswu.on.worldcat.org/oclc/51547642
51866307,Journal of media practice.,N/A,"Intellect,Routledge, Taylor & Francis Group",2000,N/A,2040-0926, Mass Media. Communication,EJOURNALS/EMAGAZINES,https://libswu.on.worldcat.org/oclc/51866307
51906854,How different are we? :spoken discourse in intercultural communication : the significance of the situational context /,"Fitzgerald, Helen,","Multilingual Matters,",2003,N/A,N/A, Mass Media. Communication,EBOOKS,https://libswu.on.worldcat.org/oclc/51906854
52051490,Time and media markets /,"Albarran, Alan B.Arrese, Angel.","Lawrence Erlbaum,",2003,N/A,N/A, Mass Media. Communication,EBOOKS,https://libswu.on.worldcat.org/oclc/52051490
52235540,"Improvisational design :continuous, responsive digital communication /","Ishizaki, Suguru.","MIT Press,",2003,N/A,N/A, Mass Media. Communication,EBOOKS,https://libswu.on.worldcat.org/oclc/52235540
52513609,Media psychology /,"Giles, David,","Lawrence Erlbaum Associates Publishers,",2003,N/A,N/A, Mass Media. Communication,EBOOKS,https://libswu.on.worldcat.org/oclc/52513609
52697287,Atlantic journal of communication.,"Taylor & Francis,Lawrence Erlbaum Associates,","Lawrence Erlbaum Associates,Routledge, Taylor & Francis Group",2004,N/A,1545-6889, Mass Media. Communication,EJOURNALS/EMAGAZINES,https://libswu.on.worldcat.org/oclc/52697287
52760851,Improvised dialogues :emergence and creativity in conversation /,"Sawyer, R. Keith","Ablex Publishing,",2003,N/A,N/A, Mass Media. Communication,EBOOKS,https://libswu.on.worldcat.org/oclc/52760851
52995367,Resumes for communications careers :with sample cover letters /,VGM Career Books (Firm),"VGM Career Books,",2003,N/A,N/A, Mass Media. Communication,EBOOKS,https://libswu.on.worldcat.org/oclc/52995367
53275353,Communication yearbook 27 /,"Kalbfleisch, Pamela J.; International Communication Association.","Lawrence Erlbaum Associates,",2003,N/A,N/A, Mass Media. Communication,EBOOKS,https://libswu.on.worldcat.org/oclc/53275353
53482617,In your face :9 sexual studies /,"Merck, Mandy.","New York University Press,",2000,N/A,N/A, Mass Media. Communication,EBOOKS,https://libswu.on.worldcat.org/oclc/53482617
53722054,"Mixed media :moral distinctions in advertising, public relations, and journalism /","Bivins, Thomas H.","L. Erlbaum Associates,",2004,N/A,N/A, Mass Media. Communication,EBOOKS,https://libswu.on.worldcat.org/oclc/53722054
53795831,Rethinking media change :the aesthetics of transition /,"Thorburn, DavidJenkins, Henry,Seawell, Brad.","MIT Press,",2003,N/A,N/A, Mass Media. Communication,EBOOKS,https://libswu.on.worldcat.org/oclc/53795831
53885087,"New media, 1740-1915 /","Gitelman, Lisa,Pingree, Geoffrey B.,","The MIT Press,",2003,N/A,N/A, Mass Media. Communication,EBOOKS,https://libswu.on.worldcat.org/oclc/53885087
53888895,Communication researchers and policy-making /,"Braman, Sandra.","MIT Press,",2003,N/A,N/A, Mass Media. Communication,EBOOKS,https://libswu.on.worldcat.org/oclc/53888895
53958635,Eloquent images :word and image in the age of new media /,"Hocks, Mary E.Kendrick, Michelle R.","MIT Press,",2003,N/A,N/A, Mass Media. Communication,EBOOKS,https://libswu.on.worldcat.org/oclc/53958635
53983244,Media access :social and psychological dimensions of new technology use /,"Bucy, Erik P.,Newhagen, John E.","L. Erlbaum,",2004,N/A,N/A, Mass Media. Communication,EBOOKS,https://libswu.on.worldcat.org/oclc/53983244
53985095,Media economics :theory and practice /,"Alexander, Alison,","Lawrence Erlbaum,",2004,N/A,N/A, Mass Media. Communication,EBOOKS,https://libswu.on.worldcat.org/oclc/53985095
54493508,"Chinese media, global contexts /","Li, Jinquan,","RoutledgeCurzon,",2003,N/A,N/A, Mass Media. Communication,EBOOKS,https://libswu.on.worldcat.org/oclc/54493508
54702454,Language development :circle time sessions to improve communication skills /,"Nash, Marion.; Lowe, Jackie.Palmer, Tracey.","David Fulton,",2003,N/A,N/A, Mass Media. Communication,EBOOKS,https://libswu.on.worldcat.org/oclc/54702454
54893315,"The scandal of the speaking body :Don Juan with J.L. Austin, or seduction in two languages /","Felman, Shoshana.","Stanford University Press,",2003,N/A,N/A, Mass Media. Communication,EBOOKS,https://libswu.on.worldcat.org/oclc/54893315
55059660,Media international Australia.,"Australian Film, Television & Radio School.",Australian Film Television & Radio School,1995,N/A,2200-467X, Mass Media. Communication,EJOURNALS/EMAGAZINES,https://libswu.on.worldcat.org/oclc/55059660
56340315,Analyzing multimodal interaction :a methodological framework /,"Norris, Sigrid,","Routledge,",2004,N/A,N/A, Mass Media. Communication,EBOOKS,https://libswu.on.worldcat.org/oclc/56340315
56610315,Nordicom review.,Nordicom.NORDICOM/Sverige.Göteborgs universitet.,NordicomDe Gruyter Open,1997,N/A,2001-5119, Mass Media. Communication,EJOURNALS/EMAGAZINES,https://libswu.on.worldcat.org/oclc/56610315
60624239,Comunicación y sociedad.,Universidad de Guadalajara.,"Universidad de Guadalajara, Departamento de Estudios de la Comunicación Social",1987,N/A,2448-9042, Mass Media. Communication,EJOURNALS/EMAGAZINES,https://libswu.on.worldcat.org/oclc/60624239
60630402,Global media and communication.,N/A,"SAGE Publications,",2005,N/A,1742-7673, Mass Media. Communication,EJOURNALS/EMAGAZINES,https://libswu.on.worldcat.org/oclc/60630402
62161904,Revista de comunicación.,Universidad de Piura.,"Facultad de Comunicación, Universidad de Piura,",2002,N/A,2227-1465, Mass Media. Communication,EJOURNALS/EMAGAZINES,https://libswu.on.worldcat.org/oclc/62161904
70144248,Journal of creative communications.,"Mudra Institute of Communications Ahmedabad,","Sage Publications India,",2006,N/A,0973-2594, Mass Media. Communication,EJOURNALS/EMAGAZINES,https://libswu.on.worldcat.org/oclc/70144248
70721108,Marshall McLuhan :cosmic media /,"Marchessault, Janine.","SAGE,",2005,N/A,N/A, Mass Media. Communication,EBOOKS,https://libswu.on.worldcat.org/oclc/70721108
70773914,Good to talk? :living and working in a communication culture /,"Cameron, Deborah,","Sage Publications,",2000,N/A,N/A, Mass Media. Communication,EBOOKS,https://libswu.on.worldcat.org/oclc/70773914
70773920,Media organisation and production /,"Cottle, Simon,","Sage,",2003,N/A,N/A, Mass Media. Communication,EBOOKS,https://libswu.on.worldcat.org/oclc/70773920
70773924,Understanding media economics /,"Doyle, Gillian.","Sage,",2002,N/A,N/A, Mass Media. Communication,EBOOKS,https://libswu.on.worldcat.org/oclc/70773924
70773932,Media ownership :the economics and politics of convergence and concentration in the UK and European media /,"Doyle, Gillian.","SAGE,",2002,N/A,N/A, Mass Media. Communication,EBOOKS,https://libswu.on.worldcat.org/oclc/70773932
70824656,International journal of communication.,Annenberg Center for Communication (University of Southern California),"University of Southern California's Annenberg Center for Communication,",2007,N/A,1932-8036, Mass Media. Communication,EJOURNALS/EMAGAZINES,https://libswu.on.worldcat.org/oclc/70824656
86080842,Discourse & communication.,N/A,"Sage Publications,",2007,N/A,1750-4821, Mass Media. Communication,EJOURNALS/EMAGAZINES,https://libswu.on.worldcat.org/oclc/86080842
127375418,War and media operations :the U.S. military and the press from Vietnam to Iraq /,"Rid, Thomas,","Routledge,",2007,N/A,N/A, Mass Media. Communication,EBOOKS,https://libswu.on.worldcat.org/oclc/127375418
150645902,The media and globalization /,"Rantanen, Terhi.","SAGE,",2005,N/A,N/A, Mass Media. Communication,EBOOKS,https://libswu.on.worldcat.org/oclc/150645902
225067702,"Crime, media, culture :an international journal.",N/A,"Sage Pulications,",2005,N/A,N/A, Mass Media. Communication,EJOURNALS/EMAGAZINES,https://libswu.on.worldcat.org/oclc/225067702
228110138,"Media, war & conflict.",N/A,"Sage Publications,",2008,N/A,1750-6360, Mass Media. Communication,EJOURNALS/EMAGAZINES,https://libswu.on.worldcat.org/oclc/228110138
231335215,"War, image and legitimacy :viewing contemporary conflict /","Michalski, Milena.; Gow, James.","Routledge,",2007,N/A,N/A, Mass Media. Communication,EBOOKS,https://libswu.on.worldcat.org/oclc/231335215
231767721,Revista latina de comunicación social.,Universidad de La Laguna.,"Universidad de La Laguna, Laboratorio de Tecnologías de la Información y Nuevos Análisis de Comunicación Social,",1998,N/A,1138-5820, Mass Media. Communication,EJOURNALS/EMAGAZINES,https://libswu.on.worldcat.org/oclc/231767721
240897662,Palabra Clave.,N/A,N/A,,N/A,0122-8285, Mass Media. Communication,EJOURNALS/EMAGAZINES,https://libswu.on.worldcat.org/oclc/240897662
285516175,"Media literacy in schools :practice, production and progression /","Burn, Andrew; Durran, James.","Paul Chapman Pub.,",2007,N/A,N/A, Mass Media. Communication,EBOOKS,https://libswu.on.worldcat.org/oclc/285516175
290530380,Identity anecdotes :translation and media culture /,"Morris, Meaghan.","SAGE Publications,",2006,N/A,N/A, Mass Media. Communication,EBOOKS,https://libswu.on.worldcat.org/oclc/290530380
290534978,"Communication theory :media, technology and society /","Holmes, David,","SAGE,",2005,N/A,N/A, Mass Media. Communication,EBOOKS,https://libswu.on.worldcat.org/oclc/290534978
294853192,"Representing race :racisms, ethnicities and media /","Downing, John; Husband, Charles.","SAGE,",2005,N/A,N/A, Mass Media. Communication,EBOOKS,https://libswu.on.worldcat.org/oclc/294853192
294901807,The media and cultural production /,"Louw, P. Eric.","Sage,",2001,N/A,N/A, Mass Media. Communication,EBOOKS,https://libswu.on.worldcat.org/oclc/294901807
297224540,Media and violence :gendering the debates /,"Boyle, Karen,","Sage Publications,",2005,N/A,N/A, Mass Media. Communication,EBOOKS,https://libswu.on.worldcat.org/oclc/297224540
297416249,Media anthropology /,"Rothenbuhler, Eric W.Coman, Mihai.","Sage,",2005,N/A,N/A, Mass Media. Communication,EBOOKS,https://libswu.on.worldcat.org/oclc/297416249
298067372,The media and body image :if looks could kill /,"Wykes, Maggie,; Gunter, Barrie.","SAGE,",2005,N/A,N/A, Mass Media. Communication,EBOOKS,https://libswu.on.worldcat.org/oclc/298067372
298074247,Why study the media? /,"Silverstone, Roger.","Sage,",1999,N/A,N/A, Mass Media. Communication,EBOOKS,https://libswu.on.worldcat.org/oclc/298074247
310829915,21st century communication :a reference handbook /,"Eadie, William F.,; Sage Publications.Sage eReference (Online service)","Sage Publications,",2009,N/A,N/A, Mass Media. Communication,EBOOKS,https://libswu.on.worldcat.org/oclc/310829915
310834032,Encyclopedia of communication theory /,"Littlejohn, Stephen W.Foss, Karen A.; Sage Publications.Sage eReference (Online service)","Sage,",2009,N/A,N/A, Mass Media. Communication,EBOOKS,https://libswu.on.worldcat.org/oclc/310834032
313803897,Investigating audiences /,"Ruddock, Andy.","Sage,",2007,N/A,N/A, Mass Media. Communication,EBOOKS,https://libswu.on.worldcat.org/oclc/313803897
316990879,Understanding media users :from theory to practice /,"Wilson, Tony,","Wiley-Blackwell,",2009,N/A,N/A, Mass Media. Communication,EBOOKS,https://libswu.on.worldcat.org/oclc/316990879
318114996,Eptic :revista electrónica internacional de economía de las tecnologías de la información y de la comunicación.,Universidade Federal de Sergipe.,"Eptic,Observatório de Economia e Comunicação",1999,N/A,1518-2487, Mass Media. Communication,EJOURNALS/EMAGAZINES,https://libswu.on.worldcat.org/oclc/318114996
320911553,Alternative media /,"Atton, Chris.","SAGE Publications,",2002,N/A,N/A, Mass Media. Communication,EBOOKS,https://libswu.on.worldcat.org/oclc/320911553
432051413,The SAGE handbook of gender and communication /,"Dow, Bonnie J.Wood, Julia T.; Sage Publications.Sage eReference (Online service)","Sage Publications,",2006,N/A,N/A, Mass Media. Communication,EBOOKS,https://libswu.on.worldcat.org/oclc/432051413
432071748,The SAGE handbook of media studies /,"Downing, John; Sage Publications.","Sage Publications,",2004,N/A,N/A, Mass Media. Communication,EBOOKS,https://libswu.on.worldcat.org/oclc/432071748
432999175,"Audience-citizens :the media, public knowledge and interpretive practice /","Harindranath, Ramaswami,","SAGE Publications India,",2009,N/A,N/A, Mass Media. Communication,EBOOKS,https://libswu.on.worldcat.org/oclc/432999175
464727931,Cultural studies in question /,"Ferguson, Marjorie.Golding, Peter,","Sage Publications,",1997,N/A,N/A, Mass Media. Communication,EBOOKS,https://libswu.on.worldcat.org/oclc/464727931
475597629,Digital material :tracing new media in everyday life and technology /,"Boomen, Marianne van den.","Amsterdam University Press,",2009,N/A,N/A, Mass Media. Communication,EBOOKS,https://libswu.on.worldcat.org/oclc/475597629
503441587,Careers in media and film :the essential guide /,"Gregory, Georgina.; Healy, Ros.Mazierska, Ewa.","Sage,",2007,N/A,N/A, Mass Media. Communication,EBOOKS,https://libswu.on.worldcat.org/oclc/503441587
536416188,Ordinary People and the Media :the Demotic Turn.,"Turner, Graeme.","Sage Publications,",2009,N/A,N/A, Mass Media. Communication,EBOOKS,https://libswu.on.worldcat.org/oclc/536416188
568094299,Wettbewerb im Medienbereich /,"Röper, Burkhardt.; Verein für Socialpolitik.","Duncker & Humblot,",1987,N/A,N/A, Mass Media. Communication,EBOOKS,https://libswu.on.worldcat.org/oclc/568094299
568747188,The handbook of communication science /,"Berger, Charles R.Roloff, Michael E.Roskos-Ewoldsen, David R.; Sage Publications.Sage eReference (Online service)","Sage,",2010,N/A,N/A, Mass Media. Communication,EBOOKS,https://libswu.on.worldcat.org/oclc/568747188
603970325,"Feminism, multiculturalism, and the media :global diversities /","Valdivia, Angharad N.","Sage Publications,",1995,N/A,N/A, Mass Media. Communication,EBOOKS,https://libswu.on.worldcat.org/oclc/603970325
605198355,Global communication in transition /,"Mowlana, Hamid,","Sage Publications,",1996,N/A,N/A, Mass Media. Communication,EBOOKS,https://libswu.on.worldcat.org/oclc/605198355
605357084,Audiences :a sociological theory of performance and imagination /,"Abercrombie, Nicholas.; Longhurst, Brian,","Sage,",1998,N/A,N/A, Mass Media. Communication,EBOOKS,https://libswu.on.worldcat.org/oclc/605357084
605923288,Miscommunication /,"Mortensen, C. David.; Ayres, Carter M.","Sage Publications,",1997,N/A,N/A, Mass Media. Communication,EBOOKS,https://libswu.on.worldcat.org/oclc/605923288
606352083,Covering the community :a diversity handbook for media /,"Aldrich, Leigh Stephens.","Pine Forge Press,",1999,N/A,N/A, Mass Media. Communication,EBOOKS,https://libswu.on.worldcat.org/oclc/606352083
606607246,Chinese American masculinities :from Fu Manchu to Bruce Lee /,"Chan, Jachinson.","Routledge,",2001,N/A,N/A, Mass Media. Communication,EBOOKS,https://libswu.on.worldcat.org/oclc/606607246
607014526,Dialogue :theorizing difference in communication studies /,"Anderson, Rob,Baxter, Leslie A.Cissna, Kenneth N.","Sage Publications,",2004,N/A,N/A, Mass Media. Communication,EBOOKS,https://libswu.on.worldcat.org/oclc/607014526
607385628,On media violence /,"Potter, W. James.","Sage Publications,",1999,N/A,N/A, Mass Media. Communication,EBOOKS,https://libswu.on.worldcat.org/oclc/607385628
607528258,Global information and world communication :new frontiers in international relations /,"Mowlana, Hamid,","Sage,",1997,N/A,N/A, Mass Media. Communication,EBOOKS,https://libswu.on.worldcat.org/oclc/607528258
607530321,"Media and the restyling of politics :consumerism, celebrity and cynicism /","Corner, John,Pels, Dick,","SAGE,",2003,N/A,N/A, Mass Media. Communication,EBOOKS,https://libswu.on.worldcat.org/oclc/607530321
609332060,Religion in the news :faith and journalism in American public discourse /,"Hoover, Stewart M.","Sage Publications,",1998,N/A,N/A, Mass Media. Communication,EBOOKS,https://libswu.on.worldcat.org/oclc/609332060
609425490,"Communication, culture and confrontation /","Bel, Bernard.","Sage,",2010,N/A,N/A, Mass Media. Communication,EBOOKS,https://libswu.on.worldcat.org/oclc/609425490
613473997,The journal of media literacy education.,National Association for Media Literacy Education.Montclair State University.,"National Association for Media Literacy Education,",2009,N/A,2167-8715, Mass Media. Communication,EJOURNALS/EMAGAZINES,https://libswu.on.worldcat.org/oclc/613473997
616229484,Sprache und neue Medien /,"Kallmeyer, Werner.","W. de Gruyter,",2000,N/A,N/A, Mass Media. Communication,EBOOKS,https://libswu.on.worldcat.org/oclc/616229484
622957925,The power of silence :social and pragmatic perspectives /,"Jaworski, Adam,","Sage,",1993,N/A,N/A, Mass Media. Communication,EBOOKS,https://libswu.on.worldcat.org/oclc/622957925
624387081,Voice in social interaction :an interdisciplinary approach /,"Pittam, Jeffery.","Sage Publications,",1994,N/A,N/A, Mass Media. Communication,EBOOKS,https://libswu.on.worldcat.org/oclc/624387081
636670452,Theory of media literacy :a cognitive approach /,"Potter, W. James.","SAGE Publications,",2004,N/A,N/A, Mass Media. Communication,EBOOKS,https://libswu.on.worldcat.org/oclc/636670452
638482976,Ethnic minority media :an international perspective /,"Riggins, Stephen Harold,","Sage Publications,",1992,N/A,N/A, Mass Media. Communication,EBOOKS,https://libswu.on.worldcat.org/oclc/638482976
644113382,Popular culture genres :theories and texts /,"Berger, Arthur Asa,","Sage Publications,",1992,N/A,N/A, Mass Media. Communication,EBOOKS,https://libswu.on.worldcat.org/oclc/644113382
644317730,Media economics :applying economics to new and traditional media /,"Hoskins, Colin.; McFadyen, Stuart.Finn, Adam,","Sage Publications,",2004,N/A,N/A, Mass Media. Communication,EBOOKS,https://libswu.on.worldcat.org/oclc/644317730
646715989,International communication and globalization :a critical introduction /,"Mohammadi, Ali.","Sage Publications,",1997,N/A,N/A, Mass Media. Communication,EBOOKS,https://libswu.on.worldcat.org/oclc/646715989
647883919,Strategic management in the media :from theory to practice /,"Küng, Lucy.","SAGE,",2008,N/A,N/A, Mass Media. Communication,EBOOKS,https://libswu.on.worldcat.org/oclc/647883919
649742074,"The circuit of mass communication :media strategies, representation and audience reception in the AIDS crisis /","Miller, David,; Glasgow Media Group.","Sage,",1998,N/A,N/A, Mass Media. Communication,EBOOKS,https://libswu.on.worldcat.org/oclc/649742074
656295857,"Alceu :revista de comunicação, cultura e política.",Pontifícia Universidade Católica do Rio de Janeiro.,"PUC Rio,",2000,N/A,2175-7402, Mass Media. Communication,EJOURNALS/EMAGAZINES,https://libswu.on.worldcat.org/oclc/656295857
657200940,Contracampo /,Universidade Federal Fluminense.Universidade Federal Fluminense.,"Universidade Federal Fluminense,",1997,N/A,1414-7483, Mass Media. Communication,EJOURNALS/EMAGAZINES,https://libswu.on.worldcat.org/oclc/657200940
657999285,Black pioneers in communication research /,"Jackson, Ronald L.,; Givens, Sonja M. Brown.","Sage Publications,",2006,N/A,N/A, Mass Media. Communication,EBOOKS,https://libswu.on.worldcat.org/oclc/657999285
659252138,Women's studies in communication.,Organization for Research on Women and Communication (U.S.),"Organization for Research on Women and Communication,",1982,N/A,N/A, Mass Media. Communication,EJOURNALS/EMAGAZINES,https://libswu.on.worldcat.org/oclc/659252138
669494744,Media and communication /,"Scannell, Paddy.","Sage,",2007,N/A,N/A, Mass Media. Communication,EBOOKS,https://libswu.on.worldcat.org/oclc/669494744
670428982,Indian media in a globalised world /,"Ranganathan, Maya.; Rodrigues, Usha M.","SAGE,",2010,N/A,N/A, Mass Media. Communication,EBOOKS,https://libswu.on.worldcat.org/oclc/670428982
680229933,Encyclopedia of social movement media /,"Downing, John","SAGE Publications,",2011,N/A,N/A, Mass Media. Communication,EBOOKS,https://libswu.on.worldcat.org/oclc/680229933
680446578,Quantitative research in communication /,"Allen, Mike,; Titsworth, Scott.Hunt, Stephen K.","SAGE,",2009,N/A,N/A, Mass Media. Communication,EBOOKS,https://libswu.on.worldcat.org/oclc/680446578
681902132,"Media policy :convergence, concentration, and commerce /","McQuail, Denis.Siune, Karen.; Euromedia Research Group.","Sage Publications,",1998,N/A,N/A, Mass Media. Communication,EBOOKS,https://libswu.on.worldcat.org/oclc/681902132
694059189,Introduction to media and politics /,"Oates, Sarah.","SAGE,",2008,N/A,N/A, Mass Media. Communication,EBOOKS,https://libswu.on.worldcat.org/oclc/694059189
710992657,The four stages of highly effective crisis management :how to manage the media in the digital age /,"Jordan-Meier, Jane.","CRC Press,",2011,N/A,N/A, Mass Media. Communication,EBOOKS,https://libswu.on.worldcat.org/oclc/710992657
712994451,"Political economy of communications in India :the good, the bad and the ugly /","Thomas, Pradip.","SAGE Publications,",2010,N/A,N/A, Mass Media. Communication,EBOOKS,https://libswu.on.worldcat.org/oclc/712994451
744354014,Circuits of visibility :gender and transnational media cultures /,"Hegde, Radha Sarma,","New York University Press,",2011,N/A,N/A, Mass Media. Communication,EBOOKS,https://libswu.on.worldcat.org/oclc/744354014
750174734,Negotiating communication rights :case studies from India /,"Thomas, Pradip.","Sage Publications,",2011,N/A,N/A, Mass Media. Communication,EBOOKS,https://libswu.on.worldcat.org/oclc/750174734
751998864,Media and memory /,"Garde-Hansen, Joanne,","Edinburgh University Press,",2011,N/A,N/A, Mass Media. Communication,EBOOKS,https://libswu.on.worldcat.org/oclc/751998864
760283401,The political economy of communication /,"Mosco, Vincent.","Sage Publications,",2009,N/A,N/A, Mass Media. Communication,EBOOKS,https://libswu.on.worldcat.org/oclc/760283401
763147323,Los límites de Babel :ensayos sobre la comunicación entre lenguas y culturas /,Grupo Alfaqueque.,"Iberoamericana ;Vervuert,",2010,N/A,N/A, Mass Media. Communication,EBOOKS,https://libswu.on.worldcat.org/oclc/763147323
775860127,Audience evolution :new technologies and the transformation of media audiences /,"Napoli, Philip M.,","Columbia University Press,",2011,N/A,N/A, Mass Media. Communication,EBOOKS,https://libswu.on.worldcat.org/oclc/775860127
786452320,Intercultural theology and study of religions.,N/A,"Rodopi,",2006,N/A,1879-6109, Mass Media. Communication,EJOURNALS/EMAGAZINES,https://libswu.on.worldcat.org/oclc/786452320
787844427,Tantalisingly close :an archaeology of communication desires in discourses of mobile wireless media /,"De Vries, Imar O.,","Amsterdam University Press,",2012,N/A,N/A, Mass Media. Communication,EBOOKS,https://libswu.on.worldcat.org/oclc/787844427
787852260,Teaching media in primary schools /,"Bazalgette, Cary.","SAGE,",2010,N/A,N/A, Mass Media. Communication,EBOOKS,https://libswu.on.worldcat.org/oclc/787852260
795997699,NAMLE update.,National Association for Media Literacy Education.,National Association for Media Literacy Education,2010,N/A,N/A, Mass Media. Communication,EJOURNALS/EMAGAZINES,https://libswu.on.worldcat.org/oclc/795997699
804845976,Radical media :rebellious communication and social movements /,"Downing, John","Sage Publications,",2001,N/A,N/A, Mass Media. Communication,EBOOKS,https://libswu.on.worldcat.org/oclc/804845976
804847807,Agenda-setting /,"Dearing, James W.; Rogers, Everett M.","Sage,",1996,N/A,N/A, Mass Media. Communication,EBOOKS,https://libswu.on.worldcat.org/oclc/804847807
804858858,Communication ethics literacy :dialogue and difference /,"Arnett, Ronald C.,; Fritz, Janie M. Harden,Bell, Leeanne M.","Sage Publications,",2009,N/A,N/A, Mass Media. Communication,EBOOKS,https://libswu.on.worldcat.org/oclc/804858858
806056489,Communication ethics and universal values /,"Christians, Clifford G.Traber, Michael.","Sage Publications,",1997,N/A,N/A, Mass Media. Communication,EBOOKS,https://libswu.on.worldcat.org/oclc/806056489
808342308,Communication planning :an integrated approach /,"Ferguson, Sherry Devereaux.","Sage,",1999,N/A,N/A, Mass Media. Communication,EBOOKS,https://libswu.on.worldcat.org/oclc/808342308
808342409,Mediamorphosis :understanding new media /,"Fidler, Roger F.","Pine Forge Press,",1997,N/A,N/A, Mass Media. Communication,EBOOKS,https://libswu.on.worldcat.org/oclc/808342409
808342763,International and development communication :a 21st-century perspective /,"Mody, Bella.","Sage Publications,",2003,N/A,N/A, Mass Media. Communication,EBOOKS,https://libswu.on.worldcat.org/oclc/808342763
808344266,Communicating effectively with the Chinese /,"Gao, Ge; Ting-Toomey, Stella,","Sage Publications, Inc.,",1998,N/A,N/A, Mass Media. Communication,EBOOKS,https://libswu.on.worldcat.org/oclc/808344266
808344281,The changing conversation in America :lectures from the Smithsonian /,"Eadie, William F.Nelson, Paul E.; Smithsonian Institution.","Sage Publications,",2002,N/A,N/A, Mass Media. Communication,EBOOKS,https://libswu.on.worldcat.org/oclc/808344281
808344358,Critical communication pedagogy /,"Fassett, Deanna L.; Warren, John T.,","Sage Publications,",2007,N/A,N/A, Mass Media. Communication,EBOOKS,https://libswu.on.worldcat.org/oclc/808344358
808376153,Audience analysis /,"McQuail, Denis.","Sage Publications,",1997,N/A,N/A, Mass Media. Communication,EBOOKS,https://libswu.on.worldcat.org/oclc/808376153
808382010,"Understanding ethnic media :producers, consumers, and societies /","Matsaganis, Matthew D.; Katz, Vikki S.Ball-Rokeach, Sandra,","SAGE,",2011,N/A,N/A, Mass Media. Communication,EBOOKS,https://libswu.on.worldcat.org/oclc/808382010
809772403,Communicating Unreality :Modern Media and the Reconstruction of Reality.,"Weimann, Gabriel.","SAGE Publications,",1999,N/A,N/A, Mass Media. Communication,EBOOKS,https://libswu.on.worldcat.org/oclc/809772403
809772705,Non-Western Perspectives on Human Communication :Implications for Theory and Practice.,"Kim, Dr. Min-Sun.","SAGE Publications,",2002,N/A,N/A, Mass Media. Communication,EBOOKS,https://libswu.on.worldcat.org/oclc/809772705
809969447,The Indian media business.,"Kohli, Vanita.","SAGE,",2009,N/A,N/A, Mass Media. Communication,EBOOKS,https://libswu.on.worldcat.org/oclc/809969447
809969747,The media in Europe :the Euromedia handbook : Central and Eastern European.,"Kelly, Mary,Mazzoleni, Gianpietro.McQuail, Denis.; Euromedia Research Group.","SAGE,",2004,N/A,N/A, Mass Media. Communication,EBOOKS,https://libswu.on.worldcat.org/oclc/809969747
812152627,Teaching Communication.,N/A,Taylor & Francis Ltd. / Books.,,N/A,N/A, Mass Media. Communication,EBOOKS,https://libswu.on.worldcat.org/oclc/812152627
812607708,"Proceedings of the 3rd International Conference on Advances in Recent Technologies in Communication and Computing :ARTCom 2011, REVA ITM Campus, Bangalore, India, Sep. 14-15, 2011.","International Conference on Advances in Recent Technologies in Communication and Computing; Association of Computer, Electronics and Electrical Engineers.Institution of Engineering and Technology.","[publisher not identified],",2011,N/A,N/A, Mass Media. Communication,EBOOKS,https://libswu.on.worldcat.org/oclc/812607708
812624910,2009 International Conference on Advances in Recent Technologies in Communication and Computing.,N/A,IEEE,2009,N/A,N/A, Mass Media. Communication,EBOOKS,https://libswu.on.worldcat.org/oclc/812624910
815443011,Rethinking media education :critical pedagogy and identity politics /,"Nowak, Anita.Abel, Sue.Ross, Karen,; Education Research Complete.","Hampton Press,",2007,N/A,N/A, Mass Media. Communication,EBOOKS,https://libswu.on.worldcat.org/oclc/815443011
823693359,Icono 14.,ICONO14 (Organization),"Icono 14 Asociación Científica,",2003,N/A,1697-8293, Mass Media. Communication,EJOURNALS/EMAGAZINES,https://libswu.on.worldcat.org/oclc/823693359
823906702,2012 IEEE 7th International Conference on Industrial and Information Systems.,N/A,IEEE,2012,N/A,N/A, Mass Media. Communication,EBOOKS,https://libswu.on.worldcat.org/oclc/823906702
843081668,Handbook of new media :social shaping and social consequences of ICTs /,"Lievrouw, Leah A.,Livingstone, Sonia M.,","SAGE Publications,",2006,N/A,N/A, Mass Media. Communication,EBOOKS,https://libswu.on.worldcat.org/oclc/843081668
857713266,The Linguistics of Newswriting /,"Perrin, Daniel.","John Benjamins Publishing Company,",2013,N/A,N/A, Mass Media. Communication,EBOOKS,https://libswu.on.worldcat.org/oclc/857713266
859187905,Key concepts in media and communications /,"Jones, Paul,; Holmes, David,","Sage,",2011,N/A,N/A, Mass Media. Communication,EBOOKS,https://libswu.on.worldcat.org/oclc/859187905
861177311,ComHumanitas :revista científica de comunicación.,Universidad de Los Hemisferios.,"Universidad de Los Hemisferios, Facultad de Comunicación,",2010,N/A,1390-776X, Mass Media. Communication,EJOURNALS/EMAGAZINES,https://libswu.on.worldcat.org/oclc/861177311
861227722,Encyclopedia of media violence /,"Eastin, Matthew S.,","SAGE Publications,",2013,N/A,N/A, Mass Media. Communication,EBOOKS,https://libswu.on.worldcat.org/oclc/861227722
870588519,Feeling mediated :a history of media technology and emotion in America /,"Malin, Brenton J.,","NYU Press,",2014,N/A,N/A, Mass Media. Communication,EBOOKS,https://libswu.on.worldcat.org/oclc/870588519
870908032,Departures in critical qualitative research.,University of California Press.,University of California Press,2014,N/A,2333-9489, Mass Media. Communication,EJOURNALS/EMAGAZINES,https://libswu.on.worldcat.org/oclc/870908032
873808048,Communication :an introduction /,"Rosengren, Karl Erik.","Sage Publications,",2000,N/A,N/A, Mass Media. Communication,EBOOKS,https://libswu.on.worldcat.org/oclc/873808048
874178403,Media and terrorism :global perspectives /,"Freedman, Des,Thussu, Daya Kishan.","SAGE,",2012,N/A,N/A, Mass Media. Communication,EBOOKS,https://libswu.on.worldcat.org/oclc/874178403
875379325,Engaging theories in interpersonal communication :multiple perspectives /,"Baxter, Leslie A.Braithwaite, Dawn O.","SAGE,",2008,N/A,N/A, Mass Media. Communication,EBOOKS,https://libswu.on.worldcat.org/oclc/875379325
889798679,The teacher's guide to media literacy :critical thinking in a multimedia world /,"Scheibe, Cyndy.; Rogow, Faith,","Corwin,",2012,N/A,N/A, Mass Media. Communication,EBOOKS,https://libswu.on.worldcat.org/oclc/889798679
889814110,From mutual observation to propaganda war :premodern revolts in their transnational representations /,"Griesse, Malte,","Transcript,",2014,N/A,N/A, Mass Media. Communication,EBOOKS,https://libswu.on.worldcat.org/oclc/889814110
893191137,Proceedings of Fifth International Conferences on Advances in Recent Technologies in Communication and Computing /,"International Conference on Advances in Recent Technologies in Communication and Computing; Association of Computer, Electronics and Electrical Engineers,Indian Society for Technical Education,","IET Digital Library, Institution of Engineering and Technology,",2013,N/A,N/A, Mass Media. Communication,EBOOKS,https://libswu.on.worldcat.org/oclc/893191137
894276570,Understanding media ethics /,"Horner, David Sanford,","SAGE,",2015,N/A,N/A, Mass Media. Communication,EBOOKS,https://libswu.on.worldcat.org/oclc/894276570
898418228,Media Imperialism /,"Boyd-Barrett, Oliver,","SAGE Publications,",2015,N/A,N/A, Mass Media. Communication,EBOOKS,https://libswu.on.worldcat.org/oclc/898418228
915807765,2014 IEEE 19th International Workshop on Computer Aided Modeling and Design of Communication Links and Networks (CAMAD).,"IEEE International Workshop on Computer Aided Modeling and Design of Communication Links and Networks; IEEE Communications Society,Institute of Electrical and Electronics Engineers,","IEEE,",2014,N/A,N/A, Mass Media. Communication,EBOOKS,https://libswu.on.worldcat.org/oclc/915807765
918558201,Youth and Media /,"Ruddock, Andy,","SAGE,",2013,N/A,N/A, Mass Media. Communication,EBOOKS,https://libswu.on.worldcat.org/oclc/918558201
919302207,Media Effects /,"Potter, W. James,","SAGE Publications, Inc,",2012,N/A,N/A, Mass Media. Communication,EBOOKS,https://libswu.on.worldcat.org/oclc/919302207
932497774,"Medium, messenger, transmission :an approach to media philosophy /","Krämer, Sybille,; Enns, Anthony,Krämer, Sybille.","Amsterdam University Press,",2015,N/A,N/A, Mass Media. Communication,EBOOKS,https://libswu.on.worldcat.org/oclc/932497774
936372511,The 11 myths of media violence,"Potter, W. James","SAGE,",2003,N/A,N/A, Mass Media. Communication,EBOOKS,https://libswu.on.worldcat.org/oclc/936372511
936379308,Arguing for a general framework for mass media scholarship,"Potter, W. James","SAGE,",2009,N/A,N/A, Mass Media. Communication,EBOOKS,https://libswu.on.worldcat.org/oclc/936379308
946009512,Knowledge and the norm of assertion :an essay in philosophical science /,"Turri, John,","Open Book Publishers,",2016,N/A,N/A, Mass Media. Communication,EBOOKS,https://libswu.on.worldcat.org/oclc/946009512
947081344,Comunicação e sociedade.,Universidade do Minho.,"Instituto de Ciências Sociais, Universidade do Minho,",1999,N/A,2183-3575, Mass Media. Communication,EJOURNALS/EMAGAZINES,https://libswu.on.worldcat.org/oclc/947081344
947225797,Revista mexicana de comunicación.,N/A,"RMC,",1988,N/A,N/A, Mass Media. Communication,EJOURNALS/EMAGAZINES,https://libswu.on.worldcat.org/oclc/947225797
947232646,Signo y pensamiento.,Pontificia Universidad Javeriana.Pontificia Universidad Javeriana.,"Pontificia Universidad Javeriana, Facultad de Comunicación Social",1900,N/A,N/A, Mass Media. Communication,EJOURNALS/EMAGAZINES,https://libswu.on.worldcat.org/oclc/947232646
947431419,Prisma /,"Universidad Católica del Uruguay ""Dámaso Antonio Larrañaga.""","La Universidad,",1994,N/A,N/A, Mass Media. Communication,EJOURNALS/EMAGAZINES,https://libswu.on.worldcat.org/oclc/947431419
949503372,2015 IEEE 20th International Workshop on Computer Aided Modelling and Design of Communication Links and Networks (CAMAD).,"IEEE International Workshop on Computer Aided Modeling and Design of Communication Links and Networks; Institute of Electrical and Electronics Engineers,","IEEE,",2015,N/A,N/A, Mass Media. Communication,EBOOKS,https://libswu.on.worldcat.org/oclc/949503372
953734585,"The environment in the age of the Internet :activists, communication, and the digital landscape /","Graf, Heike,","Open Book Publishers,",2016,N/A,N/A, Mass Media. Communication,EBOOKS,https://libswu.on.worldcat.org/oclc/953734585
956669364,IEEE Std 281-1984 :IEEE Standard Service Conditions for Power System Communication Equipment.,N/A,"IEEE,",1984,N/A,N/A, Mass Media. Communication,EBOOKS,https://libswu.on.worldcat.org/oclc/956669364
956670535,IEEE Std 823-1989 :IEEE Standard Methodologies for Specifying Voice Grade Channel Transmission Parameters and Evaluating Connection Transmission Performance for Speech Telephony.,N/A,"IEEE,",1990,N/A,N/A, Mass Media. Communication,EBOOKS,https://libswu.on.worldcat.org/oclc/956670535
958034373,OrtsgesprächeRaum und Kommunikation im 19. und 20. Jahrhundert,"Geppert, Alexander C. T.Jensen, UffaWeinhold, JörnJensen, Uffa",transcript Verlag,2005,N/A,N/A, Mass Media. Communication,EBOOKS,https://libswu.on.worldcat.org/oclc/958034373
958034701,Digital Tools in Media StudiesAnalysis and Research. An Overview,"Ross, MichaelGrauer, ManfredFreisleben, BerndGrauer, ManfredFreisleben, Bernd",transcript Verlag,2009,N/A,N/A, Mass Media. Communication,EBOOKS,https://libswu.on.worldcat.org/oclc/958034701
958035110,Media - Migration - IntegrationEuropean and North American Perspectives,"Geißler, RainerPöttker, HorstPöttker, HorstGeißler, Rainer",transcript Verlag,2009,N/A,N/A, Mass Media. Communication,EBOOKS,https://libswu.on.worldcat.org/oclc/958035110
958036316,Medien in Raum und ZeitMaßverhältnisse des Medialen,"Köster, IngoSchubert, KaiKöster, Ingo",transcript Verlag,2009,N/A,N/A, Mass Media. Communication,EBOOKS,https://libswu.on.worldcat.org/oclc/958036316
958036384,"IdentitätsräumeNation, Körper und Geschlecht in den Medien. Eine Topografie","Hipfl, BrigitteKlaus, ElisabethScheer, UtaHipfl, BrigitteKlaus, Elisabeth",transcript Verlag,2004,N/A,N/A, Mass Media. Communication,EBOOKS,https://libswu.on.worldcat.org/oclc/958036384
958047008,MedienRevolutionenBeiträge zur Mediengeschichte der Wahrnehmung,"Schnell, RalfSchnell, Ralf",transcript Verlag,2006,N/A,N/A, Mass Media. Communication,EBOOKS,https://libswu.on.worldcat.org/oclc/958047008
958504849,"Racism, Sexism, and the Media :Multicultural Issues Into the New Communications Age.","Wilson, Clint C.,; Gutiérrez, Félix.Chao, Lena M.","SAGE Publications,",2012,N/A,N/A, Mass Media. Communication,EBOOKS,https://libswu.on.worldcat.org/oclc/958504849
959030391,Visualisierungen des Ereignisses :medienästhetische Betrachtungen zu Bewegung und Stillstand /,"Schmidt, Gunnar",Transcript,2009,N/A,N/A, Mass Media. Communication,EBOOKS,https://libswu.on.worldcat.org/oclc/959030391
964866831,Global media and China.,"Zhongguo chuan mei da xue,",Sage Publications,2016,N/A,2059-4372, Mass Media. Communication,EJOURNALS/EMAGAZINES,https://libswu.on.worldcat.org/oclc/964866831
967521609,IURBAN :intelligent urban energy tool.,"Avellana, Narcís,Fernandez, Alberto,","River Publishers,",2016,N/A,N/A, Mass Media. Communication,EBOOKS,https://libswu.on.worldcat.org/oclc/967521609
971089009,Comunicación y sociedad.,Universidad de Navarra.,Servicio de Publicaciones de la Universidad de Navarra.,1987,N/A,2174-0895, Mass Media. Communication,EJOURNALS/EMAGAZINES,https://libswu.on.worldcat.org/oclc/971089009
971093348,Communication & Society.,"Universidad de Navarra,","Servicio de Publicaciones de la Universidad de Navarra,",2014,N/A,2386-7876, Mass Media. Communication,EJOURNALS/EMAGAZINES,https://libswu.on.worldcat.org/oclc/971093348
972569771,2016 IEEE 21st International Workshop on Computer Aided Modelling and Design of Communication Links and Networks (CAMAD).,"IEEE International Workshop on Computer Aided Modeling and Design of Communication Links and Networks; IEEE Communications Society,Institute of Electrical and Electronics Engineers,","IEEE,",2016,N/A,N/A, Mass Media. Communication,EBOOKS,https://libswu.on.worldcat.org/oclc/972569771
972595796,"2016 International Conference on Microelectronics, Computing and Communications (MicroCom).",N/A,"IEEE,",2016,N/A,N/A, Mass Media. Communication,EBOOKS,https://libswu.on.worldcat.org/oclc/972595796
972636922,"DMIAF 2016 :2016 Digital Media Industry and Academic Forum : proceedings : July 4-6, 2016, Santorini, Greece.","Digital Media Industry and Academic Forum; Panepistēmio Patrōn,Institute of Electrical and Electronics Engineers.Institute of Electrical and Electronics Engineers,","IEEE,",2016,N/A,N/A, Mass Media. Communication,EBOOKS,https://libswu.on.worldcat.org/oclc/972636922
979612206,Image :Zur Genealogie eines Kommunikationscodes der Massenmedien /,"Kautt, York,","transcript Verlag,",2008,N/A,N/A, Mass Media. Communication,EBOOKS,https://libswu.on.worldcat.org/oclc/979612206
979825907,Privacy and the media /,"McStay, Andrew,","SAGE,",2017,N/A,N/A, Mass Media. Communication,EBOOKS,https://libswu.on.worldcat.org/oclc/979825907
979879467,"Philosophie nach dem ""Medial Turn"" :Beiträge zur Theorie der Mediengesellschaft /","Münker, Stefan,","Transcript Verlag,",2009,N/A,N/A, Mass Media. Communication,EBOOKS,https://libswu.on.worldcat.org/oclc/979879467
980367511,Cultivating Communication in the Classroom :Future-Ready Skills for Secondary Students /,"Johnson, Lisa","Corwin,",2017,N/A,N/A, Mass Media. Communication,EBOOKS,https://libswu.on.worldcat.org/oclc/980367511
983736255,The SAGE encyclopedia of communication research methods /,"Allen, Mike,","SAGE Publications,",2017,N/A,N/A, Mass Media. Communication,EBOOKS,https://libswu.on.worldcat.org/oclc/983736255
990616388,2010 IEEE Wireless Comminications and Networking Conference Workshops.,"IEEE Staff,; IEEE Staff,",I E E E,2010,N/A,N/A, Mass Media. Communication,EBOOKS,https://libswu.on.worldcat.org/oclc/990616388
990746985,"2011 XXIII International Symposium on Information, Communication and Automation Technologies.","IEEE Staff,; IEEE Staff,",IEEE,2011,N/A,N/A, Mass Media. Communication,EBOOKS,https://libswu.on.worldcat.org/oclc/990746985
990751231,2010 IEEE 15th International Workshop on Computer Aided Modeling and Design of Communication Links and Networks.,"Ieee,; Ieee,",IEEE,2010,N/A,N/A, Mass Media. Communication,EBOOKS,https://libswu.on.worldcat.org/oclc/990751231
990761682,"2012 International Conference on Communications, Devices and Intelligent Systems.","IEEE Electrical Insulation Society Staff,",IEEE,2012,N/A,N/A, Mass Media. Communication,EBOOKS,https://libswu.on.worldcat.org/oclc/990761682
992489592,Aggressive Medien :Zur Geschichte des Wissens über Mediengewalt /,"Otto, Isabell,","Transcript Verlag,",2008,N/A,N/A, Mass Media. Communication,EBOOKS,https://libswu.on.worldcat.org/oclc/992489592
999363018,Perspektiven interdisziplinärer Medienphilosophie /,"Ernst, Christoph,Gropp, Petra,Sprengard, Karl Anton,","Transcript Verlag,",2003,N/A,N/A, Mass Media. Communication,EBOOKS,https://libswu.on.worldcat.org/oclc/999363018
1001554171,"Weltereignisse und Massenmedien: Zur Theorie des Weltmedienereignisses :Studien zu John F. Kennedy, Lady Diana und der Titanic /","Morgner, Christian.","[Verlag nicht ermittelbar],",2009,N/A,N/A, Mass Media. Communication,EBOOKS,https://libswu.on.worldcat.org/oclc/1001554171
1012461758,2017 IEEE 22nd International Workshop on Computer Aided Modeling and Design of Communication Links and Networks (CAMAD) :19-21 June 2017.,"IEEE International Workshop on Computer Aided Modeling and Design of Communication Links and Networks; IEEE Communications Society,Institute of Electrical and Electronics Engineers,","IEEE,",2017,N/A,N/A, Mass Media. Communication,EBOOKS,https://libswu.on.worldcat.org/oclc/1012461758
1012463975,2017 International Conference on Inventive Communication and Computational Technologies (ICICCT).,"IEEE Staff,",IEEE,2017,N/A,N/A, Mass Media. Communication,EBOOKS,https://libswu.on.worldcat.org/oclc/1012463975
1012939259,Linguistic pragmatics of intercultural professional and business communication /,"Malyuga, Elena N.,; Orlova, Svetlana N.,","Springer,",2018,N/A,N/A, Mass Media. Communication,EBOOKS,https://libswu.on.worldcat.org/oclc/1012939259
1013735763,Empirische Erforschung internetbasierter Kommunikation /,"Beisswenger, Michael,","De Gruyter,",2017,N/A,N/A, Mass Media. Communication,EBOOKS,https://libswu.on.worldcat.org/oclc/1013735763
1013822759,Communicative figurations :transforming communications in times of deep mediatization /,"Hepp, Andreas,Breiter, Andreas,Hasebrink, Uwe,",Palgrave Macmillan ;,2018,N/A,N/A, Mass Media. Communication,EBOOKS,https://libswu.on.worldcat.org/oclc/1013822759
1013947300,Der andere Austin :Zur Rekonstruktion/Dekonstruktion performativer Äußerungen - von Searle über Derrida zu Cavell und darüber hinaus /,"Rolf, Eckard,","transcript Verlag,",2009,N/A,N/A, Mass Media. Communication,EBOOKS,https://libswu.on.worldcat.org/oclc/1013947300
1014011908,Affective images :post-apartheid documentary perspectives /,"Kesting, Marietta,","State University of New York Press,",2017,N/A,N/A, Mass Media. Communication,EBOOKS,https://libswu.on.worldcat.org/oclc/1014011908
1014211918,"Information and empire :mechanisms of communication in Russia, 1600-1850 /","Franklin, Simon,Bowers, Katherine,; Open Book Publishers,","Open Book Publishers,",2017,N/A,N/A, Mass Media. Communication,EBOOKS,https://libswu.on.worldcat.org/oclc/1014211918
1016383156,Convergence :the international journal of research into new media technologies.,N/A,"Published by J. Libbey & Co. Ltd. and the University of Luton,Sage.",1995,N/A,1748-7382, Mass Media. Communication,EJOURNALS/EMAGAZINES,https://libswu.on.worldcat.org/oclc/1016383156
1018944859,"World building :transmedia, fans, industries /","Boni, Marta,","Amsterdam University Press,",2017,N/A,N/A, Mass Media. Communication,EBOOKS,https://libswu.on.worldcat.org/oclc/1018944859
1020490152,"Research, ethics and risk in the authoritarian field /","Glasius, Marlies,; De Lange, Meta,Bartman, Jos Midas,Dalmasso, Emanuela,Lv, Aofei,Del Sordi, Adele,Michaelsen, Marcus,Ruijgrok, Kris,","Palgrave Macmillan,",2018,N/A,N/A, Mass Media. Communication,EBOOKS,https://libswu.on.worldcat.org/oclc/1020490152
1021804106,Media and Communication in Europe.,"Stepinska, Agnieszka.","Logos Verlag Berlin,",2014,N/A,N/A, Mass Media. Communication,EBOOKS,https://libswu.on.worldcat.org/oclc/1021804106
1023559644,"Feminist media :participatory spaces, networks and cultural citizenship /","Drüeke, Ricarda,Zobl, Elke,","Transcript Verlag,Knowledge Unlatched,",2012,N/A,N/A, Mass Media. Communication,EBOOKS,https://libswu.on.worldcat.org/oclc/1023559644
1026450954,"2016 International Conference on Advances in Computing, Communication, and Automation (ICACCA) (Spring).","IEEE Staff,",IEEE,2016,N/A,N/A, Mass Media. Communication,EBOOKS,https://libswu.on.worldcat.org/oclc/1026450954
1028609102,"Communicating, Networking, Interacting :the International Year of Global Understanding - IYGU /","Robertson, Margaret E.,","Springer International Publishing :Imprint :Springer,",2016,N/A,N/A, Mass Media. Communication,EBOOKS,https://libswu.on.worldcat.org/oclc/1028609102
1030816777,Talk in interaction: Comparative dimensions.,N/A,"Finnish Literature Society/SKS,",2009,N/A,N/A, Mass Media. Communication,EBOOKS,https://libswu.on.worldcat.org/oclc/1030816777
1030820742,Linking Clauses and Actions in Social Interaction.,N/A,"Finnish Literature Society/SKS,",2017,N/A,N/A, Mass Media. Communication,EBOOKS,https://libswu.on.worldcat.org/oclc/1030820742
1031128946,New media and transformation of social life in China /,"Wu, Xiaokun,Zheng, Han,Wu, Xinxun,","Sage,",2018,N/A,N/A, Mass Media. Communication,EBOOKS,https://libswu.on.worldcat.org/oclc/1031128946
1031316476,Media ethics :key principles for responsible practice /,"Plaisance, Patrick Lee.","SAGE,",2014,N/A,N/A, Mass Media. Communication,EBOOKS,https://libswu.on.worldcat.org/oclc/1031316476
1031944899,Digital media and innovation :management and design strategies in communication /,"Gershon, Richard A.,","SAGE,",2017,N/A,N/A, Mass Media. Communication,EBOOKS,https://libswu.on.worldcat.org/oclc/1031944899
1033914102,Technische Reproduzierbarkeit :zur Kultursoziologie massenmedialer Vervielfältigung /,"Hieber, LutzSchrage, DominikZiemann, Andreas","Transcript Verlag,",2015,N/A,N/A, Mass Media. Communication,EBOOKS,https://libswu.on.worldcat.org/oclc/1033914102
1046610394,"Sprache im kommunikativen, interaktiven und kulturellen Kontext /","Deppermann, Arnulf,Reineke, Silke,","De Gruyter,",2018,N/A,N/A, Mass Media. Communication,EBOOKS,https://libswu.on.worldcat.org/oclc/1046610394
1049913113,Massenmedien und Die Integration Ethnischer Minderheiten in Deutschland :Problemaufriss - Forschungsstand - Bibliographie.,"Geißler, Rainer.; Pöttker, Horst.","Transcript Verlag,",2015,N/A,N/A, Mass Media. Communication,EBOOKS,https://libswu.on.worldcat.org/oclc/1049913113
1049913802,Massenmedien und Die Integration Ethnischer Minderheiten in Deutschland :Band 2: Forschungsbefunde.,"Geißler, Rainer.; Pöttker, Horst.","Transcript Verlag,",2015,N/A,N/A, Mass Media. Communication,EBOOKS,https://libswu.on.worldcat.org/oclc/1049913802
1054252661,Communicating as women in STEM /,"Brammer, Charlotte,","Academic Press, an imprint of Elsevier,",2018,N/A,N/A, Mass Media. Communication,EBOOKS,https://libswu.on.worldcat.org/oclc/1054252661
1058636032,Gender communication theories & analyses :from silence to performance /,"Kroløkke, Charlotte.; Sørensen, Ann Scott.; American Council of Learned Societies.","Sage Publications,",2006,N/A,N/A, Mass Media. Communication,EBOOKS,https://libswu.on.worldcat.org/oclc/1058636032
1058786864,Discovering media literacy :teaching digital media and popular culture in elementary school /,"Hobbs, Renee,; Moore, David Cooper,Buschman, Gail,","Corwin,",2013,N/A,N/A, Mass Media. Communication,EBOOKS,https://libswu.on.worldcat.org/oclc/1058786864
1061071080,"Analog, digital - Opposition oder Kontinuum?zur Theorie und Geschichte einer Unterscheidung","Zons, AlexanderSchröter, JensHaugeland, JohnErnst, WolfgangSchanze, HelmutWerber, NielsScholz, LeanderWinkler, HartmutUhl, MatthiasSchäfer, JörgenLoleit, SimoneSteinmann, HolgerBatchen, GeoffreyKümmel, AlbertPias, ClausSpies, ChristianGalison, PeterStanitzek, GeorgAdelmann, RalfFlückiger, Barbara",Transcript,2004,N/A,N/A, Mass Media. Communication,EBOOKS,https://libswu.on.worldcat.org/oclc/1061071080
1066184301,Civic Media Literacies.,"Mihailidis, Paul.","Routledge,",2018,N/A,N/A, Mass Media. Communication,EBOOKS,https://libswu.on.worldcat.org/oclc/1066184301
1076443360,Marmara iletişim dergisi.,Marmara Üniversitesi.,"Marmara Üniversitesi İletişim Fakültesi,",1992,N/A,2529-0053, Mass Media. Communication,EJOURNALS/EMAGAZINES,https://libswu.on.worldcat.org/oclc/1076443360
1078915978,2018 IEEE 23rd International Workshop on Computer Aided Modeling and Design of Communication Links and Networks (CAMAD).,"IEEE International Workshop on Computer Aided Modeling and Design of Communication Links and Networks; Institute of Electrical and Electronics Engineers,","IEEE,",2018,N/A,N/A, Mass Media. Communication,EBOOKS,https://libswu.on.worldcat.org/oclc/1078915978
1082953284,Kurz & Knapp.,"Gamper, Michael.; Mayer, Ruth.","Transcript Verlag,",2017,N/A,N/A, Mass Media. Communication,EBOOKS,https://libswu.on.worldcat.org/oclc/1082953284
1082957056,"Media solidarities :emotions, power and justice in the digital age /","Nikunen, Kaarina,","SAGE,",2019,N/A,N/A, Mass Media. Communication,EBOOKS,https://libswu.on.worldcat.org/oclc/1082957056
1083024342,Impact of Information Society Research in the Global South.,"Chib, Arul.; Barrantes, Roxana.May, Julian.","Springer,",2015,N/A,N/A, Mass Media. Communication,EBOOKS,https://libswu.on.worldcat.org/oclc/1083024342
1084304886,Communication as :perspectives on theory /,"Shepherd, Gregory J.St. John, Jeffrey.Striphas, Theodore G.","SAGE,",2006,N/A,N/A, Mass Media. Communication,EBOOKS,https://libswu.on.worldcat.org/oclc/1084304886
1086308622,Binationale Diskursanalyse :Grundlagen und Fallstudien zum deutsch-polnischen medialen Gegendiskurs /,"Kaczmarek, Dorota,","Wydawnictwo Uniwersytetu Lódzkiego,",2018,N/A,N/A, Mass Media. Communication,EBOOKS,https://libswu.on.worldcat.org/oclc/1086308622
1086492406,Transmedial Narration :Narratives and Stories in Different Media /,"Elleström, Lars.,","Springer International Publishing :Imprint :Palgrave Pivot,",2019,N/A,N/A, Mass Media. Communication,EBOOKS,https://libswu.on.worldcat.org/oclc/1086492406
1089804481,International journal of social media and online communities.,"IGI Global,","IGI Global,",2019,N/A,2642-2255, Mass Media. Communication,EJOURNALS/EMAGAZINES,https://libswu.on.worldcat.org/oclc/1089804481
1090812926,Heroism as a global phenomenon in contemporary culture /,"Korte, Barbara,Wendt, Simon,Falkenhayner, Nicole,","Routledge,",2019,N/A,N/A, Mass Media. Communication,EBOOKS,https://libswu.on.worldcat.org/oclc/1090812926
1090813987,Global humanitarianism and media culture /,"Lawrence, Michael,Tavernor, Rachel,","Manchester University Press,",2019,N/A,N/A, Mass Media. Communication,EBOOKS,https://libswu.on.worldcat.org/oclc/1090813987
1091457466,"Teaching Media: Medientheorie für die Schulpraxis - Grundlagen, Beispiele, Perspektiven (unter Mitarbeit von Linda Leskau, Kathrin Lohse, Arne Malmsheimer und Jens Schröter)",Gregor Schwering.; Elisabeth Kampmann.,Transcript Verlag.,,N/A,N/A, Mass Media. Communication,EBOOKS,https://libswu.on.worldcat.org/oclc/1091457466
1091539076,Twitter als Basis wissenschaftlicher Studien: Eine Bewertung gängiger Erhebungs- und Analysemethoden der Twitter-Forschung,Fabian Pfaffenberger.,Springer Fachmedien Wiesbaden.,,N/A,N/A, Mass Media. Communication,EBOOKS,https://libswu.on.worldcat.org/oclc/1091539076
1091754399,2015 International Conference on Information and Communication Technologies (ICICT),"IEEE Staff,",IEEE,2015,N/A,N/A, Mass Media. Communication,EBOOKS,https://libswu.on.worldcat.org/oclc/1091754399
1104220483,Hands on media history :a new methodology in the humanities and social sciences /,"Hall, Nick,Ellis, John,","Routledge,",2020,N/A,N/A, Mass Media. Communication,EBOOKS,https://libswu.on.worldcat.org/oclc/1104220483
1108793216,Where truth lies :digital culture and documentary media after 9/11 /,"Fallon, Kris,","University of California Press,",2019,N/A,N/A, Mass Media. Communication,EBOOKS,https://libswu.on.worldcat.org/oclc/1108793216
1109794944,Intermediality :Teachers' Handbook of Critical Media Literacy /,"Semali, Ladislaus.; Pailliotet, Ann Watts.","Taylor & Francis Ltd,",1998,N/A,N/A, Mass Media. Communication,EBOOKS,https://libswu.on.worldcat.org/oclc/1109794944
1110434667,Racism and media /,"Titley, Gavan,","SAGE Publications Ltd,",2019,N/A,N/A, Mass Media. Communication,EBOOKS,https://libswu.on.worldcat.org/oclc/1110434667
1110602435,Civic Media Literacies :Re-Imagining Human Connection in an Age of Digital Abundance /,"Mihailidis, Paul,","Routledge,",2018,N/A,N/A, Mass Media. Communication,EBOOKS,https://libswu.on.worldcat.org/oclc/1110602435
1118518549,Türkiye iletişim araştırmaları dergisi =Turkish review of communication studies.,N/A,Marmara Üniversitesi,1992,N/A,2630-6220, Mass Media. Communication,EJOURNALS/EMAGAZINES,https://libswu.on.worldcat.org/oclc/1118518549
1120068633,Seven skills of media literacy /,"Potter, W. James,","SAGE,",2019,N/A,N/A, Mass Media. Communication,EBOOKS,https://libswu.on.worldcat.org/oclc/1120068633
1120695216,Beyond hashtags :racial politics and black digital networks /,"Florini, Sarah,","New York University Press,",2019,N/A,N/A, Mass Media. Communication,EBOOKS,https://libswu.on.worldcat.org/oclc/1120695216
1121054581,Time and space in video games :a cognitive-formalist approach /,"Alvarez Igarzábal, Federico,","Transcript,",2019,N/A,N/A, Mass Media. Communication,EBOOKS,https://libswu.on.worldcat.org/oclc/1121054581
1123193629,News literacy and democracy /,"Ashley, Seth,","Routledge,",2020,N/A,N/A, Mass Media. Communication,EBOOKS,https://libswu.on.worldcat.org/oclc/1123193629
1124769834,"2019 IEEE 24th International Workshop on Computer Aided Modeling and Design of Communication Links and Networks (CAMAD) :proceedings : 11-13 September 2019, Limassol, Cyprus.","IEEE International Workshop on Computer Aided Modeling and Design of Communication Links and Networks; IEEE Communications Society,Institute of Electrical and Electronics Engineers,","IEEE,",2019,N/A,N/A, Mass Media. Communication,EBOOKS,https://libswu.on.worldcat.org/oclc/1124769834
1125842529,Imagining the global :transnational media and popular culture beyond East and West /,"Darling-Wolf, Fabienne,","The University of Michigan Press,",2015,N/A,N/A, Mass Media. Communication,EBOOKS,https://libswu.on.worldcat.org/oclc/1125842529
1130062352,Screen genealogies :from optical device to environmental medium /,"Buckley, Craig,Campe, Rüdiger,Casetti, Francesco,","Amsterdam University Press,",2019,N/A,N/A, Mass Media. Communication,EBOOKS,https://libswu.on.worldcat.org/oclc/1130062352
1132044158,Women in mass communication.,"Creedon, Pamela J.Cramer, Judith.","SAGE,",2007,N/A,N/A, Mass Media. Communication,EBOOKS,https://libswu.on.worldcat.org/oclc/1132044158
1132416482,Distributed blackness :African American cybercultures /,"Brock, André L.,","New York University Press,",2020,N/A,N/A, Mass Media. Communication,EBOOKS,https://libswu.on.worldcat.org/oclc/1132416482
1135549551,The Power of the In-Between: Intermediality as a Tool for Aesthetic Analysis and Critical Reflection,N/A,Stockholm University Press,2018,N/A,N/A, Mass Media. Communication,EBOOKS,https://libswu.on.worldcat.org/oclc/1135549551
1136443044,Anti-intellectualism in American media :magazines & higher education /,"Claussen, Dane S.,","P. Lang,",2004,N/A,N/A, Mass Media. Communication,EBOOKS,https://libswu.on.worldcat.org/oclc/1136443044
1141428911,"2019 IEEE International Conference on Conversational Data & Knowledge Engineering :CDKE 2019 : proceedings : San Diego, California, USA, 9-11 December 2019.","IEEE International Conference on Conversational Data & Knowledge Engineering; IEEE Computer Society,Institute of Electrical and Electronics Engineers.","IEEE Computer Society, Conference Publishing Services,",2019,N/A,N/A, Mass Media. Communication,EBOOKS,https://libswu.on.worldcat.org/oclc/1141428911
1145602021,Media audience research :a guide for professionals /,"Mytton, Graham,; Diem, Peter,Dam, Piet Hein van,","SAGE Publications, Inc.,",2016,N/A,N/A, Mass Media. Communication,EBOOKS,https://libswu.on.worldcat.org/oclc/1145602021
1151842729,Understanding community media /,"Howley, Kevin,","SAGE,",2010,N/A,N/A, Mass Media. Communication,EBOOKS,https://libswu.on.worldcat.org/oclc/1151842729
1154638575,New media in the classroom :rethinking primary literacy /,"Burnett, Cathy; Merchant, Guy,","SAGE Publications Ltd,",2018,N/A,N/A, Mass Media. Communication,EBOOKS,https://libswu.on.worldcat.org/oclc/1154638575
1159153104,2019 8th International Conference on Information and Communication Technologies (ICICT).,IEEE Staff,IEEE,2019,N/A,N/A, Mass Media. Communication,EBOOKS,https://libswu.on.worldcat.org/oclc/1159153104
1163823051,"ExposedLiving with scandal, rumour, and gossip /","Hammarlin, Mia-Marie","Lund University Press,",2019,N/A,N/A, Mass Media. Communication,EBOOKS,https://libswu.on.worldcat.org/oclc/1163823051
1179299502,Media and health /,"Seale, Clive.","SAGE,",2002,N/A,N/A, Mass Media. Communication,EBOOKS,https://libswu.on.worldcat.org/oclc/1179299502
1181898658,"2016 International Conference on Computing Technologies and Intelligent Data Engineering  :7-9 January 2016, Kovilpatti, India /",International Conference on Computing Technologies and Intelligent Data Engineering; IEEE Computer Society.,"Institute of Electrical and Electronics Engineers,",2016,N/A,N/A, Mass Media. Communication,EBOOKS,https://libswu.on.worldcat.org/oclc/1181898658
1182820451,"2016 25th International Conference on Computer Communication and Networks :1-4 August 2016, Waikoloa, HI, USA /","International Conference on Computer Communication and Networks; Institute of Electrical and Electronics Engineers,","Institute of Electrical and Electronics Engineers,",2016,N/A,N/A, Mass Media. Communication,EBOOKS,https://libswu.on.worldcat.org/oclc/1182820451
1182821043,"2016 12th International Conference on Intelligent Environments :14-16 September 2016, London, UK /","International Conference on Intelligent Environments; IEEE Computer Society,","Institute of Electrical and Electronics Engineers,",2016,N/A,N/A, Mass Media. Communication,EBOOKS,https://libswu.on.worldcat.org/oclc/1182821043
1182821886,"Proceedings of the International FRUCT Conference on Intelligence, Social Media and Web (ISMW FRUCT 2016) :28 August-4 September 2016, Saint-Petersburg, Russia /","Institute of Electrical and Electronics Engineers,","Institute of Electrical and Electronics Engineers,",2016,N/A,N/A, Mass Media. Communication,EBOOKS,https://libswu.on.worldcat.org/oclc/1182821886
1196819931,"Internationalizing ""international communication"" /","Li, Jinquan,","University of Michigan Press,",2014,N/A,N/A, Mass Media. Communication,EBOOKS,https://libswu.on.worldcat.org/oclc/1196819931
1198086625,The media welfare state :Nordic media in the digital era /,"Syvertsen, Trine,; Enli, Gunn,Mjos, Ole J.,Moe, Hallvard.","The University of Michigan Press,",2014,N/A,N/A, Mass Media. Communication,EBOOKS,https://libswu.on.worldcat.org/oclc/1198086625
1198645118,Staging China :the politics of mass spectacle /,"Schneider, Florian,","Leiden University Press,",2019,N/A,N/A, Mass Media. Communication,EBOOKS,https://libswu.on.worldcat.org/oclc/1198645118
1198929250,"Medienqualität :Diskurse aus dem Grimme-Institut zu Fernsehen, Internet und Radio /","Gerlach, Frauke,; Staatskanzlei des Landes Nordrhein-Westfalen,","Transcript-Verlag,",2020,N/A,N/A, Mass Media. Communication,EBOOKS,https://libswu.on.worldcat.org/oclc/1198929250
1198930974,Mediality on Trial :Testing and Contesting Trance and other Media Techniques /,"Voss, Ehler,","De Gruyter Oldenbourg,",2020,N/A,N/A, Mass Media. Communication,EBOOKS,https://libswu.on.worldcat.org/oclc/1198930974
1201692813,Introducing vigliant audiences /,"Trottier, Daniel,Gabdulhakov, Rashid,Huang, Qian,; Open Book Publishers,","Open Book Publishers,",2020,N/A,N/A, Mass Media. Communication,EBOOKS,https://libswu.on.worldcat.org/oclc/1201692813
1202481103,Gegen\Dokumentation :Operationen - Foren - Interventionen /,"Canpalat, Esra,Haffke, Maren,Horn, Sarah,Hüttemann, Felix,Preuss, Matthias","Transcipt Verlag,",2020,N/A,N/A, Mass Media. Communication,EBOOKS,https://libswu.on.worldcat.org/oclc/1202481103
1202624188,Perspektiven pragmatischer Medienphilosophie :Grundlagen - Anwendungen - Praktiken /,"Sandbothe, Mike,","Transcript-Verlag,",2020,N/A,N/A, Mass Media. Communication,EBOOKS,https://libswu.on.worldcat.org/oclc/1202624188
1202866857,Beyond media borders :intermedial relations among multimodal media.,"Elleström, Lars,","Palgrave Macmillan,",2020,N/A,N/A, Mass Media. Communication,EBOOKS,https://libswu.on.worldcat.org/oclc/1202866857
1204632421,Arabian journal for media & communication.,"Saudi Association for Media & Communication,",Saudi Association for Media & Communication,2000,N/A,N/A, Mass Media. Communication,EJOURNALS/EMAGAZINES,https://libswu.on.worldcat.org/oclc/1204632421
1224019594,"News grazers  :media, politics, and trust in an information age /","Forgette, Richard,","CQ Press, an imprint of SAGE Publications, Inc.,",2019,N/A,N/A, Mass Media. Communication,EBOOKS,https://libswu.on.worldcat.org/oclc/1224019594
1226077268,"Images of Dutchness :popular visual culture, early cinema, and the emergence of a national cliché, 1800-1914 /","Dellmann, Sarah,","Amsterdam University Press,",2018,N/A,N/A, Mass Media. Communication,EBOOKS,https://libswu.on.worldcat.org/oclc/1226077268
1226680290,Bildwelten des Wissens :Kunsthistorisches Jahrbuch für Bildkritik.,"Estelle, Blaschke,Friedrich, Tietjen,Gertrud, Koch,Kerstin, Schankweiler,Müller-Helle, Katja,Philipp, Müller,Simon, Rothöhler,Susanne von, Falkenhausen,Volker, Pantenburg,; Humboldt-Universität zu Berlin,","De Gruyter,",2020,N/A,N/A, Mass Media. Communication,EBOOKS,https://libswu.on.worldcat.org/oclc/1226680290
1228890630,"Exploring media researchtheories, practice, and purpose /","Ruddock, Andy,","SAGE,",2017,N/A,N/A, Mass Media. Communication,EBOOKS,https://libswu.on.worldcat.org/oclc/1228890630
1228897119,Introducing media practicethe essential guide /,"Kerry, Matthew,; Stone, Georgia,","Sage,",2018,N/A,N/A, Mass Media. Communication,EBOOKS,https://libswu.on.worldcat.org/oclc/1228897119
1229041953,Beyond media borders.,"Elleström, Lars,","Palgrave Macmillan,",2021,N/A,N/A, Mass Media. Communication,EBOOKS,https://libswu.on.worldcat.org/oclc/1229041953
1229332680,2016 2nd International Conference on Applied and Theoretical Computing and Communication Technology (iCATccT).,"International Conference on Applied and Theoretical Computing and Communication Technology; Niranjan, S. K.,; Institute of Electrical and Electronics Engineers.Institute of Electrical and Electronics Engineers,",IEEE,2016,N/A,N/A, Mass Media. Communication,EBOOKS,https://libswu.on.worldcat.org/oclc/1229332680
1229525102,Chinese Domestic Politics and Foreign Policy in the 1970s.,Allen S. Whiting.,U OF M CENTER FOR CHINESE STUDIES,2020,N/A,N/A, Mass Media. Communication,EBOOKS,https://libswu.on.worldcat.org/oclc/1229525102
1229890841,On the Press as an Unofficial Tribunal.,N/A,Great Neck Publishing,2017,N/A,N/A, Mass Media. Communication,EBOOKS,https://libswu.on.worldcat.org/oclc/1229890841
1230255134,Solidarity in the media and public contention over refugees in Europe /,"Cinalli, Manlio,; Trenz, Hans-Jörg,Brändle, Verena K.,Eisele, Olga,Lahusen, Christian,","Routledge,",2021,N/A,N/A, Mass Media. Communication,EBOOKS,https://libswu.on.worldcat.org/oclc/1230255134
1237040142,Medios indígenas :teorías y experiencias de la comunicación Indígena en América Latina /,"Orobitg, Gemma,","Iberoamericana ;Vervuert,",2020,N/A,N/A, Mass Media. Communication,EBOOKS,https://libswu.on.worldcat.org/oclc/1237040142
1239998332,"2016 22nd Asia-Pacific Conference on Communications :25-27 August 2016, Yogyakarta, Indonesia /",Asia-Pacific Conference on Communications; IEEE Communications Society.,"Institute of Electrical and Electronics Engineers,",2016,N/A,N/A, Mass Media. Communication,EBOOKS,https://libswu.on.worldcat.org/oclc/1239998332
1240712808,Media and crime in the U.S. /,"Jewkes, Yvonne,; Linnemann, Travis,","Sage,",2018,N/A,N/A, Mass Media. Communication,EBOOKS,https://libswu.on.worldcat.org/oclc/1240712808
1240715806,Media analysis techniques /,"Berger, Arthur Asa,","SAGE Publications, Inc.,",2019,N/A,N/A, Mass Media. Communication,EBOOKS,https://libswu.on.worldcat.org/oclc/1240715806
1241253592,Arab Media Systems /,"Kozman, Claudia,Richter, Carola,; Open Book Publishers,","Open Book Publishers,",2021,N/A,N/A, Mass Media. Communication,EBOOKS,https://libswu.on.worldcat.org/oclc/1241253592
1246783934,Medienwissenschaften :Meyer-Struckmann-Preis 2015: Winfried Schulz /,"Kaiser, Gert,Rosar, Ulrich,Rosar, Ulrich,Schulz, Winfried,Steinbeck, Anja,","düsseldorf university press,",2016,N/A,N/A, Mass Media. Communication,EBOOKS,https://libswu.on.worldcat.org/oclc/1246783934
1252740707,Hate speech and polarization in participatory society /,"Pérez Escolar, Marta,Noguera Vivo, José Manuel,","Routledge,",2021,N/A,N/A, Mass Media. Communication,EBOOKS,https://libswu.on.worldcat.org/oclc/1252740707
1253313742,Die Ästhetisierung und Politisierung des Todes :Handyvideos von Gewalt und Tod im Syrienkonflikt /,"Meis, Mareike,","Transcript-Verlag,",2021,N/A,N/A, Mass Media. Communication,EBOOKS,https://libswu.on.worldcat.org/oclc/1253313742
1256260600,"Technology, Media Literacy, and the Human Subject :a posthuman approach /","Lewis, Richard S.,","Open Book Publishers,",2021,N/A,N/A, Mass Media. Communication,EBOOKS,https://libswu.on.worldcat.org/oclc/1256260600
1256584793,"Verfestigungen in der Interaktion :Konstruktionen, sequenzielle Muster, kommunikative Gattungen /","Weidner, Beate,Günthner, Susanne,; Verfestigungen in der Interaktion - Konstruktionen, sequenzielle Muster, Gattungen","Walter de Gruyter GmbH,",2021,N/A,N/A, Mass Media. Communication,EBOOKS,https://libswu.on.worldcat.org/oclc/1256584793
1256589898,"Digital passages: migrant youth 2.0 :diaspora, gender and youth cultural intersections /","Leurs, Koen,","Amsterdam University Press,",2015,N/A,N/A, Mass Media. Communication,EBOOKS,https://libswu.on.worldcat.org/oclc/1256589898
1256591088,Communication and materiality :written and unwritten communication in pre-modern societies /,"Enderwitz, Susanne,Sauer, Rebecca,","De Gruyter,",2015,N/A,N/A, Mass Media. Communication,EBOOKS,https://libswu.on.worldcat.org/oclc/1256591088
1259132381,2019 4th International Conference on Information Technology Research (ICITR).,N/A,IEEE.,2019,N/A,N/A, Mass Media. Communication,EBOOKS,https://libswu.on.worldcat.org/oclc/1259132381
1259593913,"Polemische Öffentlichkeiten :zur Geschichte und Gegenwart von Meinungskämpfen in Literatur, Medien und Politik /","Dubbels, Elke,Fohrmann, Jürgen,Schütte, Andrea,","Transcript,",2021,N/A,N/A, Mass Media. Communication,EBOOKS,https://libswu.on.worldcat.org/oclc/1259593913
1260119280,"2016 International Conference on Control, Decision and Information Technologies :6-8 April 2016, St. Julian's, Malta /","International Conference on Control, Decision and Information Technologies","Institute of Electrical and Electronics Engineers,",2016,N/A,N/A, Mass Media. Communication,EBOOKS,https://libswu.on.worldcat.org/oclc/1260119280
1260248511,Échanges et communications :mélanges offerts à Claude Lévi-Strauss à l'occasion de son 60ème anniversaire.,"Pouillon, Jean.Maranda, Pierra.","Mouton,",1970,N/A,N/A, Mass Media. Communication,EBOOKS,https://libswu.on.worldcat.org/oclc/1260248511
1263866565,Mediated narration in the digital age  :storying the media world /,"Gloviczki, Peter Joseph,","University of Nebraska Press,",2021,N/A,N/A, Mass Media. Communication,EBOOKS,https://libswu.on.worldcat.org/oclc/1263866565
1266228715,Vergemeinschaftung und Distinktion :eine gesprächsanalytische Studie über Positionierungspraktiken in Diskussionen über TV-Serien /,"Weiser-Zurmühlen, Kristin,; Universitätsbibliothek Bielefeld,","De Gruyter,",2021,N/A,N/A, Mass Media. Communication,EBOOKS,https://libswu.on.worldcat.org/oclc/1266228715
1266229444,Digital Roots :Historicizing Media and Communication Concepts of the Digital Age /,"Balbi, Gabriele,Ribeiro, Nelson,Schafer, Valérie,Schwarzenegger, Christian,Aasman, Susan,Bolin, Göran,Balbi, Gabriele,Benecchi, Eleonora,Bory, Paolo,Bourdon, Jérôme,Brennan, Edward,Day Good, Katie,Fickers, Andreas,Fortunati, Leopoldina,Hanley, Monika,Heijden, Tim van der,Kaun, Anne,Kittler, Juraj,Koenen, Erik,Löblich, Maria,Munoriyarwa, Allen,Musiani, Francesca,Natale, Simone,O'Sullivan, John,Ribeiro, Nelson,Rospocher, Massimo,Schafer, Valérie,Schwarzenegger, Christian,Slootweg, Tom,Thierry, Benjamin,Treré, Emiliano,Trudel, Dominique,Venema, Niklas,Wang, Erika,; Université de Luxembou","De Gruyter Oldenbourg,",2021,N/A,N/A, Mass Media. Communication,EBOOKS,https://libswu.on.worldcat.org/oclc/1266229444
1266286676,Narratives Crossing BordersThe Dynamics of Cultural Interaction /,"Jansson, Bo G.","Stockholm University Press,",2021,N/A,N/A, Mass Media. Communication,EBOOKS,https://libswu.on.worldcat.org/oclc/1266286676
1268474501,Media infrastructures and the politics of digital time :essays on hardwired temporalities /,"Volmar, Axel,Stine, Kyle,","Amsterdam University Press,",2021,N/A,N/A, Mass Media. Communication,EBOOKS,https://libswu.on.worldcat.org/oclc/1268474501
1268551629,Conversations in community change:voices from the field  /,"Stephenson, Max O.; Grimes, Cathy; Institute for Policy and Government at Virginia Tech","Virginia Tech Publishing,",2021,N/A,N/A, Mass Media. Communication,EBOOKS,https://libswu.on.worldcat.org/oclc/1268551629
1273728675,Commodifying violence in literature and on screen :the Colombian condition /,"Herrero-Olaizola, Alejandro,","Routledge,",2021,N/A,N/A, Mass Media. Communication,EBOOKS,https://libswu.on.worldcat.org/oclc/1273728675
1280944423,Mediale Affektökonomie :Emotionen im Reality TV und deren Kommentierung bei Facebook /,"Töpper, Claudia,","transcript Verlag,",2021,N/A,N/A, Mass Media. Communication,EBOOKS,https://libswu.on.worldcat.org/oclc/1280944423
1281901668,Doing visual analysis :from theory to practice /,"Ledin, Per,; Machin, David,","SAGE Publications,",2018,N/A,N/A, Mass Media. Communication,EBOOKS,https://libswu.on.worldcat.org/oclc/1281901668
1285782274,"The post-screen through virtual reality, holograms and light projections :where screen boundaries lie /","Ng, Jenna.,","Amsterdam University Press,",2021,N/A,N/A, Mass Media. Communication,EBOOKS,https://libswu.on.worldcat.org/oclc/1285782274
1287274949,"2016 38th Electrical Overstress/Electrostatic Discharge Symposium :11-16 September 2016, Garden Grove, CA, USA /","Electrical Overstress/Electrostatic Discharge Symposium; Institute of Electrical and Electronics Engineers,","Institute of Electrical and Electronics Engineers,",2016,N/A,N/A, Mass Media. Communication,EBOOKS,https://libswu.on.worldcat.org/oclc/1287274949
1291712229,Working misunderstandings :an ethnography of project collaboration in a multinational corporation in India /,"Mörike, Frauke,","Transcript Verlag,",2022,N/A,N/A, Mass Media. Communication,EBOOKS,https://libswu.on.worldcat.org/oclc/1291712229
1295886533,Journal of Dialogue Studies.,N/A,"Institute for Dialogue Studies, Dialogue Society.",,N/A,N/A, Mass Media. Communication,EJOURNALS/EMAGAZINES,https://libswu.on.worldcat.org/oclc/1295886533
1298391447,Herausforderung Medien :zwischen Freiheit und Zwang /,"Hippe, Werner,Oberender, Peter,","Duncker & Humblot,",1997,N/A,N/A, Mass Media. Communication,EBOOKS,https://libswu.on.worldcat.org/oclc/1298391447
1298711168,"Children, teens, families, and mass media :the millennial generation /","Kundanis, Rose M.,","L. Erlbaum,",2003,N/A,N/A, Mass Media. Communication,EBOOKS,https://libswu.on.worldcat.org/oclc/1298711168
1302164790,Gleichzeitigkeit in der Interaktion :Strukturelle (In)Kompatibilität bei Multiaktivitäten in Theaterproben /,"Krug, Maximilian,","De Gruyter,",2022,N/A,N/A, Mass Media. Communication,EBOOKS,https://libswu.on.worldcat.org/oclc/1302164790
1308511094,"Rethinking orality I :codification, transcodification and transmission of 'cultural messages' /","Ercolani, Andrea,Lulli, Laura,","De Gruyter,",2022,N/A,N/A, Mass Media. Communication,EBOOKS,https://libswu.on.worldcat.org/oclc/1308511094
1308756743,2022 IEEE 19th Annual Consumer Communications & Networking Conference (CCNC).,N/A,"IEEE,",2022,N/A,N/A, Mass Media. Communication,EBOOKS,https://libswu.on.worldcat.org/oclc/1308756743
1308952910,"Media, erotics, and transnational Asia /","Mankekar, Purnima,Schein, Louisa,","Duke University Press,",2012,N/A,N/A, Mass Media. Communication,EBOOKS,https://libswu.on.worldcat.org/oclc/1308952910
1308952987,"Plataformas, consumo mediático y nuevas realidades digitales :Hacia una perspectiva integradora /","Valero Pastor, José María,","Dykinson S.L.,",2021,N/A,N/A, Mass Media. Communication,EBOOKS,https://libswu.on.worldcat.org/oclc/1308952987
1308953026,Las redes de la comunicación :Estudios multidisciplinares actuales /,"Mancinas-Chávez, Rosalba,Figuereo Benítez, Juan C.,","Dykinson S.L.,",2021,N/A,N/A, Mass Media. Communication,EBOOKS,https://libswu.on.worldcat.org/oclc/1308953026
1308953042,El progreso de la comunicación en la era de los prosumidores /,"Blanco Pérez, Manuel,","Dykinson S.L.,",2021,N/A,N/A, Mass Media. Communication,EBOOKS,https://libswu.on.worldcat.org/oclc/1308953042
1308953133,Aktuální problémy mediální výchovy a mediální gramotnost žáků 2. stupně ZŠ /,"Mikulcová, Klára,; Kopecký, Kamil,; Univerzita Palackého v Olomouci.","Univerzita Palackého v Olomouci,",2020,N/A,N/A, Mass Media. Communication,EBOOKS,https://libswu.on.worldcat.org/oclc/1308953133
1311088986,"Proceedings :2021 20th International Conference on Ubiquitous Computing and Communications, 2021 20th International Conference on Computer and Information Technology, 2021 4th International Conference on Data Science and Computational Intelligence, 2021 11th International Conference on Smart Computing, Networking, and Services (IUCC/CIT/DSCI?SmartCNS) : London, UK, 20-22 December 2021 /","IEEE International Conference on Ubiquitous Computing and Communications; Hu, Jia,; IEEE Computer Society,Institute of Electrical and Electronics Engineers,","IEEE Computer Society, Conference Publishing Services,",2021,N/A,N/A, Mass Media. Communication,EBOOKS,https://libswu.on.worldcat.org/oclc/1311088986
1312013818,"Media, democracy and social change /","Davis, Aeron,; Fenton, Natalie,Freedman, Des,Khiabany, Gholam,","SAGE Publications Ltd,",2020,N/A,N/A, Mass Media. Communication,EBOOKS,https://libswu.on.worldcat.org/oclc/1312013818
1312327188,"Making media matter :critical literacy, popular culture, and creative production /","Thevenin, Benjamin,","Routledge, Taylor & Francis Group,",2022,N/A,N/A, Mass Media. Communication,EBOOKS,https://libswu.on.worldcat.org/oclc/1312327188
1313967910,2022 International Conference on Business Analytics for Technology and Security (ICBATS) :16-17 Feb. 2022.,"International Conference on Business Analytics for Technology and Security; Institute of Electrical and Electronics Engineers,","IEEE,",2022,N/A,N/A, Mass Media. Communication,EBOOKS,https://libswu.on.worldcat.org/oclc/1313967910
1317387161,Information  /,"Ritchie, L. David.","SAGE,",1991,N/A,N/A, Mass Media. Communication,EBOOKS,https://libswu.on.worldcat.org/oclc/1317387161
1319451179,"Media audiences :effects, users, institutions, and power /","Sullivan, John L.","SAGE Publications, Inc.,",2020,N/A,N/A, Mass Media. Communication,EBOOKS,https://libswu.on.worldcat.org/oclc/1319451179
1322124373,"Das Karussell - Schwindel, Tausch und Täuschung :Szenen einer Medienphilosophie /","Bohn, Ralf,; BMBF Fördervorhaben 16TOA002","transcript Verlag,",2022,N/A,N/A, Mass Media. Communication,EBOOKS,https://libswu.on.worldcat.org/oclc/1322124373
1322446580,Rethinking Orality II :the mechanisms of the oral communication system in the case of the Archaic Epos /,"Ercolani, Andrea,Lulli, Laura,","De Gruyter,",2022,N/A,N/A, Mass Media. Communication,EBOOKS,https://libswu.on.worldcat.org/oclc/1322446580
1325198139,Health crises and media discourses in Sub-Saharan Africa /,"Dralega, Carol Azungi,Napakol, Angella,","Springer,",2022,N/A,N/A, Mass Media. Communication,EBOOKS,https://libswu.on.worldcat.org/oclc/1325198139
1334344618,Argumentationen über den Klimawandel in Schweizer Medien :Entwicklung einer sektoralen Argumentationstheorie und -typologie für den Diskurs über Klimawandel zwischen 2007 und 2014 /,"Kammermann, Nadine,; Schweizerischer Nationalfonds zur Förderung der Wissenschaftlichen Forschung,","De Gruyter,",2022,N/A,N/A, Mass Media. Communication,EBOOKS,https://libswu.on.worldcat.org/oclc/1334344618
1334660276,"Medien(sub)kultur :Geschichten, Diskurse, Entwürfe /","Jacke, Christoph,","Transcript,",2004,N/A,N/A, Mass Media. Communication,EBOOKS,https://libswu.on.worldcat.org/oclc/1334660276
1334661538,"Medien, Diskurs, Weltpolitik :wie Massenmedien die internationale Politik beeinflussen /","Brand, Alexander,","Transcript,",2012,N/A,N/A, Mass Media. Communication,EBOOKS,https://libswu.on.worldcat.org/oclc/1334661538
1334662167,Stories :screen narrative in the digital era /,"Christie, Ian,Oever, Annie van den,","Amsterdam University Press,",2018,N/A,N/A, Mass Media. Communication,EBOOKS,https://libswu.on.worldcat.org/oclc/1334662167
1336956855,"Literacy for digital futures :mind, body, text /","Mills, Kathy,; Unsworth, Len,Scholes, Laura,","Routledge,",2023,N/A,N/A, Mass Media. Communication,EBOOKS,https://libswu.on.worldcat.org/oclc/1336956855
1338836331,Kommunikation Von Aufsichtsratsvorsitzenden  :Grundlagen - Strukturen - Ziele - Management.,"Binder-Tietz, Sandra.","Springer Fachmedien Wiesbaden GmbH,",2022,N/A,N/A, Mass Media. Communication,EBOOKS,https://libswu.on.worldcat.org/oclc/1338836331
1340074753,Encyclopedia of gender in media /,"Kosut, Mary.","SAGE Publications,",2012,N/A,N/A, Mass Media. Communication,EBOOKS,https://libswu.on.worldcat.org/oclc/1340074753
1340088338,Exploring media culture :a guide /,"Real, Michael R.,","Sage Publications, Inc.,",1996,N/A,N/A, Mass Media. Communication,EBOOKS,https://libswu.on.worldcat.org/oclc/1340088338
1343206991,"Discourses, modes, media and meaning in an era of pandemic :a multimodal discourse analysis approach /","Tan, Sabine,K. L. E, Marissa,","Routledge,",2023,N/A,N/A, Mass Media. Communication,EBOOKS,https://libswu.on.worldcat.org/oclc/1343206991
1346173043,"Proceedings, 2022 International Conference on Computing, Communication and Power Technology :7 January-8 January 2022, Visakhapatnam, India /","International Conference on Computing, Communication and Power Technology; IEEE Computer Society,Raghu Institute of Technology,India and Raghu Engineering College,IEEE Vizag Bay Section,","IEEE Computer Society, Conference Publishing Services,",2022,N/A,N/A, Mass Media. Communication,EBOOKS,https://libswu.on.worldcat.org/oclc/1346173043
1346260458,Wider die Geschichtsvergessenheit :Inszenierte Geschichte - historische Differenz - kritisches Bewusstsein /,"Febel, Gisela,Kerth, Sonja,Lienert, Elisabeth,","Transcript Verlag,",2022,N/A,N/A, Mass Media. Communication,EBOOKS,https://libswu.on.worldcat.org/oclc/1346260458
1348380588,LIVE A/V IN AUSTRALIA,"COOKE, GRAYSON.","UTS EPRESS,",2020,N/A,N/A, Mass Media. Communication,EBOOKS,https://libswu.on.worldcat.org/oclc/1348380588
1348481384,Afectos y violencias en la cultura latinoamericana /,"Dhondt, Reindert,Mandolessi, Silvana,Zícari, Martín,","Iberoamericana Editorial Vervuert,",2022,N/A,N/A, Mass Media. Communication,EBOOKS,https://libswu.on.worldcat.org/oclc/1348481384
1348871830,Nordic media histories of propaganda and persuasion /,"Norén, Fredrik,Stjernholm, Emil,Thomson, C. Claire,","Palgrave Macmillan,",2023,N/A,N/A, Mass Media. Communication,EBOOKS,https://libswu.on.worldcat.org/oclc/1348871830
1349090011,21st century media and female mental health :profitable vulnerability and sad girl culture /,"Thelandersson, Fredrika,","Palgrave Macmillan,",2023,N/A,N/A, Mass Media. Communication,EBOOKS,https://libswu.on.worldcat.org/oclc/1349090011
1356978774,Hate speech :linguistic perspectives /,"Guillén-Nieto, Victoria,","De Gruyter Mouton,",2023,N/A,N/A, Mass Media. Communication,EBOOKS,https://libswu.on.worldcat.org/oclc/1356978774
1356978776,Bildmedien :Materialität - Semiotik - Ästhetik : Festschrift für Klaus Sachs-Hombach zum 65. Geburtstag /,"Berndt, Frauke,Thon, Jan-Noël,","De Gruyter,",2023,N/A,N/A, Mass Media. Communication,EBOOKS,https://libswu.on.worldcat.org/oclc/1356978776
1356978848,Doing experimental media archaeology :practice /,"Heijden, Tim van der,; Kolkowski, Aleksander,","De Gruyter,",2022,N/A,N/A, Mass Media. Communication,EBOOKS,https://libswu.on.worldcat.org/oclc/1356978848
1356978896,Doing experimental media archaeology :theory /,"Fickers, Andreas,; Oever, Annie van den,","De Gruyter,",2022,N/A,N/A, Mass Media. Communication,EBOOKS,https://libswu.on.worldcat.org/oclc/1356978896
1364316675,"EL PODER DE LA COMUNICACION  :actores, estrategias y alternativas.","García Orta, María José,Martín Santos, Román,","DYKINSON,",2022,N/A,N/A, Mass Media. Communication,EBOOKS,https://libswu.on.worldcat.org/oclc/1364316675
1364347154,"EL PODER DE LA COMUNICACION  :periodismo, educacion y feminismo.","García Orta, María José,Martín Santos, Román,","DYKINSON,",2022,N/A,N/A, Mass Media. Communication,EBOOKS,https://libswu.on.worldcat.org/oclc/1364347154
1369573710,The currency of truth :newsmaking and the late-­socialist imaginaries of China's digital era /,"Chua, Emily H. C.; Michigan Publishing (University of Michigan),","University of Michigan Press,",2023,N/A,N/A, Mass Media. Communication,EBOOKS,https://libswu.on.worldcat.org/oclc/1369573710
1369654743,"Del Periodismo a Los Prosumidores. Mensajes, Lenguajes y Sociedad.","Moya López, Daniel.; Nogales Bocio, Antonia Isabel.","Dykinson, S.L.,",2022,N/A,N/A, Mass Media. Communication,EBOOKS,https://libswu.on.worldcat.org/oclc/1369654743
1374584556,"Medientechnologie und Affekt :Kameras, ihre Anwendung und die Poetik des Irakkriegsfilms /","Pogodda, Cilli,","De Gruyter,",2023,N/A,N/A, Mass Media. Communication,EBOOKS,https://libswu.on.worldcat.org/oclc/1374584556
1375653793,The media and communications study skills student guide /,"Specht, Doug,","University of Westminster Press,",2019,N/A,N/A, Mass Media. Communication,EBOOKS,https://libswu.on.worldcat.org/oclc/1375653793
1375657145,Digital literacies /,"Gillen, Julia,","Routledge, Taylor and Francis Group,",2014,N/A,N/A, Mass Media. Communication,EBOOKS,https://libswu.on.worldcat.org/oclc/1375657145
1376365840,Beyond Hashtags,"Florini, Sarah.",NYU Press,2019,N/A,N/A, Mass Media. Communication,EBOOKS,https://libswu.on.worldcat.org/oclc/1376365840
1377673647,2021 International Conference on Advances in Computing and Communications (ICACC) /,"Institute of Electrical and Electronics Engineers,","Institute of Electrical and Electronics Engineers,",2021,N/A,N/A, Mass Media. Communication,EBOOKS,https://libswu.on.worldcat.org/oclc/1377673647
1377822308,2021 First International Conference on Advances in Computing and Future Communication Technologies (ICACFCT) /,"Institute of Electrical and Electronics Engineers,","IEEE,",2021,N/A,N/A, Mass Media. Communication,EBOOKS,https://libswu.on.worldcat.org/oclc/1377822308
1377823307,2021 3rd International Conference on Research and Academic Community Services (ICRACOS) /,"Institute of Electrical and Electronics Engineers,","Institute of Electrical and Electronics Engineers,",2021,N/A,N/A, Mass Media. Communication,EBOOKS,https://libswu.on.worldcat.org/oclc/1377823307
1377824505,"2022 IEEE International Conference on Visual Communications and Image Processing (VCIP) :13 December 2022 - 16 December 2022 Geographic Location Suzhou, China, Hybrid /","IEEE Visual Communications and Image Processing (Conference); IEEE Circuits and Systems Society,Institute of Electrical and Electronics Engineers,","IEEE,",2023,N/A,N/A, Mass Media. Communication,EBOOKS,https://libswu.on.worldcat.org/oclc/1377824505
1377824936,2021 International Conference on Design Innovations for 3Cs Compute Communicate Control (ICDI3C) /,"Institute of Electrical and Electronics Engineers,","IEEE,",2021,N/A,N/A, Mass Media. Communication,EBOOKS,https://libswu.on.worldcat.org/oclc/1377824936
1380359383,Feeling sick :the early years of AIDS in Spain /,"Allbritton, Dean,","Liverpool University Press,",2023,N/A,N/A, Mass Media. Communication,EBOOKS,https://libswu.on.worldcat.org/oclc/1380359383
1380586290,IEEE INFOCOM 2022 :IEEE Conference on Computer Communications : 2-5 May 2022.,"IEEE INFOCOM; Institute of Electrical and Electronics Engineers,","IEEE,",2022,N/A,N/A, Mass Media. Communication,EBOOKS,https://libswu.on.worldcat.org/oclc/1380586290
1385451817,Proceedings of the 1st International Conference on Research in Communication and Media (ICORCOM 2021).,"Purnamasari, Oktaviana.Yusuf, Muhammad.Longani, Kirti Dang.Utari, Syifa Astasia.Patrianti, Tria.Shabana, Amin.","Atlantis Press (Zeger Karssen),",2023,N/A,N/A, Mass Media. Communication,EBOOKS,https://libswu.on.worldcat.org/oclc/1385451817
1387607616,Entgrenzte Öffentlichkeit :Debattenkulturen im politischen und medialen Wandel /,"Jung, Simone,Kempf, Victor,","Transcript Verlag,",2023,N/A,N/A, Mass Media. Communication,EBOOKS,https://libswu.on.worldcat.org/oclc/1387607616
1388208027,Expanding peace journalism  :comparative and critical approaches /,"Lynch, Jake.Shaw, Ibrahim Seaga.Hackett, Robert A.","Sydney University Press,",2011,N/A,N/A, Mass Media. Communication,EBOOKS,https://libswu.on.worldcat.org/oclc/1388208027
1389625044,2nd IEEE International Conference on Vision Towards Emerging Trends in Communication and Networking Technologies :conference proceedings /,"IEEE Vision Towards Emerging Trends in Communication and Networking Technologies; V., Thanikaiselvan,S., Renuga Devi,T., Shankar,S., Kalaivani,; Institute of Electrical and Electronics Engineers,Vellore Institute of Technology.","Institute of Electrical and Electronics Engineers,",2023,N/A,N/A, Mass Media. Communication,EBOOKS,https://libswu.on.worldcat.org/oclc/1389625044
1389887688,The Routledge handbook of ecomedia studies /,"Lopez, Antonio,Ivakhiv, AdrianRust, Stephen,Tola, Miriam,Chang, Alenda Y.,Chu, Kiu-wai,","Routledge,",2024,N/A,N/A, Mass Media. Communication,EBOOKS,https://libswu.on.worldcat.org/oclc/1389887688
1391020730,"Proceedings of the 2022 International Conference on Information, Control, and Communication Technologies (ICCT) :October 3-7, 2022, Astrakhan, Russia /","International Conference on Information, Control, and Communication Technologies; Vishnevskiĭ, V. M.,Vytovtov, Konstantin,Barabanova Elizaveta,; Institut problem upravlenii︠a︡ im. V.A. Trapeznikova,Institute of Electrical and Electronics Engineers.","V.A. Trapeznikov Institute of Control Sciences of Russian Academy of Sciences,",2022,N/A,N/A, Mass Media. Communication,EBOOKS,https://libswu.on.worldcat.org/oclc/1391020730
1391693633,La comunicación y el lenguaje entre las personas :herramientas didácticas para el desarrollo de las sociedades /,"Suárez Vilagran, Maria del Mar,","Dykinson, S.L.,",2023,N/A,N/A, Mass Media. Communication,EBOOKS,https://libswu.on.worldcat.org/oclc/1391693633
1391693636,"Pensamiento, arte y comunicación: la importancia de hacer llegar el mensaje /","Navarro Sierra, Nuria,Vinader Segura, Raquel,Serrano Villalobos, Olga,","Dykinson SL,",2023,N/A,N/A, Mass Media. Communication,EBOOKS,https://libswu.on.worldcat.org/oclc/1391693636
1392133518,DataPublics :the construction of publics in datafied democracies /,"Møller Hartley, Jannie,Sørensen, Jannick Kirk,Mathieu, David,",Bristol University Press,2023,N/A,N/A, Mass Media. Communication,EBOOKS,https://libswu.on.worldcat.org/oclc/1392133518
1395074711,The media systems in Europe :continuities and discontinuities /,"Papathanassopoulos, S.,Miconi, Andrea,","Springer,",2023,N/A,N/A, Mass Media. Communication,EBOOKS,https://libswu.on.worldcat.org/oclc/1395074711
1396847766,"2022 7th International Conference on Multimedia Communication Technologies :proceedings: ICMCT 2022 : 7-9 July 2022, Xiamen, China.","International Conference on Multimedia Communication Technologies; Hua qiao da xue,IEEE Computer Society,","IEEE Computer Society, Conference Publishing Services,",2022,N/A,N/A, Mass Media. Communication,EBOOKS,https://libswu.on.worldcat.org/oclc/1396847766
1396857120,"2023 International Conference on Computing, Networking and Communications (ICNC) :took place February 20-22, 2023 in Honolulu, Hawaii, USA.","International Conference on Computing, Networking and Communications","IEEE,",2023,N/A,N/A, Mass Media. Communication,EBOOKS,https://libswu.on.worldcat.org/oclc/1396857120
1397762620,"2023 Fourth International Conference on Frontiers of Computers and Communication Engineering :proceedings : FCCE 2023 : 7-9 January 2023, Xiamen, China.",International Conference on Frontiers of Computers and Communication Engineering.,"IEEE Computer Society, Conference Publishing Service,",2023,N/A,N/A, Mass Media. Communication,EBOOKS,https://libswu.on.worldcat.org/oclc/1397762620
1402116859,Postdigital participation in education :how contemporary media constellations shape participation /,"Weich, Andreas,Macgilchrist, Felicitas,","Palgrave Macmillan,",2023,N/A,N/A, Mass Media. Communication,EBOOKS,https://libswu.on.worldcat.org/oclc/1402116859
1405825034,Cubriendo la ira social y política en el mundo árabe :la prensa española y la mediación de las movilizaciones de la Primavera Árabe /,"Irakrak, Nasma,",Dykinson SL,2023,N/A,N/A, Mass Media. Communication,EBOOKS,https://libswu.on.worldcat.org/oclc/1405825034
1406835674,Inefficient mapping :a protocol for attuning to phenomena /,"Knight, Linda,","Advanced Methods,",2021,N/A,N/A, Mass Media. Communication,EBOOKS,https://libswu.on.worldcat.org/oclc/1406835674
1408804092,Misunderstandings :false beliefs in communication /,"Weizsäcker, Georg,","Open Book Publishers,",2023,N/A,N/A, Mass Media. Communication,EBOOKS,https://libswu.on.worldcat.org/oclc/1408804092
1409204514,Mediating gender in post-authoritarian South Korea /,"Cho, MichelleSong, Jesook,; Michigan Publishing (University of Michigan),","University of Michigan Press,",2024,N/A,N/A, Mass Media. Communication,EBOOKS,https://libswu.on.worldcat.org/oclc/1409204514
1410129519,Trade Unions on YouTubeOnline Revitalization in Sweden.,"Jansson, Jenny.; Uba, Katrin.",Springer Nature,2019,N/A,N/A, Mass Media. Communication,EBOOKS,https://libswu.on.worldcat.org/oclc/1410129519
1410139588,Methoden kontrastiver Medienlinguistik.,"Tienken, Susanne,Hauser, Stefan,Lenk, Hartmut E. H.Luginbühl, Martin,",Peter Lang International Academic Publishers,2021,N/A,N/A, Mass Media. Communication,EBOOKS,https://libswu.on.worldcat.org/oclc/1410139588
1410315512,SMPTE 2022 Media Technology Summit :24-27 Oct. 2022.,SMPTE Media Technology Summit,"[publisher not identified],",2022,N/A,N/A, Mass Media. Communication,EBOOKS,https://libswu.on.worldcat.org/oclc/1410315512
1413401532,Communication Research into the Digital SocietyFundamental Insights from the Amsterdam School of Communication Research,"Araujo, TheoNeijens, Peter",Amsterdam University Press,2024,N/A,N/A, Mass Media. Communication,EBOOKS,https://libswu.on.worldcat.org/oclc/1413401532
1415210036,"2023 International Conference on Engineering Management of Communication and Technology (EMCTECH) :16-18 October 2023, Springer Schloessl, Vienna, Austria : conference proceedings /","Institute of Electrical and Electronics Engineers,","IEEE,",2023,N/A,N/A, Mass Media. Communication,EBOOKS,https://libswu.on.worldcat.org/oclc/1415210036
1415216656,"2023 20th Annual IEEE International Conference on Sensing, Communication, and Networking (SECON) :11-14 Sept. 2023.","IEEE International Conference on Sensing, Communication, and Networking; Institute of Electrical and Electronics Engineers,","IEEE,",2023,N/A,N/A, Mass Media. Communication,EBOOKS,https://libswu.on.worldcat.org/oclc/1415216656
1417599974,Derivative media :how Wall Street devours culture /,"DeWaard, Andrew,","University of California Press,",2024,N/A,N/A, Mass Media. Communication,EBOOKS,https://libswu.on.worldcat.org/oclc/1417599974
1423777653,"El fenómeno de la desinformación :reflexiones, casos y propuestas/","Dafonte-Gómez, Alberto,Míguez González, María Isabel,","Dykinson, S.L.,",2023,N/A,N/A, Mass Media. Communication,EBOOKS,https://libswu.on.worldcat.org/oclc/1423777653
1423777696,La comunicación para la paz ante los desafíos globales /,"Congreso Internacional Comunicación y Ciudadanía; Arévalo Salinas, Alex Iván,Blanco Morett, Álvaro,Barranquero Carretero, Alejandro,; Universidad de Extremadura,Asociación Española de Investigación de la Comunicación.","Dykinson SL,",2023,N/A,N/A, Mass Media. Communication,EBOOKS,https://libswu.on.worldcat.org/oclc/1423777696
1427212517,"Delay - Mediengeschichten der Verzögerung, 1850-1950.","Borbach, Christoph,",transcript Verlag,2024,N/A,N/A, Mass Media. Communication,EBOOKS,https://libswu.on.worldcat.org/oclc/1427212517
1427689299,"Proceedings, 2023 IEEE Ninth Multimedia Big Data (BigMM).",IEEE Multimedia Big Data,"IEEE Computer Society,",2023,N/A,N/A, Mass Media. Communication,EBOOKS,https://libswu.on.worldcat.org/oclc/1427689299
1429760979,2023 IEEE Virtual Conference on Communications (VCC) /,"IEEE Virtual Conference on Communications; Institute of Electrical and Electronics Engineers,","IEEE,",2023,N/A,N/A, Mass Media. Communication,EBOOKS,https://libswu.on.worldcat.org/oclc/1429760979
1429766286,2024 26th International Conference on Advanced Communications Technology (ICACT) /,"International Conference on Advanced Communications Technology; Institute of Electrical and Electronics Engineers,Global IT Research Institute (GIRI),","IEEE,",2024,N/A,N/A, Mass Media. Communication,EBOOKS,https://libswu.on.worldcat.org/oclc/1429766286
1429769112,"2023 IEEE 28th International Workshop on Computer Aided Modeling and Design of Communication Links and Networks (CAMAD) :6-8 November 2023, Edinburgh, United Kingdom /","IEEE International Workshop on Computer Aided Modeling and Design of Communication Links and Networks; Institute of Electrical and Electronics Engineers,","IEEE,",2023,N/A,N/A, Mass Media. Communication,EBOOKS,https://libswu.on.worldcat.org/oclc/1429769112
1429914224,"2023 International Conference on Communication System, Computing and IT Applications (CSCITA) /","Institute of Electrical and Electronics Engineers,","IEEE,",2023,N/A,N/A, Mass Media. Communication,EBOOKS,https://libswu.on.worldcat.org/oclc/1429914224
1429914743,"2023 International Conference on Intelligent Systems for Communication, IoT and Security (ICISCoIS) /","Institute of Electrical and Electronics Engineers,","IEEE,",2023,N/A,N/A, Mass Media. Communication,EBOOKS,https://libswu.on.worldcat.org/oclc/1429914743
1429915791,2023 International Conference on IT Innovation and Knowledge Discovery (ITIKD) /,"Institute of Electrical and Electronics Engineers,","IEEE,",2023,N/A,N/A, Mass Media. Communication,EBOOKS,https://libswu.on.worldcat.org/oclc/1429915791
1430659999,"Proceedings of the 4th International Conference on Communication, Language, Education and Social Sciences (CLESS 2023).","Zainudin, Muhamad Izzuddin.; Rahmat, Hawa.","Atlantis Press (Zeger Karssen),",2024,N/A,N/A, Mass Media. Communication,EBOOKS,https://libswu.on.worldcat.org/oclc/1430659999
1432159771,"Superspreader, Popkultur und mediale Diskurse im Angesicht der Pandemie /","Görgen, Arno,Eichinger, Tobias,Pfister, Eugen,","transcript Verlag,",2024,N/A,N/A, Mass Media. Communication,EBOOKS,https://libswu.on.worldcat.org/oclc/1432159771
1432445987,Europeans and the media :between global and local /,"Miconi, Andrea,","Routledge, Taylor & Francis Group,",2025,N/A,N/A, Mass Media. Communication,EBOOKS,https://libswu.on.worldcat.org/oclc/1432445987
1435750577,New perspectives in interactional linguistic research /,"Selting, Margret,Barth-Weingarten, Dagmar,","John Benjamins Publishing Company,",2024,N/A,N/A, Mass Media. Communication,EBOOKS,https://libswu.on.worldcat.org/oclc/1435750577
1435821799,"2022 IEEE International Performance, Computing, and Communications Conference (IPCCC) /","Institute of Electrical and Electronics Engineers,","IEEE,",2022,N/A,N/A, Mass Media. Communication,EBOOKS,https://libswu.on.worldcat.org/oclc/1435821799
1438988710,"2023 World Conference on Communication & Computing (WCONF) :Raipur, India, July 14-16, 2023.","World Conference on Communication & Computing; Institute of Electrical and Electronics Engineers,","IEEE,",2023,N/A,N/A, Mass Media. Communication,EBOOKS,https://libswu.on.worldcat.org/oclc/1438988710
1442193633,The illiberal public sphere :media in polarized societies /,"Stetka, Václav,; Mihelj, Sabina,","Palgrave Macmillan,",2024,N/A,N/A, Mass Media. Communication,EBOOKS,https://libswu.on.worldcat.org/oclc/1442193633
1442198534,Media tactics in the long twentieth century /,"Cronqvist, Marie,Norén, Fredrik Mohammadi,Stjernholm, Emil,","Routledge,Taylor & Francis Group,",2025,N/A,N/A, Mass Media. Communication,EBOOKS,https://libswu.on.worldcat.org/oclc/1442198534
1443531606,Dangers of narrative and fictionality :a rhetorical approach to storytelling in contemporary western culture /,"Björninen, Samuli,Meyer, Pernille,Mäkelä, Maria,Zetterberg-Nielsen, Henrik,","Peter Lang,",2024,N/A,N/A, Mass Media. Communication,EBOOKS,https://libswu.on.worldcat.org/oclc/1443531606
1443531730,Sprache und Interkulturalit̃t in der digitalen Welt /,"Lietz, Roman,","Peter Lang,",2024,N/A,N/A, Mass Media. Communication,EBOOKS,https://libswu.on.worldcat.org/oclc/1443531730
1446247376,Measuring Exposure and Attention to Media and CommunicationSolutions to Wicked Problems,"Neijens, PeterAraujo, TheoMöller, Judithde Vreese, Claes",Amsterdam University Press,2024,N/A,N/A, Mass Media. Communication,EBOOKS,https://libswu.on.worldcat.org/oclc/1446247376
1450563605,Mediální výchova v kontextu infodemie a nových médií /,"Gyüre, Klára,","Univerzita Palackého v Olomouci, Pedagogická fakulta, Katedra českého jazyka a literatury,",2024,N/A,N/A, Mass Media. Communication,EBOOKS,https://libswu.on.worldcat.org/oclc/1450563605
1451659195,"PROCEEDING OF THE 3RD INTERNATIONAL CONFERENCE ON SOCIAL KNOWLEDGE SCIENCES AND EDUCATION (ICSKSE) 2023""CHANGE AND CONTINUITY IN SOUTHEAST ASIA"".",ADITYA NUGROHO WIDIADI; SHARINA OSMAN; IDRIS IDRIS.,"ATLANTIS PRESS,",2023,N/A,N/A, Mass Media. Communication,EBOOKS,https://libswu.on.worldcat.org/oclc/1451659195
1454132024,Mediale Gegenwelten :Technologien der Emanzipation im 19. Jahrhundert /,"Doll, Martin,","Transcript,",2024,N/A,N/A, Mass Media. Communication,EBOOKS,https://libswu.on.worldcat.org/oclc/1454132024
1457223990,DESK.,"Unione cattolica della stampa italiana,",Unione Cattolica della Stampa Italiana,1900,N/A,N/A, Mass Media. Communication,EJOURNALS/EMAGAZINES,https://libswu.on.worldcat.org/oclc/1457223990
1458653196,International politics of communication :representing community in a globalizing world /,"Chong, Alan,","University of Michigan Press,",2025,N/A,N/A, Mass Media. Communication,EBOOKS,https://libswu.on.worldcat.org/oclc/1458653196
1460372753,Geschlechterstereotype in den MedienGenderlinguistische Einblicke in aktuelle Diskurse und Kommunikate,"Efing, ChristianHeinemann, Sarah",Budrich Academic Press,2024,N/A,N/A, Mass Media. Communication,EBOOKS,https://libswu.on.worldcat.org/oclc/1460372753
1461003440,2024 2nd World Conference on Communication & Computing WCONF.,World Conference on Communication & Computing,"IEEE,",2024,N/A,N/A, Mass Media. Communication,EBOOKS,https://libswu.on.worldcat.org/oclc/1461003440
1465428869,Digitale Medien kompetent in Kitas einsetzen :Eine Übersicht verschiedener Möglichkeiten und Ressourcen /,"Mues, Anna,; Wirth, Astrid,Schiele, Tina,Niklas, Frank,","Springer,",2024,N/A,N/A, Mass Media. Communication,EBOOKS,https://libswu.on.worldcat.org/oclc/1465428869
1465520829,Mobile communications international.,"Sharrock, Stuart.","IBC Pub.,.",1994,0958-157X,N/A, Mass Media. Communication,N/A,https://libswu.on.worldcat.org/oclc/1465520829
1468163073,Cultural communication & socialization journal.,N/A,Zibeline International,2020,N/A,2735-0428, Mass Media. Communication,EJOURNALS/EMAGAZINES,https://libswu.on.worldcat.org/oclc/1468163073
1478716749,2021 IEEE International Symposium on Power Line Communications and its Applications (ISPLC) /,"Institute of Electrical and Electronics Engineers,","Institute of Electrical and Electronics Engineers,",2021,N/A,N/A, Mass Media. Communication,EBOOKS,https://libswu.on.worldcat.org/oclc/1478716749
1478721880,2023 8th International Conference on Computer and Communication Systems (ICCCS) /,"Institute of Electrical and Electronics Engineers (IEEE),","Institute of Electrical and Electronics Engineers (IEEE),",2023,N/A,N/A, Mass Media. Communication,EBOOKS,https://libswu.on.worldcat.org/oclc/1478721880
1479363815,The Intensive Interaction Handbook.,"Hewett, Dave.","SAGE Publications,",2018,N/A,N/A, Mass Media. Communication,EBOOKS,https://libswu.on.worldcat.org/oclc/1479363815
1479723212,Media and propaganda in an age of disinformation /,"Ribeiro, Nelson CostaZelizer, Barbie","Routledge,",2025,N/A,N/A, Mass Media. Communication,EBOOKS,https://libswu.on.worldcat.org/oclc/1479723212
1482083874,"Proceedings of the Third International Conference on Communication, Language, Literature, and Culture (ICCoLliC 2024).","Rarastesa, Zit.Hishamudin Isam.Gajjala, Radhik.","Springer Nature; Atlantis Press,",2024,N/A,N/A, Mass Media. Communication,EBOOKS,https://libswu.on.worldcat.org/oclc/1482083874
1482715788,Proceedings of the International Conference on Communication and Applied Technologies 2024 (ICOMTA 2024) /,"International Conference on Communication and Applied Technologies; López-López, Paulo Carlos,","Atlantis Press,",2024,N/A,N/A, Mass Media. Communication,EBOOKS,https://libswu.on.worldcat.org/oclc/1482715788
1483003795,African media and communication  :foundational conversations.,"Milton, Viola,Mano, Winston,","Routledge,",2025,N/A,N/A, Mass Media. Communication,EBOOKS,https://libswu.on.worldcat.org/oclc/1483003795
1483221087,Media policy for the digital age /,Wetenschappelijke Raad voor het Regeringsbeleid (Netherlands),"Amsterdam University Press,",2005,N/A,N/A, Mass Media. Communication,EBOOKS,https://libswu.on.worldcat.org/oclc/1483221087
1484013515,Sexualised masculinity :men's bodies in 21st century media culture /,"Mercer, John; Smith, Clarissa,","Routledge, Taylor & Francis Group,",2025,N/A,N/A, Mass Media. Communication,EBOOKS,https://libswu.on.worldcat.org/oclc/1484013515
1484698451,Critical communication :a memoir /,"Mosco, Vincent,","University of Westminster,",2024,N/A,N/A, Mass Media. Communication,EBOOKS,https://libswu.on.worldcat.org/oclc/1484698451
1484698579,Media pasts and futures :critical reflections on Power Without Responsibility /,"Freedman, Des,Klontzas, Michael,","University of Westminster,",2025,N/A,N/A, Mass Media. Communication,EBOOKS,https://libswu.on.worldcat.org/oclc/1484698579
1490043814,WIRTSCHAFT UND IDENTITAT ERZAHLEN;DIE FINANZUNDWIRTSCHAFTSKRISE 2008/2009 IM DEUTSCHSPRACHIGEN ROMAN,KARIN TERBORG.,"TRANSCRIPT VERLAG,",2025,N/A,N/A, Mass Media. Communication,EBOOKS,https://libswu.on.worldcat.org/oclc/1490043814
1491308470,"Hasanuddin International Conference on Social and Political Sciences (HICOSPOS) 2024 :Media, Populism, And Societal Shifts: Unraveling the Fabric of Political Discourse In Indonesia.","A, Andi Subhan,Akbar, Muh,Akbar, Muh.,Akbar, Muhammad,Al Isra, Andi Batara,Al-Jamily, Ismail,Alam, Nur,Alam, Syamsul,Amahoru, Ibnu Kasir,Amir, Amrullah,Amran, Tenriawaru Septiananinda,Amriani,,Anggriani,,Anugrahwati, Iva,Ariana,,Arianto,,Arifin, Ansar,Arsyad, Armin,Asmawati,,Azizah, Latifa Nour,Azmar, Rahmi Nurshani,Bahfiarti, Tuti,Basir, Muhammad,Bosra, Mustari,Cangara, Hafied,Chaerul, Muh.,Dardy, Irman,Dwifiransa, Aqil,Effendy, Muslimin AR,Evita, Andi Lili,Fajrin,,Farid, Muhammad,Fatimah, Jeanny Maria,Fatimah, Jeanny,Fatwa, A.M.,Firdian, Muhammad Zuhri,Gunawan, Andi Wahyu,Gunawan, Dede,Haeru","Sciendo,",2025,N/A,N/A, Mass Media. Communication,EBOOKS,https://libswu.on.worldcat.org/oclc/1491308470
1492090760,Visual information for everyday use :design and research perspectives /,"Zwaga, H. J. G.Boersema, Theo.Hoonhout, Henriëtte C. M.","Taylor & Francis,",1999,N/A,N/A, Mass Media. Communication,EBOOKS,https://libswu.on.worldcat.org/oclc/1492090760
1499770700,Framing sustainability in language and communication,"Kosatica, Maida,Smith, Sean P.,","Routledge,",2025,N/A,N/A, Mass Media. Communication,EBOOKS,https://libswu.on.worldcat.org/oclc/1499770700
1503841328,Circulations :modernist imaginaries of colonialism and decolonization in Papua New Guinea /,"Handman, Courtney,","University of California Press,",2025,N/A,N/A, Mass Media. Communication,EBOOKS,https://libswu.on.worldcat.org/oclc/1503841328
1503949859,Literatur und mediale Öffentlichkeiten :Orientierende Fallstudien /,"Bosch, Aida,Kley, Antje,","J.B. Metzler,",2025,N/A,N/A, Mass Media. Communication,EBOOKS,https://libswu.on.worldcat.org/oclc/1503949859
1504215422,DIGITAL MEDIA AND STORYTELLING IN HIGHER EDUCATION,ANITA LANSZKI.,"L'HARMATTAN OPEN ACCESS,",2022,N/A,N/A, Mass Media. Communication,EBOOKS,https://libswu.on.worldcat.org/oclc/1504215422
1504267421,Hybride Medialität :Praxeologische und literaturdidaktische Zugänge zu Computerspiel-bezogenen Medienpraktiken /,"Montag, Annegret.","Springer,",2025,N/A,N/A, Mass Media. Communication,EBOOKS,https://libswu.on.worldcat.org/oclc/1504267421
1505924029,LA CUESTION DE LA COMUNICACION DESDE LAS UNIVERSIDADES  :enfoques multidisciplinares.,"HIDALGO-MARI, TATIANA (COORDINADOR); HERRERO-GUTIE.","DYKINSON,",2024,N/A,N/A, Mass Media. Communication,EBOOKS,https://libswu.on.worldcat.org/oclc/1505924029
1506826678,Affect in fandom  :fan creators and productivity /,"Ciesielska, Dominika,Lamerichs, Nicolle,Zarzycka, Agata,","Amsterdam University Press,",2025,N/A,N/A, Mass Media. Communication,EBOOKS,https://libswu.on.worldcat.org/oclc/1506826678
1511300466,Communicating a World-in-Crisis.,"Cottle, Simo.; Cottle, Simon.",Peter Lang Inc.,2025,N/A,N/A, Mass Media. Communication,EBOOKS,https://libswu.on.worldcat.org/oclc/1511300466
1512378385,TENDENCIAS DE INVESTIGACION EN COMUNICACION.,"MAYORGA ESCALADA, SANTIAGO (COORDINADOR)","DYKINSON,",2024,N/A,N/A, Mass Media. Communication,EBOOKS,https://libswu.on.worldcat.org/oclc/1512378385
1513149511,RETHINKING ORALITY IIIfrom homer to neuroscience.,N/A,"DE GRUYTER,",2024,N/A,N/A, Mass Media. Communication,EBOOKS,https://libswu.on.worldcat.org/oclc/1513149511
1515464753,2023 IEEE 6th International Conference on Electronics and Communication Engineering (ICECE) /,"Institute of Electrical and Electronics Engineers,",IEEE.,2023,N/A,N/A, Mass Media. Communication,EBOOKS,https://libswu.on.worldcat.org/oclc/1515464753
1517971161,Automation in communication :the ideological implications of language machines /,"Wee, Lionel,","Routledge,",2024,N/A,N/A, Mass Media. Communication,EBOOKS,https://libswu.on.worldcat.org/oclc/1517971161
1518266904,"DIE FINANZIERUNG VON DESINFORMATIONein uberblick uber akteure, profiteure und deren infrastruktur.","GSENGER, RITA.","SPRINGER VS,",2025,N/A,N/A, Mass Media. Communication,EBOOKS,https://libswu.on.worldcat.org/oclc/1518266904
1523215674,Reportage in the Chinese-speaking world /,"Laughlin, Charles A.,Guo, Li,; Michigan Publishing (University of Michigan),","University of Michigan Press,",2026,N/A,N/A, Mass Media. Communication,EBOOKS,https://libswu.on.worldcat.org/oclc/1523215674
1525280356,Inszenierte Intermedialit̃t :zur Wanderung ̃sthetischer Kategorien in Bild und Schrift /,"Chachali, Stella.","Transcript,",2025,N/A,N/A, Mass Media. Communication,EBOOKS,https://libswu.on.worldcat.org/oclc/1525280356
1525432653,Proceedings of the 9th International Conference on Communication and Media (i-COME 24).,"Tugiman, Nursafwa.; Suppiah, S. Maartandan.Tugiman, Nursafwah/Mohamad Hussain, Norhayat.","Springer Nature; Atlantis Press International BV,",2025,N/A,N/A, Mass Media. Communication,EBOOKS,https://libswu.on.worldcat.org/oclc/1525432653
1528003982,"Sustainability, AI and innovation :proceedings of the Applied Research in Humanities & Social Sciences (ARHSS 2023) /","International Conference on Applied Research in Humanities & Social Sciences; Al Naimiy, Hamid M. K.,Bettayeb, Maamar,Gharaibeh, Fakir Al,Elmehdi, Hussein M.,Shehadi, Ihsan A.,; Jāmiʻat al-Shāriqah,","Springer,",2025,N/A,N/A, Mass Media. Communication,EBOOKS,https://libswu.on.worldcat.org/oclc/1528003982
1528367256,2011 2nd International Conference on Innovations in Bio-Inspired Computing and Applications.,"Institute of Electrical and Electronics Engineers,; IEEE Staff",IEEE,2011,N/A,N/A, Mass Media. Communication,EBOOKS,https://libswu.on.worldcat.org/oclc/1528367256
1534603105,Innovations and challenges in digital literacies:literacies of repair /,"Jones, Rodney H.","Routledge,",2026,N/A,N/A, Mass Media. Communication,EBOOKS,https://libswu.on.worldcat.org/oclc/1534603105
1534814635,Töten Zeigen :Zur Situierung Von Gewaltbildern in Medienkulturen des 20. und 21. Jahrhunderts.,"Willms, Julia.","transcript Verlag,",2025,N/A,N/A, Mass Media. Communication,EBOOKS,https://libswu.on.worldcat.org/oclc/1534814635
1536053645,"Memes, monsters and the digital grotesque /","Moreno Almeida, Cristina,","The British Academy,",2024,N/A,N/A, Mass Media. Communication,EBOOKS,https://libswu.on.worldcat.org/oclc/1536053645
1543216635,"Post-Screen Through Virtual Reality, Holograms and Light Projections : Where Screen Boundaries Lie","Ng, Jenna.","Routledge,",2022,N/A,N/A, Mass Media. Communication,EBOOKS,https://libswu.on.worldcat.org/oclc/1543216635
1547001632,The visual life of climate change /,"O'Neill, Saffron,","Bristol University Press,",2026,N/A,N/A, Mass Media. Communication,EBOOKS,https://libswu.on.worldcat.org/oclc/1547001632
1547757146,Affect in fandom :fan creators and productivity /,"Ciesielska, Dominika,Lamerichs, Nicolle,Zarzycka, Agata,","Routledge,",2025,N/A,N/A, Mass Media. Communication,EBOOKS,https://libswu.on.worldcat.org/oclc/1547757146
1547759279,Media policy for the digital age /,Wetenschappelijke Raad voor het Regeringsbeleid (Netherlands),"Routledge,",2025,N/A,N/A, Mass Media. Communication,EBOOKS,https://libswu.on.worldcat.org/oclc/1547759279
1547759514,Stories :screen narrative in the digital era /,"Christie, Ian,Oever, Annie van den,","Routledge,",2025,N/A,N/A, Mass Media. Communication,EBOOKS,https://libswu.on.worldcat.org/oclc/1547759514
1547759594,"Medium, messenger, transmission :an approach to media philosophy /","Krämer, Sybille,","Routledge,",2025,N/A,N/A, Mass Media. Communication,EBOOKS,https://libswu.on.worldcat.org/oclc/1547759594
1547759630,Digital material :tracing new media in everyday life and technology /,"Boomen, Marianne van den,","Routledge,",2025,N/A,N/A, Mass Media. Communication,EBOOKS,https://libswu.on.worldcat.org/oclc/1547759630
1550454200,"World building :transmedia, fans, industries /","Boni, Marta,","Routledge,",2025,N/A,N/A, Mass Media. Communication,EBOOKS,https://libswu.on.worldcat.org/oclc/1550454200
1553189990,Hassrede an der Schnittstelle Von Linguistik und Justiz.,"Fuchs, Julia.; Fuchs.","Walter de Gruyter GmbH,",2025,N/A,N/A, Mass Media. Communication,EBOOKS,https://libswu.on.worldcat.org/oclc/1553189990
1553845003,Media infrastructures and the politics of digital time :essays on hardwired temporalities /,"Volmar, Axel,Stine, Kyle,","Routledge,",2025,N/A,N/A, Mass Media. Communication,EBOOKS,https://libswu.on.worldcat.org/oclc/1553845003
1553845251,The handbook of qualitative and quantitative content analysis /,"Schneijderberg, Christian,; Wieczorek, Oliver,Steinhardt, Isabel,","Routledge,",2025,N/A,N/A, Mass Media. Communication,EBOOKS,https://libswu.on.worldcat.org/oclc/1553845251
1553846016,Tantalisingly close :an archaeology of communication desires in discourses of mobile wireless media /,"Vries, Imar de,","Routledge,",2025,N/A,N/A, Mass Media. Communication,EBOOKS,https://libswu.on.worldcat.org/oclc/1553846016
1559037957,"Digital passages :migrant youth 2.0 : diaspora, gender and youth cultural intersections /","Leurs, Koen,","Routledge,",2025,N/A,N/A, Mass Media. Communication,EBOOKS,https://libswu.on.worldcat.org/oclc/1559037957
1559038014,Measuring exposure and attention to media and communication :solutions to wicked problems /,"Neijens, Peter,Araujo, Theo,Möller, Judith,Vreese, C. H. de","Routledge,",2025,N/A,N/A, Mass Media. Communication,EBOOKS,https://libswu.on.worldcat.org/oclc/1559038014
1561122902,2025 3rd World Conference on Communication and Computing (WCONF),"Institute of Electrical and Electronics Engineers,","IEEE,",2025,N/A,N/A, Mass Media. Communication,EBOOKS,https://libswu.on.worldcat.org/oclc/1561122902
1564103173,"Images of Dutchness :popular visual culture, early cinema, and the emergence of a national cliché, 1800-1914 /","Dellmann, Sarah,","Routledge, Taylor & Francis Group,",2025,N/A,N/A, Mass Media. Communication,EBOOKS,https://libswu.on.worldcat.org/oclc/1564103173
1569246616,Media matters :towards new safeguards for their democratic functions /,"Schrijvers, Erik,; Askari, Lana,Damstra, Alyt,Hoogendoorn, Koen,Bijleveld, Catrien,","Springer,",2026,N/A,N/A, Mass Media. Communication,EBOOKS,https://libswu.on.worldcat.org/oclc/1569246616
1573653175,Digital modernity :why we need to think historically about the digital age /,"Smithies, James","Routledge,",2026,N/A,N/A, Mass Media. Communication,EBOOKS,https://libswu.on.worldcat.org/oclc/1573653175
1574896843,Lautbilder und Maschinenschrift :Modelle digitaler Sprachlichkeit im 20. Jahrhundert,Tobias Wilke,"Brill | Fink,",2026,N/A,N/A, Mass Media. Communication,EBOOKS,https://libswu.on.worldcat.org/oclc/1574896843
1579000435,Communication for social change in sub-Saharan Africa :amplifying the marginalized voices /,"Chavinda, Chimwemwe Richard,Chikaipa, Victor,Kainja, Jimmy,Mchakulu, Japhet,Ndasauka, Yamikani,","Routledge,",2026,N/A,N/A, Mass Media. Communication,EBOOKS,https://libswu.on.worldcat.org/oclc/1579000435
1582277668,Exploring Restorative Intercultural PracticesFire Stories.,"Diamond, Piki.; sitholé, tawona.Phipps, Alison.","Channel View Publications,",2026,N/A,N/A, Mass Media. Communication,EBOOKS,https://libswu.on.worldcat.org/oclc/1582277668
38584145,Communication quarterly.,"Eastern Communication Association,",Eastern Communication AssociationTaylor & Francis Group,1976,N/A,1746-4102," Oratory, Elocution, etc.",EJOURNALS/EMAGAZINES,https://libswu.on.worldcat.org/oclc/38584145
44956855,The prophetic tradition and radical rhetoric in America /,"Darsey, James Francis,","New York University Press,",1997,N/A,N/A," Oratory, Elocution, etc.",EBOOKS,https://libswu.on.worldcat.org/oclc/44956855
52256696,"Speak with confidence :powerful presentations that inform, inspire, and persuade /","Booher, Dianna Daniels.","McGraw-Hill,",2003,N/A,N/A," Oratory, Elocution, etc.",EBOOKS,https://libswu.on.worldcat.org/oclc/52256696
52258978,The debatabase book :a must-have guide for successful debate /,International Debate Education Association.,"International Debate Education Association,",2003,N/A,N/A," Oratory, Elocution, etc.",EBOOKS,https://libswu.on.worldcat.org/oclc/52258978
52258988,"Discovering the world through debate :a practical guide to educational debate for debaters, coaches, and judges /","Driscoll, William J.,; Zompetti, Joseph P.,","International Debate Education Association,",2003,N/A,N/A," Oratory, Elocution, etc.",EBOOKS,https://libswu.on.worldcat.org/oclc/52258988
52297408,On that point! :an introduction to parliamentary debate /,"Meany, John.; Shuster, Kate,","International Debate Education Association,",2003,N/A,N/A," Oratory, Elocution, etc.",EBOOKS,https://libswu.on.worldcat.org/oclc/52297408
53093060,"PowerSpeak :engage, inspire, and stimulate your audience /","Leeds, Dorothy.; Mohn, Kristen.","Career Press,",2003,N/A,N/A," Oratory, Elocution, etc.",EBOOKS,https://libswu.on.worldcat.org/oclc/53093060
252920448,The microanalysis of political communication :claptrap and ambiguity /,"Bull, Peter,","Routledge,",2003,N/A,N/A," Oratory, Elocution, etc.",EBOOKS,https://libswu.on.worldcat.org/oclc/252920448
768083024,Live Poetry. :an Integrated Approach to Poetry in Performance.,"Novak, Julia.","Editions Rodopi,",2011,N/A,N/A," Oratory, Elocution, etc.",EBOOKS,https://libswu.on.worldcat.org/oclc/768083024
815655184,Educational technologies for teaching argumentation skills /,"Pinkwart, Niels.; McLaren, Bruce M.","Bentham Science Publishers,",2012,N/A,N/A," Oratory, Elocution, etc.",EBOOKS,https://libswu.on.worldcat.org/oclc/815655184
956664969,IEEE Std 11073-10406-2011 :Health informatics--Personal health device communication Part 10406: Device specialization--Basic electrocardiograph (ECG) (1- to 3-lead ECG).,N/A,"IEEE,",2011,N/A,N/A," Oratory, Elocution, etc.",EBOOKS,https://libswu.on.worldcat.org/oclc/956664969
1076485820,Argumentation :the art of civil advocacy /,"Underberg, Larry,; Norton, Heather,","SAGE Publications, Inc.,",2018,N/A,N/A," Oratory, Elocution, etc.",EBOOKS,https://libswu.on.worldcat.org/oclc/1076485820
1082196279,A handbook of public speaking for scientists and engineers /,"Kenny, Peter,","CRC Press, an imprint of Taylor and Francis,",2018,N/A,N/A," Oratory, Elocution, etc.",EBOOKS,https://libswu.on.worldcat.org/oclc/1082196279
1113108174,Word matters :the journal of the Society of Teachers of Speech & Drama.,Society of Teachers of Speech and Drama.,"Society of Teachers of Speech and Drama,",2008,N/A,1757-9384," Oratory, Elocution, etc.",EJOURNALS/EMAGAZINES,https://libswu.on.worldcat.org/oclc/1113108174
1229507159,"Populist Party Platform, 1892.",N/A,Great Neck Publishing,2017,N/A,N/A," Oratory, Elocution, etc.",EBOOKS,https://libswu.on.worldcat.org/oclc/1229507159
1259204169,"President Harry S. Truman's Address Before a Joint Session of Congress, March 12, 1947 /","Great Neck Publishing,","Great Neck Publishing,",2017,N/A,N/A," Oratory, Elocution, etc.",EBOOKS,https://libswu.on.worldcat.org/oclc/1259204169
1259249109,Undelivered Dallas Speech /,"Great Neck Publishing,","Great Neck Publishing,",2017,N/A,N/A," Oratory, Elocution, etc.",EBOOKS,https://libswu.on.worldcat.org/oclc/1259249109
1289535558,ARGUMENTATION IN EVERYDAY LIFE.,"Drury, Jeffrey P. Mehltretter,","SAGE PUBLICATIONS,",2020,N/A,N/A," Oratory, Elocution, etc.",EBOOKS,https://libswu.on.worldcat.org/oclc/1289535558
1301175458,The pandemic of argumentation /,"Oswald, Steve,Lewinski, Marcin,Greco, Sara,Villata, Serena,","Springer,",2022,N/A,N/A," Oratory, Elocution, etc.",EBOOKS,https://libswu.on.worldcat.org/oclc/1301175458
1352187169,The prophetic tradition and radical rhetoric in America.,"Darsey, James Francis.","New York University Press,",1999,N/A,N/A," Oratory, Elocution, etc.",EBOOKS,https://libswu.on.worldcat.org/oclc/1352187169
1373990131,Opposition to Wilson's War Message :Speech of Robert M. LaFollette /,"Great Neck Publishing,","Great Neck Publishing,",2017,N/A,N/A," Oratory, Elocution, etc.",EBOOKS,https://libswu.on.worldcat.org/oclc/1373990131
1435490664,Understanding public debates :what literary studies can do /,"Gurr, Jens Martin,","Routledge Taylor & Francis Group,",2024,N/A,N/A," Oratory, Elocution, etc.",EBOOKS,https://libswu.on.worldcat.org/oclc/1435490664
1506481397,"Free Black Charlestonians in debate :the complete proceedings of the Clionian Debating Society, 1847-1858 /","Ray, Angela G.,","The University of South Carolina Press,",2025,N/A,N/A," Oratory, Elocution, etc.",EBOOKS,https://libswu.on.worldcat.org/oclc/1506481397
7580247,Health.,N/A,"[Family Media],",1981,0279-3547,N/A, Personal Health,N/A,https://libswu.on.worldcat.org/oclc/7580247
7714676,Your life and health.,N/A,"[Review and Herald Pub. Association],",1981,0279-2680,N/A, Personal Health,N/A,https://libswu.on.worldcat.org/oclc/7714676
8391872,Shape.,N/A,"Shape Magazine, Inc.Meredith Corporation",1981,0744-5121,N/A, Personal Health,N/A,https://libswu.on.worldcat.org/oclc/8391872
45728125,The health fitness handbook /,"Franks, B. Don.; Howley, Edward T.,Iyriboz, Yuruk,","Human Kinetics,",1999,N/A,N/A, Personal Health,EBOOKS,https://libswu.on.worldcat.org/oclc/45728125
47666363,BMC women's health.,N/A,"BioMed Central,",2001,N/A,1472-6874, Personal Health,EJOURNALS/EMAGAZINES,https://libswu.on.worldcat.org/oclc/47666363
50409530,Nutridate.,N/A,Warringal Publications,1990,N/A,N/A, Personal Health,EJOURNALS/EMAGAZINES,https://libswu.on.worldcat.org/oclc/50409530
52180484,"Maximum energy for life :a 21-day strategic plan to feel great, reverse the aging process, and optimize your health /","Shilstone, Mackie.","J. Wiley,",2003,N/A,N/A, Personal Health,EBOOKS,https://libswu.on.worldcat.org/oclc/52180484
52506669,"The ultimate nutrition guide for women :how to stay healthy with diet, vitamins, minerals, and herbs /","Beck, Leslie; Rosenbach, Anne von.","John Wiley,",2003,N/A,N/A, Personal Health,EBOOKS,https://libswu.on.worldcat.org/oclc/52506669
52716671,Actividad física y salud integral /,"Medina Jiménez, Eduardo.","Editorial Paidotribo,",2003,N/A,N/A, Personal Health,EBOOKS,https://libswu.on.worldcat.org/oclc/52716671
52996011,The detox revolution :a powerful new program for boosting your body's ability to fight cancer and other diseases /,"Slaga, Thomas J.; Keuneke, Robin.","Contemporary Books,",2003,N/A,N/A, Personal Health,EBOOKS,https://libswu.on.worldcat.org/oclc/52996011
53061825,The mind-body makeover project :a 12-week plan for transforming your body and your life /,"Gerrish, Michael.","Contemporary Books,",2003,N/A,N/A, Personal Health,EBOOKS,https://libswu.on.worldcat.org/oclc/53061825
53795440,"Condoms :a medical dictionary, bibliography and annotated research guide to Internet references /","Parker, James N.Parker, Philip M.","ICON Health Publications,",2003,N/A,N/A, Personal Health,EBOOKS,https://libswu.on.worldcat.org/oclc/53795440
54037569,"Nutrition :a medical dictionary, bibliography, and annotated research guide to Internet references /","Parker, James N.Parker, Philip M.,","ICON Health,",2003,N/A,N/A, Personal Health,EBOOKS,https://libswu.on.worldcat.org/oclc/54037569
54038242,Manual of travel medicine and health /,"Steffen, Robert.; Wilder-Smith, Annelies.DuPont, Herbert L.,","B C Decker,",2003,N/A,N/A, Personal Health,EBOOKS,https://libswu.on.worldcat.org/oclc/54038242
54059525,"The miracle of fasting :proven through history for physical, mental and spiritual rejuvenation /","Bragg, Paul C.; Bragg, Patricia.","Health Science,",2004,N/A,N/A, Personal Health,EBOOKS,https://libswu.on.worldcat.org/oclc/54059525
54482223,"Stress management :a medical dictionary, bibliography, and annotated research guide to internet references /","Parker, James N.Parker, Philip M.,","ICON Health Publications,",2004,N/A,N/A, Personal Health,EBOOKS,https://libswu.on.worldcat.org/oclc/54482223
54698855,Bragg healthy lifestyle :vital living to 120 /,"Bragg, Paul Chappuis.; Bragg, Patricia,","Health Science,",2004,N/A,N/A, Personal Health,EBOOKS,https://libswu.on.worldcat.org/oclc/54698855
55080067,Delicious living.,N/A,"New Hope Natural Media,",2000,N/A,1536-5980, Personal Health,EJOURNALS/EMAGAZINES,https://libswu.on.worldcat.org/oclc/55080067
163567038,Well spring.,Alberta Centre for Well-Being.,Alberta Centre for Well-Being,1991,N/A,N/A, Personal Health,EJOURNALS/EMAGAZINES,https://libswu.on.worldcat.org/oclc/163567038
173431741,Wellness perspectives.,N/A,"Organization of Wellness Networks and Dept. of Human Development and the Family, University of Nebraska,",1984,N/A,N/A, Personal Health,EJOURNALS/EMAGAZINES,https://libswu.on.worldcat.org/oclc/173431741
191879369,Brazilian journal of biomotricity.,N/A,publisher not identified],2007,N/A,1981-6324, Personal Health,EJOURNALS/EMAGAZINES,https://libswu.on.worldcat.org/oclc/191879369
233598889,Current health 2.,N/A,Curriculum Innovations,1900,N/A,N/A, Personal Health,EJOURNALS/EMAGAZINES,https://libswu.on.worldcat.org/oclc/233598889
247451188,Food & nutrition research.,N/A,"Co-Action Pub.,Taylor & FrancisSwedish Nutrition Foundation",2008,N/A,1654-661X, Personal Health,EJOURNALS/EMAGAZINES,https://libswu.on.worldcat.org/oclc/247451188
317814829,Women's health.,EBSCO Publishing (Firm),"[Rodale Press],",1986,N/A,0884-7355, Personal Health,EJOURNALS/EMAGAZINES,https://libswu.on.worldcat.org/oclc/317814829
319595341,International journal of women's health.,N/A,"Dove Medical Press,",2009,N/A,1179-1411, Personal Health,EJOURNALS/EMAGAZINES,https://libswu.on.worldcat.org/oclc/319595341
422695258,The women's health activist.,National Women's Health Network (U.S.)ProQuest Information and Learning Company.,"National Women's Health Network,",2004,N/A,1547-8823, Personal Health,EJOURNALS/EMAGAZINES,https://libswu.on.worldcat.org/oclc/422695258
464430679,Research update /,Governors of the University of Alberta.Alberta Centre for Active Living.,Governors of the University of Alberta.,1993,N/A,1920-8502, Personal Health,EJOURNALS/EMAGAZINES,https://libswu.on.worldcat.org/oclc/464430679
476142039,Healthy Eating in Primary Schools.,"Robinson, S.","Sage Publications,",2006,N/A,N/A, Personal Health,EBOOKS,https://libswu.on.worldcat.org/oclc/476142039
607521834,Anti-oppressive practice in health and social care /,"Nzira, Viola.; Williams, Paul","SAGE,",2009,N/A,N/A, Personal Health,EBOOKS,https://libswu.on.worldcat.org/oclc/607521834
613614462,Center for medical consumers.,Center for Medical Consumers Inc.,Center for Medical Consumers,2010,N/A,2155-1480, Personal Health,EJOURNALS/EMAGAZINES,https://libswu.on.worldcat.org/oclc/613614462
665817564,Food choices :the ultimate teen guide /,"Brancato, Robin F.","Scarecrow Press,",2010,N/A,N/A, Personal Health,EBOOKS,https://libswu.on.worldcat.org/oclc/665817564
670238708,Archives of exercise in health and disease.,Universidade do Porto.,University of Porto,2010,N/A,1647-1652, Personal Health,EJOURNALS/EMAGAZINES,https://libswu.on.worldcat.org/oclc/670238708
770672847,Clinical medicine.,N/A,Libertas Academica,2008,N/A,1178-2196, Personal Health,EJOURNALS/EMAGAZINES,https://libswu.on.worldcat.org/oclc/770672847
784886762,"An Ecological Perspective on Health Promotion :Systems, Settings and Social Processes.","Samdal, Oddrun.","Bentham Science Publishers,",2012,N/A,N/A, Personal Health,EBOOKS,https://libswu.on.worldcat.org/oclc/784886762
785987263,Clinical medicine reviews in women's health.,N/A,"Clinical Medicine Reviews,",2009,N/A,1179-2574, Personal Health,EJOURNALS/EMAGAZINES,https://libswu.on.worldcat.org/oclc/785987263
785987264,Healthy aging & clinical care in the elderly,N/A,"Libertas Academica,",2008,N/A,1179-0601, Personal Health,EJOURNALS/EMAGAZINES,https://libswu.on.worldcat.org/oclc/785987264
793511077,The complete guide to functional training /,"Collins, Allan,","Bloomsbury Pub.,",2012,N/A,N/A, Personal Health,EBOOKS,https://libswu.on.worldcat.org/oclc/793511077
797835469,Strictly stress :effective stress management for high school students : a series of 12 sessions for high school students. /,"Rae, Tina.","SAGE,",2001,N/A,N/A, Personal Health,EBOOKS,https://libswu.on.worldcat.org/oclc/797835469
802049880,"Eating well, living better :the grassroots gourmet guide to good health and great food /","Fenster, Michael S.,","Rowman & Littlefield,",2012,N/A,N/A, Personal Health,EBOOKS,https://libswu.on.worldcat.org/oclc/802049880
805895057,Journal of Dr. NTR University of Health Sciences.,"Dr. NTR University of Health Sciences,","Medknow Publications,",2012,N/A,2277-8632, Personal Health,EJOURNALS/EMAGAZINES,https://libswu.on.worldcat.org/oclc/805895057
808963103,SDÜ Saglik bilimleri enstitüsü dergisi.,N/A,"Suleyman Demirel University, Health Sciences Institute,",2010,N/A,2146-247X, Personal Health,EJOURNALS/EMAGAZINES,https://libswu.on.worldcat.org/oclc/808963103
809589563,British journal of wellbeing.,N/A,"MA Healthcare,",2010,N/A,N/A, Personal Health,EJOURNALS/EMAGAZINES,https://libswu.on.worldcat.org/oclc/809589563
822890675,"Transforming sexual health in Scotland :cultural, organisational and partnership approaches /","Ilett, Rosie,Bigrigg, Alison.","Bentham Science Publishers,",2010,N/A,N/A, Personal Health,EBOOKS,https://libswu.on.worldcat.org/oclc/822890675
870225413,"Wheat and rice in disease prevention and health :benefits, risks and mechanisms of whole grains in health promotion /","Watson, Ronald R.Preedy, Victor R.Zibadi, Sherma.","Elsevier Science,",2014,N/A,N/A, Personal Health,EBOOKS,https://libswu.on.worldcat.org/oclc/870225413
870225579,Good living :a philosophy of health /,"Todd, A. T.","John Wright & Sons, Ltd.,",1953,N/A,N/A, Personal Health,EBOOKS,https://libswu.on.worldcat.org/oclc/870225579
878140695,The meaning of human nutrition /,"Lamb, Mina Marie (Wolf),; Harden, Margarette L.,Musgrave, Real,Cheatham, Dick,","Pergamon Press,",1976,N/A,N/A, Personal Health,EBOOKS,https://libswu.on.worldcat.org/oclc/878140695
878141862,Good health abroad :a traveller's handbook /,"Jopling, W. H.,","John Wright & Sons,",1975,N/A,N/A, Personal Health,EBOOKS,https://libswu.on.worldcat.org/oclc/878141862
878263498,"Foods, nutrients and food ingredients with authorised EU health claims.","Sadler, M. J.","Elsevier Science,",2014,N/A,N/A, Personal Health,EBOOKS,https://libswu.on.worldcat.org/oclc/878263498
884238782,Food Industry.,"Muzzalupo, Innocenzo,","INTECH Open Access Publisher,",2013,N/A,N/A, Personal Health,EBOOKS,https://libswu.on.worldcat.org/oclc/884238782
918558303,Health and Well-Being Across the Life Course /,"Larkin, Mary","SAGE,",2013,N/A,N/A, Personal Health,EBOOKS,https://libswu.on.worldcat.org/oclc/918558303
918943965,Sleep health.,National Sleep Foundation.,Elsevier Inc.,2015,N/A,2352-7218, Personal Health,EJOURNALS/EMAGAZINES,https://libswu.on.worldcat.org/oclc/918943965
945783217,"Quo Vadis, Medicus? Health Behaviour Among Health Professionals and Students.","Laudanska-Krzeminska, Ida.",De Gruyter.,,N/A,N/A, Personal Health,EBOOKS,https://libswu.on.worldcat.org/oclc/945783217
956645552,"Science of Fitness :Power, Performance, and Endurance.","LeMond, Greg.; Hom, Mark.Gaesser, Glenn.","Elsevier Science,",2014,N/A,N/A, Personal Health,EBOOKS,https://libswu.on.worldcat.org/oclc/956645552
967626691,"Journal of human, environment, and health promotion.",دانشگاه علوم پزشکى و خدمات بهداشتى درمانى زنجان.,"Zanjan University of Medical Sciences,",2015,N/A,2476-549X, Personal Health,EJOURNALS/EMAGAZINES,https://libswu.on.worldcat.org/oclc/967626691
1007924800,"Foods, nutrients and food ingredients with authorised EU health claims /","Sadler, Michele J.","Woodhead Publishing,",2017,N/A,N/A, Personal Health,EBOOKS,https://libswu.on.worldcat.org/oclc/1007924800
1019542349,Laienpotential Patientenaktivierung und Gesundheitsselbsthilfe /,"Ferber, Christian von.Badura, Bernhard,","R. Oldenbourg,",1983,N/A,N/A, Personal Health,EBOOKS,https://libswu.on.worldcat.org/oclc/1019542349
1032374971,"Women prisoners and health justice :perspectives, issues and advocacy for an international hidden population /","Hatton, Diane C.,Fisher, Anastasia A.,","CRC Press,",2016,N/A,N/A, Personal Health,EBOOKS,https://libswu.on.worldcat.org/oclc/1032374971
1052667104,Revista Hospital Universitário Pedro Ernesto.,"Hospital Universitário Pedro Ernesto (Rio de Janeiro, Brazil),","Universidade do Estado do Rio de Janeiro, Hospital Universitário Pedro Ernesto,",2002,N/A,1983-2567, Personal Health,EJOURNALS/EMAGAZINES,https://libswu.on.worldcat.org/oclc/1052667104
1082194163,Sexual health promotion in general practice /,"Curtis, Hilary,","CRC Press, an imprint of Taylor and Francis,",2018,N/A,N/A, Personal Health,EBOOKS,https://libswu.on.worldcat.org/oclc/1082194163
1110713746,SUPPORTING SELF CARE IN PRIMARY CARE.,"Chambers, Ruth,; Wakley, Gill.Blenkinsopp, Alison.","CRC PRESS,",2018,N/A,N/A, Personal Health,EBOOKS,https://libswu.on.worldcat.org/oclc/1110713746
1125069791,Routledge International Handbook of Women's Sexual and Reproductive Health,"Ussher, Jane M.,Chrisler, Joan C.Perz, Janette,","Routledge,",2019,N/A,N/A, Personal Health,EBOOKS,https://libswu.on.worldcat.org/oclc/1125069791
1125325812,Nutritional and health aspects of food in Western Europe /,"Braun, Susanne,Zübert, Christina,Argyropoulos, Dimitrios,Casado Hebrard, Francisco Javier,","Academic Press,",2020,N/A,N/A, Personal Health,EBOOKS,https://libswu.on.worldcat.org/oclc/1125325812
1144258236,Lifestyle journal.,Centro Universitário Adventista de São Paulo.,"Centro Universitário Adventista de São Paulo,",2011,N/A,2237-3756, Personal Health,EJOURNALS/EMAGAZINES,https://libswu.on.worldcat.org/oclc/1144258236
1144933332,Agri-food industry strategies for healthy diets and sustainability :new challenges in nutrition and public health /,"Barba, FranciscoPutnik, Predrag,Kovačević, Danijela Bursać,","Academic Press, an imprint of Elsevier,",2020,N/A,N/A, Personal Health,EBOOKS,https://libswu.on.worldcat.org/oclc/1144933332
1146254143,Functional foods in cancer prevention and therapy /,"Kabir, Yearul,","Academic Press,",2020,N/A,N/A, Personal Health,EBOOKS,https://libswu.on.worldcat.org/oclc/1146254143
1150831139,Men's health :an introduction /,"Karczmarczyk, Diana,Milstein, Susan A.,","Routledge,",2021,N/A,N/A, Personal Health,EBOOKS,https://libswu.on.worldcat.org/oclc/1150831139
1171377385,Men's health.,N/A,Rodale Press.,1987,N/A,1054-4836, Personal Health,EJOURNALS/EMAGAZINES,https://libswu.on.worldcat.org/oclc/1171377385
1176515310,Present knowledge in nutrition.,"Marriott, Bernadette P.,Birt, Diane F.,Stallings, Virginia A.,Yates, Allison A.,","Academic Press,",2020,N/A,N/A, Personal Health,EBOOKS,https://libswu.on.worldcat.org/oclc/1176515310
1178643114,Present knowledge in nutrition.,"Marriott, Bernadette P.,Birt, Diane F.,Stallings, Virginia A.,Yates, Allison A.","Academic Press,",2020,N/A,N/A, Personal Health,EBOOKS,https://libswu.on.worldcat.org/oclc/1178643114
1200651434,Molecular nutrition :mother and infant /,"Vinciguerra, Manlio.Sanchez, Paul Cordero.","Academic Press,",2021,N/A,N/A, Personal Health,EBOOKS,https://libswu.on.worldcat.org/oclc/1200651434
1220940560,Clinical medicine insights.,N/A,"Libertas Academica,",2010,N/A,1179-562X, Personal Health,EJOURNALS/EMAGAZINES,https://libswu.on.worldcat.org/oclc/1220940560
1264971004,Men's health  :how to do it /,"Conrad, David,White, Alan","Radcliffe,",2007,N/A,N/A, Personal Health,EBOOKS,https://libswu.on.worldcat.org/oclc/1264971004
1268474497,Sexual and reproductive health and rights in India :self-care for universal health coverage /,"Pachauri, Saroj,; Pachauri, Ash,Mittal, Komal,","Springer,",2022,N/A,N/A, Personal Health,EBOOKS,https://libswu.on.worldcat.org/oclc/1268474497
1280943241,"Was ist Gesundheit? :Interdisziplinäre Perspektiven aus Medizin, Geschichte und Kultur /","Eijk, Ph. J. van derGanten, D.Marek, Roman M.,Albrecht, Petra,Allmendinger, Jutta,Bender, Nicole,Biller-Andorno, Nikola,Bonatz, Franziska,Bänziger, Peter-Paul,Chopra, Ananda S.,Eijk, Ph. J. van derFiedler, Doreen,Flahault, Antoine,Ganten, D.Gruber, Achim D,Gupta, Hedwig H.,Hartmann, Enno,Heinz, Andreas,Heisig, Jan Paul,Herbst, Franziska A.,Hess, Volker,Hitzer, Bettina,Hughes, Julian C.,Jöbges, Susanne,Jütte, Robert,Kaufmann, Stefan H. E.,Keck, Verena,Kessler, Christian S.,Kickbusch, Ilona,Koch, Lorena,Krämer, Alexander,Lanzerath, Dirk,Laschinski, Gabriele,Li, Jianghong,Luise Meier, Kathari","De Gruyter,",2021,N/A,N/A, Personal Health,EBOOKS,https://libswu.on.worldcat.org/oclc/1280943241
1290593765,One health bulletin,"Hainan yi xue yuan,",Wolters Kluwer - Medknow,2021,N/A,2773-0352, Personal Health,EJOURNALS/EMAGAZINES,https://libswu.on.worldcat.org/oclc/1290593765
1291734916,"BIOHACKING, BODIES AND DO-IT-YOURSELF  :the cultural politics of hacking life itself.","GREWE-SALFELD, MIRJAM.","TRANSCRIPT VERLAG,",2021,N/A,N/A, Personal Health,EBOOKS,https://libswu.on.worldcat.org/oclc/1291734916
1294113116,Women's health :understanding issues and influences /,"Duquaine-Watson, Jillian M.,","Greenwood, an imprint of ABC-CLIO, LLC,",2022,N/A,N/A, Personal Health,EBOOKS,https://libswu.on.worldcat.org/oclc/1294113116
1301431015,Human stress and the environment :health aspects /,"Rose, John,","CRC Press,",2022,N/A,N/A, Personal Health,EBOOKS,https://libswu.on.worldcat.org/oclc/1301431015
1313530295,HIV und Schuldgefühle :zur Psychodynamik in der HIV-Testberatung /,"Hartung, Franziska,","Psychosozial-Verlag,",2020,N/A,N/A, Personal Health,EBOOKS,https://libswu.on.worldcat.org/oclc/1313530295
1330688417,Tabata training :the science and history of HIIT /,"Tabata, Izumi.","Academic Press,",2022,N/A,N/A, Personal Health,EBOOKS,https://libswu.on.worldcat.org/oclc/1330688417
1334422171,Social networks and health inequalities :a new perspective for research /,"Klärner, Andreas,Gamper, Markus,Keim-Klärner, Sylvia,Moor, Irene,Lippe, Holger von der,Vonneilich, Nico,","Springer,",2022,N/A,N/A, Personal Health,EBOOKS,https://libswu.on.worldcat.org/oclc/1334422171
1336953715,Anti-aging drug discovery on the basis of hallmarks of aging /,"Singh, Sandeep Kumar.Lin, Chih-Li.Mishra, Shailendra Kumar.","Academic Press,",2022,N/A,N/A, Personal Health,EBOOKS,https://libswu.on.worldcat.org/oclc/1336953715
1363841787,"Social emotional well-being for educators :relevance, recognition, reflection, and making it real /","Trujillo, Michelle L.,","Corwin,",2022,N/A,N/A, Personal Health,EBOOKS,https://libswu.on.worldcat.org/oclc/1363841787
1373386986,Encyclopedia of human nutrition /,"Caballero, Benjamin,","Academic Press,",2023,N/A,N/A, Personal Health,EBOOKS,https://libswu.on.worldcat.org/oclc/1373386986
1373695655,"The era of longevity :transformation of aging, health and wealth /","Chen, Dongsheng,","Springer,",2023,N/A,N/A, Personal Health,EBOOKS,https://libswu.on.worldcat.org/oclc/1373695655
1376204123,We're Not Afraid of Cancer or Prevention as a Doorway to Health :Oncological Prevention Methology for Lower Secondary Schools /,"Slaná, Jitka,; Smejkalová, Zdeňka,","Masaryk University,",2020,N/A,N/A, Personal Health,EBOOKS,https://libswu.on.worldcat.org/oclc/1376204123
1378019585,"Nutrition science, marketing nutrition, health claims, and public policy /","Ghosh, Dilip K.,Bogueva, Diana,Smarta, R. B.,","Academic Press, an imprint of Elsevier,",2023,N/A,N/A, Personal Health,EBOOKS,https://libswu.on.worldcat.org/oclc/1378019585
1381488175,"Proceedings, 2022 Prognostics and Health Management Conference :PHM-London 2022 : London, United Kingdom, 27-29 May 2022 /","IEEE International Conference on Prognostics and Health Management; Chuan, Li,Ceballos, Cristina,; Institute of Electrical and Electronics Engineers,London South Bank University,","IEEE Computer Society, Conference Publishing Services,",2022,N/A,N/A, Personal Health,EBOOKS,https://libswu.on.worldcat.org/oclc/1381488175
1389627643,"""11073-10421-2023 - IEEE Standard--Health Informatics--Device Interoperability--Part 10421: Personal Health Device Communication--Device Specialization--Peak expiratory flow monitor (peak flow)""",N/A,IEEE,2023,N/A,N/A, Personal Health,EBOOKS,https://libswu.on.worldcat.org/oclc/1389627643
1389629485,"2023 Prognostics and Health Management Conference :proceedings : PHM 2023 : Paris, France, 31 May - 2 June 2023 /","Prognostics and System Health Management Conference; Li, Chuan,; IEEE Computer Society,","IEEE Computer Society, Conference Publishing Services,",2023,N/A,N/A, Personal Health,EBOOKS,https://libswu.on.worldcat.org/oclc/1389629485
1392043891,BODY CLEANING AND AGEING  :affordances and constraints of sanitary ware products.,"Karaca Şalgamcioğlu, Berrak.","ISTANBUL UNIVERSITY PRESS,",2021,N/A,N/A, Personal Health,EBOOKS,https://libswu.on.worldcat.org/oclc/1392043891
1398437770,Journal of happiness and health.,"Arslan, Gökmen,","Gökmen Arslan,",2021,N/A,2791-8246, Personal Health,EJOURNALS/EMAGAZINES,https://libswu.on.worldcat.org/oclc/1398437770
1407096509,"Sensing health :bodies, data, and digital health technologies /","Kressbach, Mikki.,; Michigan Publishing (University of Michigan),","University of Michigan Press,",2024,N/A,N/A, Personal Health,EBOOKS,https://libswu.on.worldcat.org/oclc/1407096509
1412530605,Advanced Exercise and Health Science.,KeAi Communications Co. Ltd.Wuhan Sports University,"Elsevier B.V. on behalf of KeAi Communications Co. Ltd.,",2024,N/A,2950-273X, Personal Health,EJOURNALS/EMAGAZINES,https://libswu.on.worldcat.org/oclc/1412530605
1416140116,The search for wellbeing and health between the Middle Ages and the Early Modern Period /,"Rider, Javier López,","Archaeopress Publishing Ltd.,",2023,N/A,N/A, Personal Health,EBOOKS,https://libswu.on.worldcat.org/oclc/1416140116
1417757404,"Proceedings of the 6th Yogyakarta International Seminar on Health, Physical Education, and Sports Science (YISHPESS 2023).","Prasetyo, Yudik.Siswantoyo,Nopembri, Soni.Arovah, Novita Intan.Gaus, Nurdiana.Elumalai, Gunathevan.Choeibuakaew, Wallapa.","Atlantis Press (Zeger Karssen),",2023,N/A,N/A, Personal Health,EBOOKS,https://libswu.on.worldcat.org/oclc/1417757404
1423777679,Avances para la innovación docente en salud y comunicación /,"Serrano Villalobos, Olga,Velasco Furlong, Lilian,Arcos Rodríguez, Aroa,","Dykinson SL :Dykinson,",2023,N/A,N/A, Personal Health,EBOOKS,https://libswu.on.worldcat.org/oclc/1423777679
1429914694,Health Educator.,Eta Sigma Gamma.,Eta Sigma Gamma.,1992,N/A,2168-183X, Personal Health,EJOURNALS/EMAGAZINES,https://libswu.on.worldcat.org/oclc/1429914694
1433656010,Essentials of nutrition in medicine and healthcare :a practical guide /,"Ray, Sumantra,Markell, Mariana,","Elsevier,",2024,N/A,N/A, Personal Health,EBOOKS,https://libswu.on.worldcat.org/oclc/1433656010
1433687018,"Wohlbefinden und Gesundheit im Jugendalter :theoretische Perspektiven, empirische Befunde und Praxisans̃tze /","Heinen, AndreasSamuel, RobinVögele, Claus,Willems, Helmut,","Springer VS,",2022,N/A,N/A, Personal Health,EBOOKS,https://libswu.on.worldcat.org/oclc/1433687018
1438673020,"Proceedings of Selected Papers of International Conference on Health, Science, and Environment (ICHSE 2023).","Mahendra, I. Putu.; Sarmoko, Sarmoko.Pardede, Indra.Watcarawipas, Akaraphol.Zulkepli, Nur Ayunie Binti.","Atlantis Press (Zeger Karssen),",2024,N/A,N/A, Personal Health,EBOOKS,https://libswu.on.worldcat.org/oclc/1438673020
1446127557,Nutritional and health aspects of food in Western Africa /,"Aworh, Ogugua Charles.","Academic Press,",2024,N/A,N/A, Personal Health,EBOOKS,https://libswu.on.worldcat.org/oclc/1446127557
1446131492,Modelos y Teorías Clave para la Promoción de Comportamientos y Hábitos Saludables  :Promoción y Educación para la Salud.,"Selva Pareja, Laia.","Dykinson, S.L.,",2022,N/A,N/A, Personal Health,EBOOKS,https://libswu.on.worldcat.org/oclc/1446131492
1452178243,Brazilian journal of health and biomedical sciences.,"Universidade do Estado do Rio de Janeiro,Hospital Universitário Pedro Ernesto (Rio de Janeiro, Brazil),","Editora da Universidade do Estado do Rio de Janeiro,",2019,N/A,2674-8207, Personal Health,EJOURNALS/EMAGAZINES,https://libswu.on.worldcat.org/oclc/1452178243
1456999665,Towards sustainable good health and well-being :the role of health literacy /,"Hole, Torstein,Kvangarsnes, Marit,Landstad, Bodil J.,Bårdsgjerde, Elise Kvalsund,Tippett-Spirtou, Sandra Elizabeth,","Springer,",2025,N/A,N/A, Personal Health,EBOOKS,https://libswu.on.worldcat.org/oclc/1456999665
1473805307,Proceedings of the 2nd Lawang Sewu International Symposium on Health Sciences: Nutrition : (LSISHSN 2023) /,"Lawang Sewu International Symposium on Health Sciences: Nutrition; Nugraheni, Kartika,Sulistyaningrum, Hersanti,Latrobdiba, Zahra Maharani,","Atlantis Press,",2024,N/A,N/A, Personal Health,EBOOKS,https://libswu.on.worldcat.org/oclc/1473805307
1479751987,"An Ecological Perspective on Health Promotion Systems, Settings and Social Processes /","Wold, Bente,","Bentham Science Publishers,",2012,N/A,N/A, Personal Health,EBOOKS,https://libswu.on.worldcat.org/oclc/1479751987
1545080322,"Health, nutrition and sustainability :exploring unconventional food sources.","Sarkar, Tanmay,Smaoui, Slim,","Academic Press,",2026,N/A,N/A, Personal Health,EBOOKS,https://libswu.on.worldcat.org/oclc/1545080322
1545081410,"Dietary, sensory and gastronomic applications :exploring unconventional food sources.","Sarkar, Tanmay,Smaoui, Slim,","Academic Press,",2025,N/A,N/A, Personal Health,EBOOKS,https://libswu.on.worldcat.org/oclc/1545081410
1588675629,Reverse aging :current research and future directions /,"Mishra, Shailendra Kumar,Singh, Sandeep Kumar,","Academic Press,",2026,N/A,N/A, Personal Health,EBOOKS,https://libswu.on.worldcat.org/oclc/1588675629
254165497,"Compliance for coding, billing & reimbursement :a systematic approach to developing a comprehensive program /","Abbey, Duane C.","CRC Press,",2008,N/A,N/A, Practice Management (including Business Admin.),EBOOKS,https://libswu.on.worldcat.org/oclc/254165497
676731500,"Managing money, measurement and marketing in the allied health professions /",N/A,"Radcliffe Pub.,",2010,N/A,N/A, Practice Management (including Business Admin.),EBOOKS,https://libswu.on.worldcat.org/oclc/676731500
761318569,"Successful collaboration in healthcare :a guide for physicians, nurses and clinical documentation specialists /","Stukenberg, Colleen.","CRC Press,",2010,N/A,N/A, Practice Management (including Business Admin.),EBOOKS,https://libswu.on.worldcat.org/oclc/761318569
837732269,The exchange strategy for managing conflict in health care :how to defuse emotions and create solutions when the stakes are high /,"Dinkin, Steven,; Filner, Barbara,Maxwell, Lisa","McGraw-Hill,",2013,N/A,N/A, Practice Management (including Business Admin.),EBOOKS,https://libswu.on.worldcat.org/oclc/837732269
1100474035,Total purchasing :a model for locality commissioning /,"Smith, Rod,Butler, Fran.Powell, Mike.","Radcliffe Medical Press,",1996,N/A,N/A, Practice Management (including Business Admin.),EBOOKS,https://libswu.on.worldcat.org/oclc/1100474035
223595907,The nurse practitioner :the American journal of primary health care.,N/A,"Vernon Publications,",1975,0361-1817,N/A, Public & Community Health Nursing,N/A,https://libswu.on.worldcat.org/oclc/223595907
438702475,Public Health Skills :a Practical Guide for Nurses and Public Health Practitioners.,"Coles, Lesley.; Porter, Elizabeth.","John Wiley & Sons,",2009,N/A,N/A, Public & Community Health Nursing,EBOOKS,https://libswu.on.worldcat.org/oclc/438702475
1080585493,NURSING IN THE COMMUNITY :an essential guide to practice.,"CHILTON, SUE.","ROUTLEDGE,",2017,N/A,N/A, Public & Community Health Nursing,EBOOKS,https://libswu.on.worldcat.org/oclc/1080585493
1142630187,INSPIREd healthcare :a value-based care coordination model /,"Allard, Billie Lynn,","Sigma Theta Tau International,",2020,N/A,N/A, Public & Community Health Nursing,EBOOKS,https://libswu.on.worldcat.org/oclc/1142630187
1256588681,Nursing with a message :public health demonstration projects in New York City /,"D'Antonio, Patricia,","Rutgers University Press,",2017,N/A,N/A, Public & Community Health Nursing,EBOOKS,https://libswu.on.worldcat.org/oclc/1256588681
1289297632,Nursing in general practice :clinical care /,"Stilwell, Barbara,Hobbs, Richard,","Routledge,",2021,N/A,N/A, Public & Community Health Nursing,EBOOKS,https://libswu.on.worldcat.org/oclc/1289297632
1465574960,Home healthcare now.,N/A,"Lippincott Williams & Wilkins, Inc.",1983,0884-741X,N/A, Public & Community Health Nursing,N/A,https://libswu.on.worldcat.org/oclc/1465574960
1525352678,Halk sağlığı hemşireliği dergisi.,"Halk Sağlığı Hemşireliği Derneği,","Halk Sağlığı Hemşireliği Derneği,",2019,N/A,2667-8047, Public & Community Health Nursing,EJOURNALS/EMAGAZINES,https://libswu.on.worldcat.org/oclc/1525352678
1564637896,Cuidados de enfermería pediátrica :Manual didáctico médico-quirúrgico,"Soto-Hilario, Juvita Dina",Sophia Editions,2025,N/A,N/A, Public & Community Health Nursing,EBOOKS,https://libswu.on.worldcat.org/oclc/1564637896
52305687,In the wake of terror :medicine and morality in a time of crisis /,"Moreno, Jonathan D.","MIT Press,",2003,N/A,N/A, Public Health,EBOOKS,https://libswu.on.worldcat.org/oclc/52305687
53988097,Tracking and predicting the atmospheric dispersion of hazardous material releases :implications for homeland security /,National Research Council (U.S.).,"National Academies Press,",2003,N/A,N/A, Public Health,EBOOKS,https://libswu.on.worldcat.org/oclc/53988097
53989981,The anthrax letters :a medical detective story /,"Cole, Leonard A.,","Joseph Henry Press,",2003,N/A,N/A, Public Health,EBOOKS,https://libswu.on.worldcat.org/oclc/53989981
54673069,Review of EPA homeland security efforts :Safe Buildings Program research implementation plan /,United States.National Research Council (U.S.).,"National Academies, Press,",2003,N/A,N/A, Public Health,EBOOKS,https://libswu.on.worldcat.org/oclc/54673069
54798220,Biotechnology research in an age of terrorism /,National Research Council (U.S.).,"National Academies Press,",2004,N/A,N/A, Public Health,EBOOKS,https://libswu.on.worldcat.org/oclc/54798220
55203720,"Individual preparedness and response to chemical, radiological, nuclear, and biological terrorist attacks /","Davis, Lynn E.","Rand,",2003,N/A,N/A, Public Health,EBOOKS,https://libswu.on.worldcat.org/oclc/55203720
55701721,Chaos organization and disaster management /,"Kirschenbaum, Alan.","Marcel Dekker,",2004,N/A,N/A, Public Health,EBOOKS,https://libswu.on.worldcat.org/oclc/55701721
77568173,Bioterrorism and food safety /,"Rasco, Barbara; Bledsoe, Gleyn E.","CRC Press,",2005,N/A,N/A, Public Health,EBOOKS,https://libswu.on.worldcat.org/oclc/77568173
83983433,Counter-terrorism for emergency responders /,"Burke, Robert","CRC/Taylor & Francis,",2007,N/A,N/A, Public Health,EBOOKS,https://libswu.on.worldcat.org/oclc/83983433
163824197,Disease and security :natural plagues and biological weapons in East Asia /,"Enemark, Christian.","Routledge,",2007,N/A,N/A, Public Health,EBOOKS,https://libswu.on.worldcat.org/oclc/163824197
213816761,Disaster management handbook /,"Pinkowski, Jack.","CRC Press,",2008,N/A,N/A, Public Health,EBOOKS,https://libswu.on.worldcat.org/oclc/213816761
317751919,"Nuclear, chemical, and biological terrorism :emergency response and public protection /","Byrnes, Mark E.; King, David A.Tierno, Philip M.","Lewis Publishers,",2003,N/A,N/A, Public Health,EBOOKS,https://libswu.on.worldcat.org/oclc/317751919
610009097,Disasters and public health :planning and response /,"Clements, Bruce,","Butterworth-Heinemann, Elsevier,",2009,N/A,N/A, Public Health,EBOOKS,https://libswu.on.worldcat.org/oclc/610009097
624186476,How to interview sexual abuse victims :including the use of anatomical dolls /,"Morgan, Marcia K.; Edwards, Virginia,","Sage Publications,",1995,N/A,N/A, Public Health,EBOOKS,https://libswu.on.worldcat.org/oclc/624186476
668243254,Cross-training for first responders /,"Bennett, Gregory S.","Taylor & Francis,",2010,N/A,N/A, Public Health,EBOOKS,https://libswu.on.worldcat.org/oclc/668243254
698590047,"Child abuse and neglect :a diagnostic guide for physicians, surgeons, pathologists, dentists, nurses and social workers /","Palusci, Vincent J.; Fischer, Howard.","Manson Pub.,",2010,N/A,N/A, Public Health,EBOOKS,https://libswu.on.worldcat.org/oclc/698590047
763748801,Childhood denied :ending the nightmare of child abuse and neglect /,"Reardon, Kathleen Kelley.; Noblet, Christopher T.","SAGE,",2009,N/A,N/A, Public Health,EBOOKS,https://libswu.on.worldcat.org/oclc/763748801
931593782,Confronting child and adolescent sexual abuse /,"Crosson-Tower, Cynthia.","SAGE,",2015,N/A,N/A, Public Health,EBOOKS,https://libswu.on.worldcat.org/oclc/931593782
958508898,Child maltreatment :an introduction /,"Miller-Perrin, Cindy L.; Perrin, Robin D.,","SAGE Publications,",2013,N/A,N/A, Public Health,EBOOKS,https://libswu.on.worldcat.org/oclc/958508898
1000221858,Oxford manual of major incident management /,"Hunt, Paul,; Greaves, Ian,","Oxford University Press,",2017,N/A,N/A, Public Health,EBOOKS,https://libswu.on.worldcat.org/oclc/1000221858
1010539918,Disaster epidemiology :methods and applications /,"Horney, Jennifer A.,","Academic Press, an imprint of Elsevier,",2018,N/A,N/A, Public Health,EBOOKS,https://libswu.on.worldcat.org/oclc/1010539918
1099546843,"Transgender health and medicine :history, practice, research, and the future /","Bevan, Dana Jennett,","Praeger,",2019,N/A,N/A, Public Health,EBOOKS,https://libswu.on.worldcat.org/oclc/1099546843
1099548019,The ethics of vaccination /,"Giubilini, Alberto,","Palgrave Pivot,",2019,N/A,N/A, Public Health,EBOOKS,https://libswu.on.worldcat.org/oclc/1099548019
1112251094,Food safety and human health /,"Singh, Ram Lakhan,Mondal, Sukanta,","Academic Press, an imprint of Elsevier,",2019,N/A,N/A, Public Health,EBOOKS,https://libswu.on.worldcat.org/oclc/1112251094
1114335969,Effects of lifestyle on men's health /,"Yafi, Faysal A.,Yafi, Natalie R.,","Academic Press, an imprint of Elsevier,",2019,N/A,N/A, Public Health,EBOOKS,https://libswu.on.worldcat.org/oclc/1114335969
1121422924,Essentials of men's health /,"Bhasin, Shalender,O'Leary, Michael P.,Basaria, Shehzad S.,","McGraw Hill,",2020,N/A,N/A, Public Health,EBOOKS,https://libswu.on.worldcat.org/oclc/1121422924
1125270341,Child abuse :medical diagnosis and management /,"Laskey, Antoinette,Sirotnak, Andrew,; American Academy of Pediatrics,","American Academy of Pediatrics,",2020,N/A,N/A, Public Health,EBOOKS,https://libswu.on.worldcat.org/oclc/1125270341
1246623682,Field guide to global health & disaster medicine /,"Chambers, James A.","Elsevier,",2022,N/A,N/A, Public Health,EBOOKS,https://libswu.on.worldcat.org/oclc/1246623682
1377989697,Disaster medicine /,"Ciottone, Gregory R.,Burkle, Frederick M.,Al-Ali, Saleh Fares,Molloy, Michael Sean,Peleg, Ḳobi,Sarin, Ritu R.,Suner, Selim,","Elsevier,",2024,N/A,N/A, Public Health,EBOOKS,https://libswu.on.worldcat.org/oclc/1377989697
1519822043,"The U.S. healthcare ecosystem :Payers, providers, producers /","Burns, Lawton R.,","McGraw Hill,",2025,N/A,N/A, Public Health,EBOOKS,https://libswu.on.worldcat.org/oclc/1519822043
