,,,,,,,,
Item OCLC Number,Title,Author Name,LHR Item Call Number,Conspectus Subject,Publisher Name,Publication Date,Circulation Activity Count,URL
1209980,The economics of recurrent education and training /,"Stoikov, Vladimir.",374 St873E, Economics of Education,"International Labour Office,",1975,0,https://libswu.on.worldcat.org/oclc/1209980
6933446,Economics of education review.,N/A,37-336, Economics of Education,"Ballinger Pub. Co.,Pergamon Press",1981,0,https://libswu.on.worldcat.org/oclc/6933446
9066374,Education and national development :a comparative perspective /,"Fägerlind, Ingemar,; Saha, Lawrence J.",370.19 Fa153E  c.2, Economics of Education,"Pergamon,",1983,0,https://libswu.on.worldcat.org/oclc/9066374
15631866,Education and the national economy /,"Hough, J. R.",338.4737 Ho838E, Economics of Education,"Croom Helm,",1987,0,https://libswu.on.worldcat.org/oclc/15631866
18747904,Education and national development :a comparative perspective /,"Fägerlind, Ingemar,; Saha, Lawrence J.",370.19 Fa153E 1989, Economics of Education,"Pergamon,",1989,0,https://libswu.on.worldcat.org/oclc/18747904
18747904,Education and national development :a comparative perspective /,"Fägerlind, Ingemar,; Saha, Lawrence J.",370.19 Fa153E 1989  c.2, Economics of Education,"Pergamon,",1989,0,https://libswu.on.worldcat.org/oclc/18747904
21303774,The economics of education /,"Cohn, Elchanan.; Geske, Terry G.,",338.4737 Co678E, Economics of Education,"Pergamon Press,",1990,0,https://libswu.on.worldcat.org/oclc/21303774
28213548,The economic value of higher education /,"Leslie, Larry L.; Brinkman, Paul,",338.47378 Lo636E 1993, Economics of Education,"American Council on Education ;Oryx Press,",1993,0,https://libswu.on.worldcat.org/oclc/28213548
29359601,Education for development in Asia /,"Tilak, Jandhyala B. G.",370.95 Ti569E, Economics of Education,"Sage Publications,",1994,0,https://libswu.on.worldcat.org/oclc/29359601
33335238,International encyclopedia of economics of education /,"Carnoy, Martin.",338.4737 In61, Economics of Education,"Pergamon,",1995,0,https://libswu.on.worldcat.org/oclc/33335238
43936884,The emerging markets and higher education :development and sustainability /,"McMullen, Matthew S.,Mauch, James E.,Donnorummo, Robert Pepe,",338.43378 Em53, Economics of Education,"RoutledgeFalmer,",2000,0,https://libswu.on.worldcat.org/oclc/43936884
48613641,The McDonaldization of higher education /,"Hayes, Dennis,Wynyard, Robin,",378 Ma135, Economics of Education,"Bergin & Garvey,",2002,0,https://libswu.on.worldcat.org/oclc/48613641
50245800,Education for human and social development in Brazil.,N/A,379.81 Ed24, Economics of Education,"Ministry of Foreign Relations, Office for Public Information and Affairs,",2000,0,https://libswu.on.worldcat.org/oclc/50245800
54372588,"Higher education in transition economies in Asia :proceedings of the First Workshop on Strategies and Policies in Higher Education Reform in Transition Economies in Asia, Xi'an, China, 7-10 October 1997.",Workshop on Strategies and Policies in Higher Education Reform in Transition Economies in Asia; Unesco.,379.5 Wo926H, Economics of Education,"Unesco Principal Regional Office for Asia and the Pacific,",1998,0,https://libswu.on.worldcat.org/oclc/54372588
60323384,Expanding opportunities and building competencies for young people :a new agenda for secondary education.,World Bank.,373.1 Ex96, Economics of Education,"World Bank,",2005,0,https://libswu.on.worldcat.org/oclc/60323384
85243807,The road not traveled :education reform in the Middle East and North Africa /,"Galal, Ahmed,",379.56 Ro628, Economics of Education,"World Bank,",2008,0,https://libswu.on.worldcat.org/oclc/85243807
166368173,Higher education financing in the new EU member states :leveling the playing field /,"Canning, Mary,; Godfrey, Martin.Holzer-Zelazewska, Dorota.",378.4 Ca225H, Economics of Education,"World Bank,",2007,0,https://libswu.on.worldcat.org/oclc/166368173
182779171,Strategies for sustainable financing of secondary education in Sub-Saharan Africa /,"Lewin, Keith.",379.1130967 Le672S, Economics of Education,"World Bank,",2008,0,https://libswu.on.worldcat.org/oclc/182779171
191760115,The economics of education and training /,"Dustmann, Christian.Fitzenberger, Bernd.Machin, Stephen.",370.113 Ec19, Economics of Education,"Physica,",2008,0,https://libswu.on.worldcat.org/oclc/191760115
219990771,"The economics of education :human capital, family background and inequality /","Checchi, Daniele.",379.2 Ch514E, Economics of Education,"Cambridge University Press,",2008,0,https://libswu.on.worldcat.org/oclc/219990771
367523877,Higher education and work /,"Brennan, John,Kogan, Maurice.Teichler, Ulrich.",338.473784 Hi638, Economics of Education,"J. Kingsley Publishers,",1995,0,https://libswu.on.worldcat.org/oclc/367523877
711960086,Planning education for economic and social development /,"Parnes, Herbert S.; Mediterranean Regional Project.",370 Pl712, Economics of Education,"Organisation for Economic Co-operation and Development,",1962,0,https://libswu.on.worldcat.org/oclc/711960086
725827640,The road to academic excellence :the making of world-class research universities /,"Salmi, Jamil.Altbach, Philip G.",378.38 Ro628 2011, Economics of Education,"World Bank,",2011,0,https://libswu.on.worldcat.org/oclc/725827640
872986218,The university and the economy :pathways to growth and economic development /,"Geuna, Aldo,; Rossi, Federica,",378.103 Ge395U 2015, Economics of Education,"Edward Elgar Publishing,",2015,0,https://libswu.on.worldcat.org/oclc/872986218
884539896,Routledge handbook of higher education for sustainable development /,"Barth, Matthias,",338.43378 Ro869 2016, Economics of Education,"Routledge, Taylor & Francis Group :Earthscan from Routledge,",2016,0,https://libswu.on.worldcat.org/oclc/884539896
78553,Educational psychology;instruction and behavioral change,"Di Vesta, Francis J.; Thompson, George Greene,",154 Di624E, Educational Psychology,Appleton-Century-Crofts,1970,0,https://libswu.on.worldcat.org/oclc/78553
92189,Learning theory and mental development,"Estes, William K.",154.4 Es79, Educational Psychology,"Academic Press,",1970,0,https://libswu.on.worldcat.org/oclc/92189
117820,Piagetian tests for the primary school /,"Fogelman, K. R.; National Foundation for Educational Research in England and Wales.",372.1264 Fo655P, Educational Psychology,"National Foundation for Educational Research,",1970,0,https://libswu.on.worldcat.org/oclc/117820
125656,Mastery learning: theory and practice.,"Block, James H.,Airasian, Peter W.",154.4 Bl651M  c.4, Educational Psychology,"Holt, Rinehart and Winston",1971,0,https://libswu.on.worldcat.org/oclc/125656
129462,Training creative thinking,"Davis, Gary A.,; Scott, Joseph A.,",153.35 Da354T  c.2, Educational Psychology,"Holt, Rinehart and Winston",1971,0,https://libswu.on.worldcat.org/oclc/129462
129462,Training creative thinking,"Davis, Gary A.,; Scott, Joseph A.,",153.35 Da354T  c.3, Educational Psychology,"Holt, Rinehart and Winston",1971,0,https://libswu.on.worldcat.org/oclc/129462
142921,Effective teaching strategies with the Behavioral Outcomes Approach /,"Gerhard, Muriel,",371.3 Ge499E, Educational Psychology,"Parker Publishing Company, Inc.,",1971,0,https://libswu.on.worldcat.org/oclc/142921
181665,Reflective thinking:the method of education,"Hullfish, H. Gordon; Smith, Philip G.,",370.1 Hu913R 1961, Educational Psychology,"Dodd, Mead,",1961,0,https://libswu.on.worldcat.org/oclc/181665
181985,The psychology of learning /,"Garry, Ralph,",154 Ga36P  c.2, Educational Psychology,"Center for Applied Research in Education,",1963,0,https://libswu.on.worldcat.org/oclc/181985
182905,The psychology of learning in the classroom,"Craig, Robert C.",370.15 Cr886P, Educational Psychology,Macmillan,1966,0,https://libswu.on.worldcat.org/oclc/182905
183907,The psychology of meaningful verbal learning :an introduction to school learning /,"Ausubel, David Paul.",154.4 Au938P, Educational Psychology,Grune & Stratton,1963,0,https://libswu.on.worldcat.org/oclc/183907
235360,Current readings in educational psychology.,"Lindgren, Henry Clay,; Lindgren, Fredrica,",370.1508 Li745C, Educational Psychology,Wiley,1971,0,https://libswu.on.worldcat.org/oclc/235360
240811,"Discovery and experience:a new approach to training, group work and teaching.","Button, Leslie.",374.2 Bu989D, Educational Psychology,"Oxford University Press,",1971,0,https://libswu.on.worldcat.org/oclc/240811
279130,Writing worthwhile behavioral objectives,"Vargas, Julie S.",370.152 Va297W, Educational Psychology,Harper & Row,1972,0,https://libswu.on.worldcat.org/oclc/279130
293098,The learning game: strategies for secondary teachers,"Gorow, Frank F.",371.3 Go736L, Educational Psychology,C.E. Merrill Pub. Co.,1972,0,https://libswu.on.worldcat.org/oclc/293098
307204,Movement and creative drama for children.,"Lowndes, Betty.",372 Lo919M, Educational Psychology,"Plays, Inc.",1971,0,https://libswu.on.worldcat.org/oclc/307204
382431,Readings in educational psychology.,"Morse, William Charles,; Wingo, G. Max,",370.15 Mo886R, Educational Psychology,"Scott, Foresman",1962,0,https://libswu.on.worldcat.org/oclc/382431
418336,Concept learning; designs for instruction,"Martorella, Peter H.",370.15 Ma387C, Educational Psychology,Intext Educational Publishers,1972,0,https://libswu.on.worldcat.org/oclc/418336
700902,Principles of instructional design,"Gagné, Robert M.; Briggs, Leslie J.,",371.3 Ga147P, Educational Psychology,"Holt, Rinehart and Winston",1974,0,https://libswu.on.worldcat.org/oclc/700902
704953,Communication in education:a rhetoric of schooling and learning,"Phillips, Gerald M.; Butt, David E.,Metzger, Nancy J.,",371.102 Ph558C  c.2, Educational Psychology,"Holt, Rinehart and Winston",1974,0,https://libswu.on.worldcat.org/oclc/704953
730831,"Learning theory, instructional theory, and psychoeducational design","Snelbecker, Glenn E.,",154 Sn671L, Educational Psychology,McGraw-Hill,1974,0,https://libswu.on.worldcat.org/oclc/730831
740911,Psychological concepts in the classroom,"Coop, Richard H.; White, Kinnard,",154 Co724P, Educational Psychology,Harper & Row,1974,0,https://libswu.on.worldcat.org/oclc/740911
760569,Learning and human abilities:educational psychology.,"Klausmeier, Herbert J.",154 Kl63L  c.4, Educational Psychology,Harper,1961,0,https://libswu.on.worldcat.org/oclc/760569
953197,"The psychology of language, thought, and instruction :readings /","De Cecco, John P.,",407 De, Educational Psychology,"Holt, Rinehart and Winston",1967,0,https://libswu.on.worldcat.org/oclc/953197
1547542,Educational psychology;growth and learning.,"Jordan, Arthur Melville,",370.15 Jo82E, Educational Psychology,Holt,1956,0,https://libswu.on.worldcat.org/oclc/1547542
1949956,Educational psychology in the classroom.,"Lindgren, Henry Clay,",154 Li612E, Educational Psychology,Wiley,1956,0,https://libswu.on.worldcat.org/oclc/1949956
1958462,An introduction to theories of learning /,"Hergenhahn, B. R.,",154 He545I, Educational Psychology,"Prentice-Hall,",1976,0,https://libswu.on.worldcat.org/oclc/1958462
1975743,Teaching for thinking;theory and application,"Raths, Louis Edward.",371.3 Ra234T 1967  c.2, Educational Psychology,C.E. Merrill Books,1967,0,https://libswu.on.worldcat.org/oclc/1975743
2048219,Human characteristics and school learning /,"Bloom, Benjamin S.",154.4 Bl655H, Educational Psychology,"McGraw-Hill,",1976,0,https://libswu.on.worldcat.org/oclc/2048219
2493432,A teacher's world :psychology in the classroom /,"Yelon, Stephen L.; Weinstein, Grace W.,",370.15 Ye43T, Educational Psychology,"McGraw-Hill,",1977,0,https://libswu.on.worldcat.org/oclc/2493432
2598091,Teaching concepts :an instructional design guide /,"Merrill, M. David,; Tennyson, Robert D.,",371.102 Me571T, Educational Psychology,"Educational Technology Publications,",1977,0,https://libswu.on.worldcat.org/oclc/2598091
2654617,Interaction in the classroom /,"Delamont, Sara,",371.623 De336I, Educational Psychology,"Methuen,",1976,0,https://libswu.on.worldcat.org/oclc/2654617
2749437,Educational psychology:a developmental approach,"Sprinthall, Richard C.,; Sprinthall, Norman A.,",370.15 Sp769E  c.2, Educational Psychology,Addison-Wesley,1974,0,https://libswu.on.worldcat.org/oclc/2749437
2749437,Educational psychology:a developmental approach,"Sprinthall, Richard C.,; Sprinthall, Norman A.,",370.15 Sp769E  c.5, Educational Psychology,Addison-Wesley,1974,0,https://libswu.on.worldcat.org/oclc/2749437
3627937,Creative activities resource book for elementary school teachers /,"Turner, Thomas N.",372.6 Tu953C, Educational Psychology,"Reston Pub. Co.,",1978,0,https://libswu.on.worldcat.org/oclc/3627937
4591626,"Psychological foundations of education :an introduction to human motivation, development, and learning /","Bigge, Morris L.; Hunt, Maurice P.,",370.15 Bi592P 1980, Educational Psychology,"Harper & Row,",1980,0,https://libswu.on.worldcat.org/oclc/4591626
7614341,Psychology for teaching /,"Mouly, George J.",370.1523 Mo927P, Educational Psychology,"Allyn and Bacon,",1982,0,https://libswu.on.worldcat.org/oclc/7614341
8266140,A study of classroom teaching behaviour and creativity /,"Gupta, Arun Kumar,",371.102 Gu977S, Educational Psychology,"Light & Life Publishers,",1980,0,https://libswu.on.worldcat.org/oclc/8266140
8306640,Educational psychology :applications for classroom learning and instruction /,"Reilly, Robert R.; Lewis, Ernest L.",370.15 Re362E, Educational Psychology,"Macmillan ;Collier Macmillan,",1983,0,https://libswu.on.worldcat.org/oclc/8306640
9575425,Learning and motivation in the classroom /,"Paris, Scott G.,Olson, Gary M.Stevenson, Harold W.; Institute on Learning and Motivation in the Classroom",370.15 Le438, Educational Psychology,"Lawrence Erlbaum Associates,",1983,0,https://libswu.on.worldcat.org/oclc/9575425
11044151,New directions in educational psychology /,"Entwistle, Noel James.",370.15 Ne532, Educational Psychology,"Falmer Press,",1985,0,https://libswu.on.worldcat.org/oclc/11044151
11133361,The cognitive psychology of school learning /,"Gagné, Ellen D.",370.152 Ga135C, Educational Psychology,"Little, Brown,",1985,0,https://libswu.on.worldcat.org/oclc/11133361
11329574,The conditions of learning and theory of instruction /,"Gagné, Robert M.; Gagné, Robert M.",370.1523 Ga135C 1985, Educational Psychology,"Holt, Rinehart and Winston,",1985,0,https://libswu.on.worldcat.org/oclc/11329574
11329574,The conditions of learning and theory of instruction /,"Gagné, Robert M.; Gagné, Robert M.",370.1523 Ga135C 1985  c.2, Educational Psychology,"Holt, Rinehart and Winston,",1985,0,https://libswu.on.worldcat.org/oclc/11329574
12888655,The technology of teaching /,"Skinner, B. F.",154 Sk628T, Educational Psychology,"Prentice-Hall,",1968,0,https://libswu.on.worldcat.org/oclc/12888655
12949655,Educational psychology :theory into practice /,"Slavin, Robert E.",370.15 Sl631E, Educational Psychology,"Prentice-Hall,",1986,0,https://libswu.on.worldcat.org/oclc/12949655
12949655,Educational psychology :theory into practice /,"Slavin, Robert E.",370.15 Sl631E  c.3, Educational Psychology,"Prentice-Hall,",1986,0,https://libswu.on.worldcat.org/oclc/12949655
13004371,Evaluating and assessing for learning /,"Harris, N. D. C.; Bell, Chris,",370.1523 Ha313E, Educational Psychology,"Kogan Page,",1986,0,https://libswu.on.worldcat.org/oclc/13004371
13425322,"Cognitive classroom learning :understanding, thinking, and problem solving /","Phye, Gary D.,Andre, Thomas,",370.1523 Co676, Educational Psychology,"Academic Press,",1986,0,https://libswu.on.worldcat.org/oclc/13425322
14239676,Educational psychology /,"Hoy, Anita Woolfolk,; Hoy, Anita Woolfolk,",370.15 Wo913E, Educational Psychology,"Prentice-Hall,",1987,0,https://libswu.on.worldcat.org/oclc/14239676
14586920,Educational psychology :a cognitive approach /,"Mayer, Richard E.,",370.15 Ma468E, Educational Psychology,"Little, Brown,",1987,0,https://libswu.on.worldcat.org/oclc/14586920
15018439,The Psychology of illustration /,"Willows, Dale M.,Houghton, Harvey A.,",370.1523 Ps974, Educational Psychology,"Springer-Verlag,",1987,0,https://libswu.on.worldcat.org/oclc/15018439
16277824,Psychology for teaching :a bear always faces the front /,"Lefrançois, Guy R.",370.15 Le495P, Educational Psychology,"Wadsworth Pub. Co.,",1988,0,https://libswu.on.worldcat.org/oclc/16277824
16472816,Educational psychology :theory into practice /,"Slavin, Robert E.",370.15 Sl631E 1988, Educational Psychology,"Prentice Hall,",1988,0,https://libswu.on.worldcat.org/oclc/16472816
16646962,"Learning and study strategies :issues in assessment, instruction, and evaluation /","Weinstein, Claire E.Goetz, Ernest T.Alexander, Patricia A.",370.1523 Le488, Educational Psychology,"Academic Press,",1988,0,https://libswu.on.worldcat.org/oclc/16646962
17055713,An Experimental study of teaching science and mathematics concepts to young Thai children.,N/A,372.35 Ex96, Educational Psychology,"Behavioral Science Reserch [sic] Institute, Sri - Nakharinwirot University,",1976,0,https://libswu.on.worldcat.org/oclc/17055713
18137014,Educational psychology /,"Rothstein, Pamela R.",370.15 Ro847E, Educational Psychology,"McGraw-Hill,",1990,0,https://libswu.on.worldcat.org/oclc/18137014
20057424,Educational psychology reader :toward the improvement of schooling /,"Hamachek, Don E.",370.15 Ha199D, Educational Psychology,"Macmillan,",1990,0,https://libswu.on.worldcat.org/oclc/20057424
20263780,Educational psychology :a developmental approach /,"Sprinthall, Norman A.,; Sprinthall, Richard C.,",370.15 Sp769E 1990, Educational Psychology,"McGraw-Hill Pub. Co.,",1990,0,https://libswu.on.worldcat.org/oclc/20263780
21080968,Educational psychology :theory into practice /,"Slavin, Robert E.",370.15 Sl631E 1991, Educational Psychology,"Prentice Hall,",1991,0,https://libswu.on.worldcat.org/oclc/21080968
21799708,Essentials of educational psychology /,"Ďurič, Ladislav.; International Bureau of Education.",370.15 Du962E, Educational Psychology,"J. Kingsley Publishers, in association with Unesco,",1989,0,https://libswu.on.worldcat.org/oclc/21799708
21799708,Essentials of educational psychology /,"Ďurič, Ladislav.; International Bureau of Education.",370.15 Du962E  c.2, Educational Psychology,"J. Kingsley Publishers, in association with Unesco,",1989,0,https://libswu.on.worldcat.org/oclc/21799708
21799708,Essentials of educational psychology /,"Ďurič, Ladislav.; International Bureau of Education.",370.15 Du962E  c.3, Educational Psychology,"J. Kingsley Publishers, in association with Unesco,",1989,0,https://libswu.on.worldcat.org/oclc/21799708
21949275,Applying educational psychology in the classroom /,"Dembo, Myron H.",370.15 De375A, Educational Psychology,"Longman,",1991,0,https://libswu.on.worldcat.org/oclc/21949275
22422464,Learning :principles and applications /,"Klein, Stephen B.",370.1523 Kl64L 1991, Educational Psychology,"McGraw-Hill,",1991,0,https://libswu.on.worldcat.org/oclc/22422464
22422464,Learning :principles and applications /,"Klein, Stephen B.",370.1523 Kl64L 1991  c.2, Educational Psychology,"McGraw-Hill,",1991,0,https://libswu.on.worldcat.org/oclc/22422464
22450973,Beyond education :a new perspective on society's management of learning /,"Thomas, Alan M.,",370.19 Th454B, Educational Psychology,"Jossey-Bass,",1991,0,https://libswu.on.worldcat.org/oclc/22450973
23940942,101 ways to develop student self-esteem and responsibility.,"Canfield, Jack,; Siccone, Frank,",370.154 Ca222O, Educational Psychology,"Allyn and Bacon,",1993,0,https://libswu.on.worldcat.org/oclc/23940942
23977022,The unschooled mind :how children think and how schools should teach /,"Gardner, Howard,",370.152 Ga227U, Educational Psychology,"BasicBooks,",1991,0,https://libswu.on.worldcat.org/oclc/23977022
24319740,Motivation in the classroom /,"Spaulding, Cheryl Lynn.",371.1024 Sp739M, Educational Psychology,"McGraw-Hill,",1992,0,https://libswu.on.worldcat.org/oclc/24319740
24319740,Motivation in the classroom /,"Spaulding, Cheryl Lynn.",371.1024 Sp739M  c.2, Educational Psychology,"McGraw-Hill,",1992,0,https://libswu.on.worldcat.org/oclc/24319740
24319740,Motivation in the classroom /,"Spaulding, Cheryl Lynn.",371.1024 Sp739M  c.3, Educational Psychology,"McGraw-Hill,",1992,0,https://libswu.on.worldcat.org/oclc/24319740
24429911,Learning theories for teachers /,"Bigge, Morris L.; Shermis, S. Samuel.",370.1523 Bi592L, Educational Psychology,"HarperCollins,",1992,0,https://libswu.on.worldcat.org/oclc/24429911
24546694,Educational psychology and classroom practice :a partnership /,"McCown, R. R.,; Roop, Peter.",370.15 Ma131E, Educational Psychology,"Allyn and Bacon,",1992,0,https://libswu.on.worldcat.org/oclc/24546694
25317319,Contexts for learning :sociocultural dynamics in children's development /,"Forman, Ellice A.Minick, Norris.Stone, C. Addison.",370.152 Fo724C, Educational Psychology,"Oxford University Press,",1993,0,https://libswu.on.worldcat.org/oclc/25317319
25384109,Developmental motor activities for all children :from theory to practice /,"Lerch, Harold A.; Stopka, Christine B.,",370.155 Le614D, Educational Psychology,"Brown & Benchmark,",1992,0,https://libswu.on.worldcat.org/oclc/25384109
25631623,Knowing and reasoning in college :gender-related patterns in students' intellectual development /,"Baxter Magolda, Marcia B.,",370.1523 Ba355K, Educational Psychology,"Jossey-Bass,",1992,0,https://libswu.on.worldcat.org/oclc/25631623
25964423,Multiple intelligences :the theory in practice /,"Gardner, Howard,",370.1523 Ga227M, Educational Psychology,"Basic Books,",1993,1,https://libswu.on.worldcat.org/oclc/25964423
25964423,Multiple intelligences :the theory in practice /,"Gardner, Howard,",370.1523 Ga227M  c.2, Educational Psychology,"Basic Books,",1993,1,https://libswu.on.worldcat.org/oclc/25964423
26014392,Winners without losers :structures and strategies for increasing student motivation to learn /,"Raffini, James P.,",370.154 Ra137W, Educational Psychology,"Allyn and Bacon,",1993,0,https://libswu.on.worldcat.org/oclc/26014392
26363760,Motivation to learn :from theory to practice /,"Stipek, Deborah J.,",370.154 St959M, Educational Psychology,"Allyn and Bacon,",1993,0,https://libswu.on.worldcat.org/oclc/26363760
26635887,An introduction to theories of learning /,"Hergenhahn, B. R.,; Olson, Matthew H.",153.15 He545I 1993, Educational Psychology,"Prentice Hall,",1993,0,https://libswu.on.worldcat.org/oclc/26635887
26855993,Readings and cases in educational psychology /,"Hoy, Anita Woolfolk,",370.15 Wo913R, Educational Psychology,"Allyn and Bacon,",1993,0,https://libswu.on.worldcat.org/oclc/26855993
27339368,Competence-based assessment techniques.,"Fletcher, Shirley.; Institute of Training and Development.",658.3124 Fl615C, Educational Psychology,"Kogan Page in association with the Institute of Training and Development,",1992,0,https://libswu.on.worldcat.org/oclc/27339368
27811899,Educational psychology :classroom connections /,"Eggen, Paul D.,; Kauchak, Donald P.,",370.15 Eg29E, Educational Psychology,"Merrill ;Maxwell Macmillan Canada ;Maxwell Macmillan International,",1994,0,https://libswu.on.worldcat.org/oclc/27811899
27976110,Applying educational psychology /,"Dembo, Myron H.",370.15 De375A 1994, Educational Psychology,"Longman,",1994,0,https://libswu.on.worldcat.org/oclc/27976110
28292345,Visual literacy :a spectrum of visual learning /,"Moore, David M.Dwyer, Francis M.",370.1523 Vi834, Educational Psychology,"Educational Technology Publications,",1994,0,https://libswu.on.worldcat.org/oclc/28292345
28336859,Learning and instruction /,"Hamilton, Richard J.,; Ghatala, Elizabeth Schwenn.",370.1523 Ha219L, Educational Psychology,"McGraw-Hill,",1994,0,https://libswu.on.worldcat.org/oclc/28336859
28631986,Educational psychology :a developmental approach /,"Sprinthall, Norman A.,; Sprinthall, Richard C.,Oja, Sharon Nodie.",370.15 Sp769E 1996, Educational Psychology,"McGraw-Hill,",1994,0,https://libswu.on.worldcat.org/oclc/28631986
28711621,"100 ways to enhance self-concept in the classroom :a handbook for teachers, counselors, and group leaders /","Canfield, Jack,; Wells, Harold Clive,",370.15 Ca222O, Educational Psychology,"Allyn and Bacon,",1994,0,https://libswu.on.worldcat.org/oclc/28711621
28847852,Applied behavior analysis in the classroom /,"Schloss, Patrick J.; Smith, Maureen A.,",371.393 Sc345A, Educational Psychology,"Allyn and Bacon,",1994,0,https://libswu.on.worldcat.org/oclc/28847852
28890750,Educational psychology :theory and practice /,"Slavin, Robert E.",370.15 Sl361E 1994, Educational Psychology,"Allyn and Bacon,",1994,0,https://libswu.on.worldcat.org/oclc/28890750
29952744,"Psychology in teaching, learning, and growth /","Hamachek, Don E.",370.15 Ha198P 1995, Educational Psychology,"Allyn and Bacon,",1995,0,https://libswu.on.worldcat.org/oclc/29952744
30700367,101 ways to develop student self-esteem and responsibility /,"Canfield, Jack,; Siccone, Frank,",370.154 Ca222O2, Educational Psychology,"Allyn and Bacon,",1995,0,https://libswu.on.worldcat.org/oclc/30700367
30738902,"Advanced educational psychology for educators, researchers, and policymakers /","Pressley, Michael.; McCormick, Christine B.",370.15 Pr935A, Educational Psychology,"HarperCollins College Publishers,",1995,0,https://libswu.on.worldcat.org/oclc/30738902
30738903,"Cognition, teaching, and assessment /","Pressley, Michael.; McCormick, Christine B.Pressley, Michael.",370.152 Pr935C, Educational Psychology,"HarperCollins College Publishers,",1995,0,https://libswu.on.worldcat.org/oclc/30738903
30814289,Educational psychology /,"Hoy, Anita Woolfolk,",370.15 Wo913E 1995, Educational Psychology,"Allyn and Bacon,",1995,0,https://libswu.on.worldcat.org/oclc/30814289
30894304,Theories of human learning :Kro's report /,"Lefrançois, Guy R.; Lefrançois, Guy R.",153.15 Le495T, Educational Psychology,"Brooks/Cole,",1995,0,https://libswu.on.worldcat.org/oclc/30894304
32203324,Motivation theory for teachers /,"Hunter, Madeline C.",370.154 Hu946M, Educational Psychology,"Corwin Press,",1995,0,https://libswu.on.worldcat.org/oclc/32203324
32203324,Motivation theory for teachers /,"Hunter, Madeline C.",370.154 Hu946M  c.2, Educational Psychology,"Corwin Press,",1995,0,https://libswu.on.worldcat.org/oclc/32203324
32506917,The theory of learners :an introduction /,"Cotton, Julie.",370.1523 Co851T, Educational Psychology,"Kogan Page,",1995,0,https://libswu.on.worldcat.org/oclc/32506917
32508597,150 ways to increase intrinsic motivation in the classroom /,"Raffini, James P.,",370.154 Ra137O, Educational Psychology,"Allyn and Bacon,",1996,0,https://libswu.on.worldcat.org/oclc/32508597
32545154,Educational psychology :a learning-centered approach to classroom practice /,"McCown, R. R.,; Driscoll, Marcy Perkins.Roop, Peter.McCown, R. R.,",370.15 Ma131E1, Educational Psychology,"Allyn and Bacon,",1996,0,https://libswu.on.worldcat.org/oclc/32545154
32664913,Practical intelligence for school /,"Williams, Wendy M.",370.1523 Pr895, Educational Psychology,"HarperCollins College Publishers,",1996,0,https://libswu.on.worldcat.org/oclc/32664913
32892726,Cognitive development and learning in instructional contexts /,"Byrnes, James P.",370.152 By995C, Educational Psychology,"Allyn and Bacon,",1996,0,https://libswu.on.worldcat.org/oclc/32892726
33278527,"Educational psychology :effective teaching, effective learning /","Elliott, Stephen N.Travers, John F.",370.15 Ed24, Educational Psychology,"Brown & Benchmark,",1996,0,https://libswu.on.worldcat.org/oclc/33278527
33278527,"Educational psychology :effective teaching, effective learning /","Elliott, Stephen N.Travers, John F.",370.15 Ed24  c.2, Educational Psychology,"Brown & Benchmark,",1996,0,https://libswu.on.worldcat.org/oclc/33278527
33282647,Experiential learning for all /,"Evans, Norman,",370.1523 Ev92E, Educational Psychology,"Cassell,",1994,0,https://libswu.on.worldcat.org/oclc/33282647
33819564,Handbook of educational psychology /,"Berliner, David C.Calfee, Robert C.",370.15 Ha236(2), Educational Psychology,"Macmillan Library Reference USA, Simon & Schuster Macmillan ;Prentice Hall International,",1996,0,https://libswu.on.worldcat.org/oclc/33819564
34284376,"Educational psychology :learning, instruction, assessment /","McCormick, Christine B.; Pressley, Michael.",370.15 Ma131E4, Educational Psychology,"Longman,",1997,0,https://libswu.on.worldcat.org/oclc/34284376
34553370,Learning and instruction :theory into practice /,"Gredler, Margaret E.",370.1523 Gr792L 1997, Educational Psychology,"Merrill,",1997,0,https://libswu.on.worldcat.org/oclc/34553370
34658865,An introduction to theories of learning /,"Hergenhahn, B. R.,; Olson, Matthew H.",153.15 He545I 1997, Educational Psychology,"Prentice Hall,",1997,0,https://libswu.on.worldcat.org/oclc/34658865
34676152,Psychology for teaching /,"Lefrançois, Guy R.",370.15 Le495P 1997, Educational Psychology,"Wadsworth Pub. Co.,",1997,0,https://libswu.on.worldcat.org/oclc/34676152
36011773,Educational psychology :windows on teaching /,"Crowl, Thomas K.; Kaminsky, Sally.Podell, David M.",370.15 Cr953E, Educational Psychology,"Brown & Benchmark Publishers,",1997,0,https://libswu.on.worldcat.org/oclc/36011773
36011773,Educational psychology :windows on teaching /,"Crowl, Thomas K.; Kaminsky, Sally.Podell, David M.",370.15 Cr953E  c.3, Educational Psychology,"Brown & Benchmark Publishers,",1997,0,https://libswu.on.worldcat.org/oclc/36011773
36011773,Educational psychology :windows on teaching /,"Crowl, Thomas K.; Kaminsky, Sally.Podell, David M.",370.15 Cr953E  c.4, Educational Psychology,"Brown & Benchmark Publishers,",1997,0,https://libswu.on.worldcat.org/oclc/36011773
36949908,Educational psychology :a developmental approach /,"Sprinthall, Richard C.,; Sprinthall, Norman A.,Oja, Sharon Nodie.",370.15 Sp769E, Educational Psychology,"McGraw-Hill,",1998,0,https://libswu.on.worldcat.org/oclc/36949908
37057480,Educational psychology :constructing learning /,"McInerney, D. M.; McInerney, V.",370.15 Ma152E, Educational Psychology,"Prentice Hall,",1994,0,https://libswu.on.worldcat.org/oclc/37057480
37553994,Educational psychology /,"Vygotskiĭ, L. S.; Davidov, Vassily.Silverman, Robert H.",370.15 Vy996E, Educational Psychology,"St. Lucie Press,",1997,0,https://libswu.on.worldcat.org/oclc/37553994
37559738,How students learn :reforming schools through learner-centered education /,"Lambert, Nadine M.,McCombs, Barbara L.,",371.1020973 Ho847, Educational Psychology,"American Psychological Association,",1998,1,https://libswu.on.worldcat.org/oclc/37559738
37559738,How students learn :reforming schools through learner-centered education /,"Lambert, Nadine M.,McCombs, Barbara L.,",371.1020973 Ho847  c.2, Educational Psychology,"American Psychological Association,",1998,1,https://libswu.on.worldcat.org/oclc/37559738
38090865,Teaching with the brain in mind /,"Jensen, Eric,",370.1523 Je54T, Educational Psychology,"Association for Supervision and Curriculum Development,",1998,0,https://libswu.on.worldcat.org/oclc/38090865
38732356,Educational psychology :windows on classrooms /,"Eggen, Paul D.,; Kauchak, Donald P.,",370.15 Eg29E8, Educational Psychology,"Merrill,",1999,0,https://libswu.on.worldcat.org/oclc/38732356
38856238,The handbook of school psychology /,"Reynolds, Cecil R.,Gutkin, Terry B.,",370.15 Ha236 1999, Educational Psychology,"Wiley,",1999,0,https://libswu.on.worldcat.org/oclc/38856238
38877531,Motivating students /,"Brown, Sally A.Armstrong, Steve.Thompson, Gail.",378.125 Mo918, Educational Psychology,"Kogan Page ;SEDA,",1998,0,https://libswu.on.worldcat.org/oclc/38877531
38877531,Motivating students /,"Brown, Sally A.Armstrong, Steve.Thompson, Gail.",378.125 Mo918  c.2, Educational Psychology,"Kogan Page ;SEDA,",1998,0,https://libswu.on.worldcat.org/oclc/38877531
38925223,Cognitive Psychology and Instruction /,"Bruning, Roger H.,; Schraw, Gregory J.,Ronning, Royce R.,",370.1523 Br896C, Educational Psychology,"Merrill,",1999,0,https://libswu.on.worldcat.org/oclc/38925223
39707058,Promoting positive behaviour /,"O'Brien, Tim,",371.393 Ob13P, Educational Psychology,"D. Fulton Publishers,",1998,0,https://libswu.on.worldcat.org/oclc/39707058
40052176,Educational psychology for effective teaching /,"Henson, Kenneth T.; Eller, Ben F.",370.15 He526E, Educational Psychology,"Wadsworth Pub. Co.,",1999,0,https://libswu.on.worldcat.org/oclc/40052176
40180678,A teacher's guide to the psychology of learning /,"Howe, Michael J. A.,",370.1523 Ho857T, Educational Psychology,"Blackwell,",1999,0,https://libswu.on.worldcat.org/oclc/40180678
40340269,"How people learn :brain, mind, experience, and school /","Bransford, John.Brown, Ann L.Cocking, Rodney R.; National Research Council (U.S.).",370.1523 Ho847, Educational Psychology,"National Academy Press,",1999,0,https://libswu.on.worldcat.org/oclc/40340269
40470575,Constructing a psychology of teaching and learning /,"Seifert, Kelvin.",370.15 Se459C, Educational Psychology,"Houghton Mifflin,",1999,0,https://libswu.on.worldcat.org/oclc/40470575
40609322,Applying psychology in the classroom /,"Leadbetter, Jane,; University of Birmingham.",370.15 Ap652, Educational Psychology,"David Fulton,",1999,0,https://libswu.on.worldcat.org/oclc/40609322
40654160,Lifelong learning :the politics of the new learning environment /,"Elliott, Geoffrey",374 El46L, Educational Psychology,"Jessica Kingsley Publishers,",1999,0,https://libswu.on.worldcat.org/oclc/40654160
40692941,Educational psychology 97/98 /,"Cauley, Kathleen M.Linder, Fredric.McMillan, James H.",370.15 Ed24(4), Educational Psychology,"Dushkin Pub. Group,",1997,0,https://libswu.on.worldcat.org/oclc/40692941
40698685,"Educational psychology :effective teaching, effective learning /","Elliott, Stephen N.",370.15 Ed24, Educational Psychology,"McGraw-Hill,",2000,0,https://libswu.on.worldcat.org/oclc/40698685
40698685,"Educational psychology :effective teaching, effective learning /","Elliott, Stephen N.",370.15 Ed24  c.2, Educational Psychology,"McGraw-Hill,",2000,0,https://libswu.on.worldcat.org/oclc/40698685
40698685,"Educational psychology :effective teaching, effective learning /","Elliott, Stephen N.",370.15 Ed24  c.3, Educational Psychology,"McGraw-Hill,",2000,0,https://libswu.on.worldcat.org/oclc/40698685
40805498,Social processes in children's learning /,"Light, Paul.; Littleton, Karen.",370.1523 Li723S, Educational Psychology,"Cambridge University Press,",1999,0,https://libswu.on.worldcat.org/oclc/40805498
40979818,Learning through children's eyes :social constructivism and the desire to learn /,"Oldfather, Penny.; West, Jane,Hermann-Wilmarth, Jill M.",370.1523 Le438(73), Educational Psychology,"American Psychological Association,",1999,0,https://libswu.on.worldcat.org/oclc/40979818
41086713,Theories of human learning :what the old man said /,"Lefrançois, Guy R.",153.15 Le495T8, Educational Psychology,"Wadsworth,",2000,0,https://libswu.on.worldcat.org/oclc/41086713
41086769,Creativity across the primary curriculum :framing and developing practice /,"Craft, Anna.",370.157 Cr885C, Educational Psychology,"Routledge,",2000,0,https://libswu.on.worldcat.org/oclc/41086769
41411889,Learning and memory :the brain in action /,"Sprenger, Marilee,",370.1523 Sp768L, Educational Psychology,"Association for Supervision and Curriculum Development,",1999,0,https://libswu.on.worldcat.org/oclc/41411889
42049384,Psychology for teaching :a bear is not a choirboy! /,"Lefrançois, Guy R.",370.15 Le495P 2000, Educational Psychology,"Wadsworth/Thomson Learning,",2000,0,https://libswu.on.worldcat.org/oclc/42049384
42061124,Behavioral support /,"Janney, Rachel.; Snell, Martha E.Elliott, Johnna.",370.153 Ja34B, Educational Psychology,"Paul H. Brookes Pub.,",2000,0,https://libswu.on.worldcat.org/oclc/42061124
42309183,Multiple intelligences and student achievement :success stories from six schools /,"Campbell, Linda,; Campbell, Bruce,",370.152 Ca188M, Educational Psychology,"Association for Supervision and Curriculum Development,",1999,0,https://libswu.on.worldcat.org/oclc/42309183
42649666,Becoming a multiple intelligences school /,"Hoerr, Thomas R.,",370.152 Ho694B, Educational Psychology,"Association for Supervision and Curriculum Development,",2000,0,https://libswu.on.worldcat.org/oclc/42649666
42913542,Education guaranteed /,"Jensen, John,",370.154 Je54E, Educational Psychology,"Minerva,",1999,0,https://libswu.on.worldcat.org/oclc/42913542
42913542,Education guaranteed /,"Jensen, John,",370.154 Je54E  c.2, Educational Psychology,"Minerva,",1999,0,https://libswu.on.worldcat.org/oclc/42913542
43050025,"The soul of education :helping students find connection, compassion, and character at school /","Kessler, Rachael,",373.1782 Ke42S, Educational Psychology,"Association for Supervision and Curriculum Development,",2000,0,https://libswu.on.worldcat.org/oclc/43050025
43397065,A field guide to using visual tools /,"Hyerle, David.",370.152 Hy995F, Educational Psychology,"Association for Supervision and Curriculum Development,",2000,0,https://libswu.on.worldcat.org/oclc/43397065
43657111,Creativity in the classroom :schools of curious delight /,"Starko, Alane J.",370.157 St795C, Educational Psychology,"L. Erlbaum Associates,",2001,0,https://libswu.on.worldcat.org/oclc/43657111
43701774,Handbook of contemporary learning theories /,"Mowrer, Robert R.,Klein, Stephen B.",370.1523 Ha236, Educational Psychology,"L. Erlbaum Associates,",2001,0,https://libswu.on.worldcat.org/oclc/43701774
43790414,Educational Psychology /,"Hoy, Anita Woolfolk,",370.15 Wo913E 2001, Educational Psychology,"Allyn and Bacon,",2001,0,https://libswu.on.worldcat.org/oclc/43790414
43885407,New learning /,"Simons, P. R. J.Linden, Adrianus Arnoldus Maria van der,Duffy, Tom.; Interuniversitair Centrum voor Onderwijskundig Onderzoek.",370.1523 Ne532, Educational Psychology,"Kluwer Academic Publishers,",2000,0,https://libswu.on.worldcat.org/oclc/43885407
44019655,Psychology of education :major themes /,"Smith, Peter K.Pellegrini, Anthony D.",370.15 Ps974, Educational Psychology,"RoutledgeFalmer,",2000,0,https://libswu.on.worldcat.org/oclc/44019655
44131639,Case studies in educational psychology /,"Adams, Frank D.",370.15 Ad212C, Educational Psychology,"RoutledgeFalmer,",2001,0,https://libswu.on.worldcat.org/oclc/44131639
45436971,Caring classrooms/intelligent schools :the social emotional education of young children /,"Cohen, Jonathan,",372.019 Ca331, Educational Psychology,"Teachers College Press,",2001,0,https://libswu.on.worldcat.org/oclc/45436971
45575624,Reflective practice to improve schools :an action guide for educators /,"York-Barr, Jennifer,",370.1523 Re332, Educational Psychology,"Corwin Press,",2001,0,https://libswu.on.worldcat.org/oclc/45575624
46500658,"Becoming a ""wiz"" at brain-based teaching :how to make every year your best year /","Sprenger, Marilee,",370.1523 Sp768B, Educational Psychology,"Corwin Press,",2002,0,https://libswu.on.worldcat.org/oclc/46500658
46937645,Educational psychology cases /,"Greenwood, Gordon E.,; Fillmer, H. Thompson,Parkay, Forrest W.,Greenwood, Gordon E.,",370.15 Gr816E, Educational Psychology,"Merrill/Prentice Hall,",2002,0,https://libswu.on.worldcat.org/oclc/46937645
48177166,Learning to think :disciplinary perspectives /,"Donald, Janet Gail,",370.1523 Do676L, Educational Psychology,"Jossey-Bass,",2002,0,https://libswu.on.worldcat.org/oclc/48177166
48467429,Psychology and education /,"Bentham, Susan,",370.15 Be476P, Educational Psychology,"Routledge,",2002,0,https://libswu.on.worldcat.org/oclc/48467429
49404076,Educational psychology :theory and practice /,"Slavin, Robert E.",370.15 Sl631E 2003, Educational Psychology,"Allyn and Bacon,",2003,0,https://libswu.on.worldcat.org/oclc/49404076
49495189,Learning and instruction /,"Mayer, Richard E.,",370.1523 Ma468L, Educational Psychology,"Merrill,",2003,0,https://libswu.on.worldcat.org/oclc/49495189
56198996,"12 brain/mind learning principles in action :the fieldbook for making connections, teaching, and the human brain /","Caine, Renate Nummela.",370.1532 Tw971, Educational Psychology,"Corwin Press,",2005,0,https://libswu.on.worldcat.org/oclc/56198996
56404144,The motivated school /,"Mclean, Alan.",370.154 Ma163M, Educational Psychology,"Paul Chapman Pub. ;SAGE Publications,",2003,0,https://libswu.on.worldcat.org/oclc/56404144
59199294,The process of learning /,"Biggs, John B.; Telfer, Ross,",370.1523 Bi592P, Educational Psychology,"Prentice-Hall of Australia ;Prentice-Hall International Inc.,",1987,0,https://libswu.on.worldcat.org/oclc/59199294
59901036,The process of learning /,"Biggs, John B.; Moore, Phillip J.",370.1523 Bi592P 1993, Educational Psychology,"Prentice-Hall,",1993,0,https://libswu.on.worldcat.org/oclc/59901036
60789331,Learning teaching :a guidebook for English language teachers /,"Scrivener, Jim,",420.7 Sc534L 2005, Educational Psychology,"Macmillan,",2005,0,https://libswu.on.worldcat.org/oclc/60789331
61285736,It doesn't take a genius :five truths to inspire success in every student /,"McCutcheon, Randall,; Lindsey, Tommie.",371.12 Ma133I, Educational Psychology,"McGraw-Hill,",2006,0,https://libswu.on.worldcat.org/oclc/61285736
62408712,Learning how to learn :tools for schools /,"James, Mary.",370.1523 Le438(3) 2006, Educational Psychology,"New York :Routledge,",2006,0,https://libswu.on.worldcat.org/oclc/62408712
65611601,Creativity across the curriculum /,"Poole, Millicent.",375.001 Po822C, Educational Psychology,"George Allen & Unwin,",1979,0,https://libswu.on.worldcat.org/oclc/65611601
71812672,"Motivation in education :theory, research, and applications /","Schunk, Dale H.; Pintrich, Paul R.Meece, Judith L.Pintrich, Paul R.",370.154 Sc393M, Educational Psychology,"Pearson/Merrill Prentice Hall,",2008,0,https://libswu.on.worldcat.org/oclc/71812672
122973867,"Improving learning how to learn :classrooms, schools and networks /","James, Mary,",370.1523 Im34 2007, Educational Psychology,"Routledge,",2007,0,https://libswu.on.worldcat.org/oclc/122973867
123756755,Foundations of education /,"Chaube, S. P.; Chaube, A.",370.1 Ch496F, Educational Psychology,"Vikas Pub.,",1994,0,https://libswu.on.worldcat.org/oclc/123756755
123756755,Foundations of education /,"Chaube, S. P.; Chaube, A.",370.1 Ch496F  c.2, Educational Psychology,"Vikas Pub.,",1994,0,https://libswu.on.worldcat.org/oclc/123756755
170035170,Understanding effective learning :strategies for the classroom /,"Hewitt, Des.",371.1024 He611U, Educational Psychology,"McGraw Hill/Open University Press,",2008,0,https://libswu.on.worldcat.org/oclc/170035170
174134118,International handbook of research on conceptual change /,"Βοσνιάδου, Στέλλα.",370.1523 In61, Educational Psychology,"Routledge,",2008,0,https://libswu.on.worldcat.org/oclc/174134118
184892969,Student supplement to accompany educational psychology :classroom connections /,"Eggen, Paul D.,; Kauchak, Donald P.,",370.15076 Eg29S, Educational Psychology,"Merrill ;Maxwell Macmillan Canada ;Maxwell Macmillan International,",1994,0,https://libswu.on.worldcat.org/oclc/184892969
192090782,Educational psychology :classroom update : preparing for PRAXIS and practice /,"Santrock, John W.",370.15 Sa237E, Educational Psychology,"McGraw-Hill,",2006,0,https://libswu.on.worldcat.org/oclc/192090782
222724762,Advanced educational psychology /,"Chauhan, Shivadan Singh.",370.15 Ch496A, Educational Psychology,"Vikas,",1978,0,https://libswu.on.worldcat.org/oclc/222724762
277068319,"Enhancing learning, teaching, assessment and curriculum in higher education :theory, cases, practices /","Bamber, Veronica.; Society for Research into Higher Education.",378 En588, Educational Psychology,"Open University Press,",2009,0,https://libswu.on.worldcat.org/oclc/277068319
397406502,Educational psychology :a practitioner-researcher model of teaching /,"Parsons, Richard D.; Hinson, Stephanie Lewis.Sardo-Brown, Deborah.",370.15 Pa269E, Educational Psychology,"Wadsworth,",2001,0,https://libswu.on.worldcat.org/oclc/397406502
422746963,Educational psychology :constructing learning /,"McInerney, D. M.; McInerney, Valentina.",370.15 Ma152E 1998, Educational Psychology,"Prentice Hall,",1998,0,https://libswu.on.worldcat.org/oclc/422746963
422746963,Educational psychology :constructing learning /,"McInerney, D. M.; McInerney, Valentina.",370.15 Ma152E 1998  c.2, Educational Psychology,"Prentice Hall,",1998,0,https://libswu.on.worldcat.org/oclc/422746963
422746963,Educational psychology :constructing learning /,"McInerney, D. M.; McInerney, Valentina.",370.15 Ma152E 1998  c.3, Educational Psychology,"Prentice Hall,",1998,0,https://libswu.on.worldcat.org/oclc/422746963
428007011,Teaching and learning writing /,"Connelly, Vincent.",372.623044 Te253 2009, Educational Psychology,"British Psychological Society,",2009,0,https://libswu.on.worldcat.org/oclc/428007011
456332382,Relevance of education to rural development :final report /,Regional Study Group Meeting on Identification of Causes of Educational Underdevelopment in Rural Areas and on Relevance of Education to the Rural Environment; Unesco.Asia and the Pacific Programme of Educational Innovation for Development.,307.72 Re382, Educational Psychology,"Unesco Regional Office for Education in Asia and the Pacific,",1986,0,https://libswu.on.worldcat.org/oclc/456332382
456332382,Relevance of education to rural development :final report /,Regional Study Group Meeting on Identification of Causes of Educational Underdevelopment in Rural Areas and on Relevance of Education to the Rural Environment; Unesco.Asia and the Pacific Programme of Educational Innovation for Development.,307.72 Re382  c.2, Educational Psychology,"Unesco Regional Office for Education in Asia and the Pacific,",1986,0,https://libswu.on.worldcat.org/oclc/456332382
548660277,Handbook of research on learning and instruction /,"Mayer, Richard E.,Alexander, Patricia A.",306.43072 Ha211, Educational Psychology,"Routledge,",2011,0,https://libswu.on.worldcat.org/oclc/548660277
548660277,Handbook of research on learning and instruction /,"Mayer, Richard E.,Alexander, Patricia A.",306.43072 Ha211  c.2, Educational Psychology,"Routledge,",2011,0,https://libswu.on.worldcat.org/oclc/548660277
548660286,"Educational psychology :concepts, research and challenges /","Rubie-Davies, Christine M.,",370.15 Ed24, Educational Psychology,"Routledge,",2011,0,https://libswu.on.worldcat.org/oclc/548660286
609523655,Learning to think :thinking to learn /,"McLure, Stuart,Davies, Peter,; Centre for Educational Research and Innovation.",370.152 Le438, Educational Psychology,"Published for the Organization for Economic Co-Operation and Development by Pergamon Press,",1991,0,https://libswu.on.worldcat.org/oclc/609523655
609542238,Encouraging learning :towards a theory of the learning school /,"Nixon, Jon.",370.1523 En56, Educational Psychology,"Open University Press,",1995,0,https://libswu.on.worldcat.org/oclc/609542238
613450805,Approaches to learning :a guide for teachers /,"Jordan, Anne,; Stack, Annetta,Carlile, Orison,",370.1523 Jo63A, Educational Psychology,"Open University Press,",2009,0,https://libswu.on.worldcat.org/oclc/613450805
638695717,"Psychology in teaching, learning, and growth /","Hamachek, Don E.",370.15 Ha198P, Educational Psychology,"Allyn and Bacon,",1989,0,https://libswu.on.worldcat.org/oclc/638695717
640067077,Creative Learning in Perspective.,"Jones, Tudor Powell.",370.118 Jo79C, Educational Psychology,"London:Butler & Tanner Ltd,",1972,0,https://libswu.on.worldcat.org/oclc/640067077
656669081,The conditions of learning.,"Gagné, Robert M.",154.4 Ga135C 1977, Educational Psychology,"Holt, Rinehart and Winston,",1977,0,https://libswu.on.worldcat.org/oclc/656669081
656669081,The conditions of learning.,"Gagné, Robert M.",154.4 Ga135C 1977  c.2, Educational Psychology,"Holt, Rinehart and Winston,",1977,0,https://libswu.on.worldcat.org/oclc/656669081
663950178,Towards an understanding of language learner self-concept /,"Mercer, Sarah.",407 Me554T, Educational Psychology,"Springer,",2011,0,https://libswu.on.worldcat.org/oclc/663950178
690369879,จิตวิทยาการศึกษา =Educational psychology /,วรรณี ลิมอักษร.,370.15 ว272จ 2551, Educational Psychology,"ศูนย์หนังสือมหาวิทยาลัยทักษิณ,",2008,0,https://libswu.on.worldcat.org/oclc/690369879
701015524,Enhancing learning through play :a developmental perspective for early years settings /,"Macintyre, Christine,",372.21 Ma152E 2012, Educational Psychology,"David Fulton Publishers,",2012,0,https://libswu.on.worldcat.org/oclc/701015524
705716850,SAGE directions in education psychology /,"Salkind, Neil J.",370.15 Sa129  v. 1, Educational Psychology,"Sage,",2011,0,https://libswu.on.worldcat.org/oclc/705716850
705716850,SAGE directions in education psychology /,"Salkind, Neil J.",370.15 Sa129  v. 2, Educational Psychology,"Sage,",2011,0,https://libswu.on.worldcat.org/oclc/705716850
705716850,SAGE directions in education psychology /,"Salkind, Neil J.",370.15 Sa129  v. 3, Educational Psychology,"Sage,",2011,0,https://libswu.on.worldcat.org/oclc/705716850
705716850,SAGE directions in education psychology /,"Salkind, Neil J.",370.15 Sa129  v. 4, Educational Psychology,"Sage,",2011,0,https://libswu.on.worldcat.org/oclc/705716850
705716850,SAGE directions in education psychology /,"Salkind, Neil J.",370.15 Sa129  v. 5, Educational Psychology,"Sage,",2011,0,https://libswu.on.worldcat.org/oclc/705716850
727632314,จิตวิทยาการศึกษา /,สุรางค์ โค้วตระกูล.,370.15 ส858จ 2552, Educational Psychology,"สำนักพิมพ์แห่งจุฬาลงกรณ์มหาวิทยาลัย,",2009,0,https://libswu.on.worldcat.org/oclc/727632314
742512527,Theoretical foundations of learning environments /,"Jonassen, David H.,Land, Susan M.",370.1523 Th396, Educational Psychology,"Routledge,",2012,0,https://libswu.on.worldcat.org/oclc/742512527
748708866,The psychology of learning mathematics.,"Skemp, Richard R.",153.15 Sk627P, Educational Psychology,"Penguin Books,",1982,0,https://libswu.on.worldcat.org/oclc/748708866
752072070,The brain-targeted teaching model for 21st-century schools /,"Hardiman, Mariale M.; Denckla, Martha B.,",370.15 Ha262B, Educational Psychology,"Corwin,",2012,0,https://libswu.on.worldcat.org/oclc/752072070
769818938,Applied behavior analysis for teachers /,"Alberto, Paul.; Troutman, Anne C.",370.153 Al333A 2013, Educational Psychology,"Pearson,",2013,0,https://libswu.on.worldcat.org/oclc/769818938
781364736,"ึศกษาัปจัจยแรงูจงใจในการเีรยนของันกึศกษาสถาับนการพลึศกษา ิวทยาเขตุชมพร =A study of motivation factors in learning of student of Institute of Physical Education, Chumphon Campus /",สำเิรง วง์ศพลาย.,370.154 ส712ศ, Educational Psychology,"สถาับนการพลึศกษา ิวทยาเขตุชมพรSamrœ̄ng Wongphlāi,",2010,0,https://libswu.on.worldcat.org/oclc/781364736
786478944,Psychology and the teacher /,"Child, Dennis.",370.15 Ch536P, Educational Psychology,"Cassell,",1995,0,https://libswu.on.worldcat.org/oclc/786478944
809723141,Freedom to learn /,"Rogers, Carl R.; Freiberg, H. Jerome.",370.15 Ro724F, Educational Psychology,"Macmillan College Publ.,",1994,0,https://libswu.on.worldcat.org/oclc/809723141
813193789,จิตวิทยาการดำเนินชีวิตกับการพัฒนาตน /,มาลิณี จุโฑปะมา.; มหาวิทยาลัยราชภัฏบุรีรัมย์.,158.1 ม495จ, Educational Psychology,"เรวัตการพิมพ์,",2010,0,https://libswu.on.worldcat.org/oclc/813193789
813608324,Learning and instruction :theory and practice /,"Bell-Gredler, Margaret E.",370.1523 Be433L, Educational Psychology,"Macmillan ;Collier Macmillan,",1986,0,https://libswu.on.worldcat.org/oclc/813608324
813608324,Learning and instruction :theory and practice /,"Bell-Gredler, Margaret E.",370.1523 Be433L  c.2, Educational Psychology,"Macmillan ;Collier Macmillan,",1986,0,https://libswu.on.worldcat.org/oclc/813608324
822870228,1 นาีทแนะิวีธฉลาดิคด ฉลาดเีขยน ฉลาดเีรยน ฉลาดจำ /,โชิตกาน์ต เี่ทยงธรรม.,371.3 ช823ต, Educational Psychology,"ศีรัปญญา,",2012,0,https://libswu.on.worldcat.org/oclc/822870228
827841884,Mindsets in the classroom :building a culture of success and student achievement in schools /,"Ricci, Mary Cay,",370.1523 Ri491M 2013, Educational Psychology,"Prufrock Press,",2013,0,https://libswu.on.worldcat.org/oclc/827841884
845234951,Educational neuroscience /,"Mareschal, Denis,Butterworth, Brian,Tolmie, Andrew,",370.15 Ed24(5) 2014, Educational Psychology,"John Wiley & Sons, Inc.,",2013,0,https://libswu.on.worldcat.org/oclc/845234951
857083580,Educational psychology :windows on classrooms /,"Eggen, Paul; Kauchak, Don",370.15 Eg29E 2001, Educational Psychology,"Merrill,",2001,0,https://libswu.on.worldcat.org/oclc/857083580
858656370,Educational psychology :theory and practice /,"Slavin, Robert E.,",370.15 Sl631E 2014, Educational Psychology,"Pearson,",2014,0,https://libswu.on.worldcat.org/oclc/858656370
860158555,การประเมินการเรียนรู้ /,ชวลิต ชูกำแพง; มหาวิทยาลัยมหาสารคาม,371.26 ช281ก, Educational Psychology,"มหาวิทยาลัยมหาสารคาม,",2007,0,https://libswu.on.worldcat.org/oclc/860158555
860734659,จิตวิทยาการศึกษา /,สุรางค์ โค้วตระกูล,370.15 ส858จ 2553, Educational Psychology,"สำนักพิมพ์แห่งจุฬาลงกรณ์มหาวิทยาลัย,",2010,0,https://libswu.on.worldcat.org/oclc/860734659
860734659,จิตวิทยาการศึกษา /,สุรางค์ โค้วตระกูล,370.15 ส858จ 2553  ร.2, Educational Psychology,"สำนักพิมพ์แห่งจุฬาลงกรณ์มหาวิทยาลัย,",2010,0,https://libswu.on.worldcat.org/oclc/860734659
860734659,จิตวิทยาการศึกษา /,สุรางค์ โค้วตระกูล,370.15 ส858จ 2553  ร.3, Educational Psychology,"สำนักพิมพ์แห่งจุฬาลงกรณ์มหาวิทยาลัย,",2010,0,https://libswu.on.worldcat.org/oclc/860734659
860798905,'เกียรตินิยม' สอนน้องเรียนเก่ง /,โยธิน ลัทธิประสาธน์,371.30281 ย842ก, Educational Psychology,"Dดี,",2009,0,https://libswu.on.worldcat.org/oclc/860798905
864845761,Engaging imagination :helping students become creative and reflective thinkers /,"James, Alison,; Brookfield, Stephen.",370.157 Ja27E 2014, Educational Psychology,"Jossey-Bass,",2014,0,https://libswu.on.worldcat.org/oclc/864845761
868640887,Education and learning :an evidence-based approach /,"Mellanby, Jane.; Theobald, Katy.",370.1523 Me524E 2014, Educational Psychology,"Wiley-Blackwell,",2014,0,https://libswu.on.worldcat.org/oclc/868640887
882189203,จิตวิทยาการศึกษา /,ณัฐพรหม อินทุยศ; สถาบันการพลศึกษา วิทยาเขตเพชรบูรณ์,370.15 ณ341จ, Educational Psychology,"สถาบันการพลศึกษา วิทยาเขตเพชรบูรณ์,",2010,0,https://libswu.on.worldcat.org/oclc/882189203
882228492,101 วิธีสมองดี ความจำเลิศ /,"เมวิตา วงศ์วิเชียรชัย,",153.42 ห159, Educational Psychology,"รีดเดอร์ส ไดเจสท์ (ประเทศไทย),",2008,0,https://libswu.on.worldcat.org/oclc/882228492
882267504,เรียนเก่งไม่ยาก = Easy guide : how to get A /,ราชันย์ ปรึกษา,371.30281 ร431ร, Educational Psychology,"ธิงค์ บียอนด์ บุ๊คส์,",2012,0,https://libswu.on.worldcat.org/oclc/882267504
900443122,สนุกกับการเรียนในศตวรรษที่ 21 /,"วิจารณ์ พานิช,; มูลนิธิสดศรี-สฤษดิ์วงศ์.",370 ว519ส 2556, Educational Psychology,"มูลนิธิสดศรี-สฤษดิ์วงศ์,",2013,0,https://libswu.on.worldcat.org/oclc/900443122
914386602,จิตวิทยาสำหรับครูและผู้ปกครอง /,เดโช สวนานนท์,154 ด, Educational Psychology,"โอเดียนสโตร์,",,0,https://libswu.on.worldcat.org/oclc/914386602
915112747,จิตวิทยาการศึกษา /,สุรางค์ โค้วตระกูล,370.15 น728จ 2556, Educational Psychology,"สำนักพิมพ์แห่งจุฬาลงกรณ์มหาวิทยาลัย,",2013,2,https://libswu.on.worldcat.org/oclc/915112747
915112747,จิตวิทยาการศึกษา /,สุรางค์ โค้วตระกูล,370.15 ส858จ 2556, Educational Psychology,"สำนักพิมพ์แห่งจุฬาลงกรณ์มหาวิทยาลัย,",2013,2,https://libswu.on.worldcat.org/oclc/915112747
915940706,Using positive psychology to enhance student achievement :a schools-based programme for character education /,"Rae, Tina,; MacConville, Ruth,",370.15 Ra134U 2015, Educational Psychology,"Routledge,",2015,1,https://libswu.on.worldcat.org/oclc/915940706
921314642,รู้เรียนเพื่อเรียนรู้สู่ความเป็นเลิศ = Learning to learn : strategies for accelerating learning and boosting performance /,"วาร์ด, คริสทีน; ดาเลย์, แจน; ดุษฎี บริพัตร ณ อยุธยา,",371.28 ว366ร, Educational Psychology,"รักลูกแฟมิลี่กรุ๊ป,",2006,0,https://libswu.on.worldcat.org/oclc/921314642
930736054,The New guide to study abroad ... by /,"Garraty, John Atthur.; Adams, Waltor.",378 Ga269N, Educational Psychology,"Harper,",1969,0,https://libswu.on.worldcat.org/oclc/930736054
949845810,Learning to live together :Education policies and realities in the Asia-Pacific /,Unesco.,379.5 Le438 2014, Educational Psychology,"The United Nations Educational, Scientific and Cultural Organization,",2014,0,https://libswu.on.worldcat.org/oclc/949845810
958427006,The growth mindset coach :a teacher's month-by-month handbook for empowering students to achieve /,"Brock, Annie,; Hundley, Heather,",370.1523 Br864G 2016, Educational Psychology,"Ulysses Press,",2016,0,https://libswu.on.worldcat.org/oclc/958427006
961882854,The conditions of learning.,"Gagné, Robert M.",154.4 Ga135C 1970, Educational Psychology,"Holt, Rinehart and Winston,",1970,0,https://libswu.on.worldcat.org/oclc/961882854
968629991,Thinking and learning skills /,"Chipman, Susan F.Glaser, Robert,Segal, Judith W.",370.1523 Th443, Educational Psychology,"L. Erlbaum,",1985,0,https://libswu.on.worldcat.org/oclc/968629991
970006773,Instructional design :readings /,"Merrill, M. David,",371.3 Me533I, Educational Psychology,"Printice-Hall,",1971,0,https://libswu.on.worldcat.org/oclc/970006773
1016216877,The Handbook of school psychology /,"Gutkin, Terry B.,Reynolds, Cecil R.,",370.15 Ha236, Educational Psychology,"John Wiley & Sons,",1990,0,https://libswu.on.worldcat.org/oclc/1016216877
1027487812,Educational psychology :windows on classrooms /,"Eggen, Paul D.; Kauchak, Donald P.Garry, Stuart.",370.15 Eg29E 2004, Educational Psychology,"Merrill Prentice Hall, Pearson Education International,",2004,0,https://libswu.on.worldcat.org/oclc/1027487812
1045053718,Learning and human abilities :educational psychology.,"Klausmeier, Herbert John.; Ripple, Richard E.Goodwin, William.",154 Kl63L 2571  v.3, Educational Psychology,"Harper and Row,",1971,0,https://libswu.on.worldcat.org/oclc/1045053718
1047573589,Learning theories :an educational perspective /,"Schunk, Dale H.,",370.1523 Sc393L 2020, Educational Psychology,"Pearson,",2020,1,https://libswu.on.worldcat.org/oclc/1047573589
1058576281,Behaviour management toolkit :avoiding exclusion at school /,"Parry-Mitchell, Chris.; Parry-Mitchell, Chris.",371.4046 Pa265B 2012, Educational Psychology,"Sage Publications,",2012,0,https://libswu.on.worldcat.org/oclc/1058576281
1069249198,Communication and learning /,"Powell, Leonard Sutherland.",371.33 Po786C  c.7, Educational Psychology,"American Elsevier Pub. Co.,",1969,0,https://libswu.on.worldcat.org/oclc/1069249198
1082142044,Teaching thinking across the curriculum.,"Ruggiero, Vincent Ryan.",370.157 Ru931T, Educational Psychology,"Harper & Row, Pub. ;",1988,0,https://libswu.on.worldcat.org/oclc/1082142044
1083632342,การพัฒนาการสอนทักษะการคิดสร้างสรรค์ /,จันทรา ด่านคงรักษ์.,370.118 จ279ก 2561, Educational Psychology,"สำนักพิมพ์แห่งจุฬาลงกรณ์มหาวิทยาลัย,",2018,0,https://libswu.on.worldcat.org/oclc/1083632342
1111013294,Self-regulation of learning and performance :issues and educational applications /,"Schunk, Dale H.Zimmerman, Barry J.",370.154 Se465, Educational Psychology,"Lawrence Erlbaum,",1994,0,https://libswu.on.worldcat.org/oclc/1111013294
1113052316,Psychology of learning and teaching.,"Bernard, Harold W.",154 Be158P, Educational Psychology,"McGraw-Hill,",1972,0,https://libswu.on.worldcat.org/oclc/1113052316
1113052316,Psychology of learning and teaching.,"Bernard, Harold W.",154 Be518F  c.3, Educational Psychology,"McGraw-Hill,",1972,0,https://libswu.on.worldcat.org/oclc/1113052316
1140104249,เทคนิคจำแบบกาวตราช้าง /,"อุสึเดะ, มะซะมิ.; โยซุเกะ.",153.12 ม269ท 2561, Educational Psychology,"วีเลิร์น,",2018,0,https://libswu.on.worldcat.org/oclc/1140104249
1157339496,The relevance of education /,"Bruner, Jerome S.; Gil, Anita,",370.15 Br894R, Educational Psychology,"Allen & Unwin,",1971,0,https://libswu.on.worldcat.org/oclc/1157339496
1157339496,The relevance of education /,"Bruner, Jerome S.; Gil, Anita,",370.15 Br894R  c.2, Educational Psychology,"Allen & Unwin,",1971,0,https://libswu.on.worldcat.org/oclc/1157339496
1159748785,Feedback for learning /,"Askew, Sue.; University of London.",370.1523 Fe295, Educational Psychology,"RoutledgeFalmer,",2000,0,https://libswu.on.worldcat.org/oclc/1159748785
1312493128,Using support groups to improve behaviour /,"Mowat, Joan.",371.94 Mo936U, Educational Psychology,"Paul Chapman,",2007,0,https://libswu.on.worldcat.org/oclc/1312493128
1465466400,Problems of sociology in education /,"United Nations Educational, Scientific and Cultural Organization.",370.19 Pr962, Educational Psychology,"Unesco,",1990,0,https://libswu.on.worldcat.org/oclc/1465466400
1465466652,Learning :principles and applications /,"Klein, Stephen B.",370.1523 Kl64L 1996, Educational Psychology,"McGraw-Hill,",1996,0,https://libswu.on.worldcat.org/oclc/1465466652
1465468922,A systematic map and sythesis reiew of the effectiveness of personal development planning for immproving student learning :evidence for policy and practice information and co-ordinating centre review June 2003 /,"Gough, David.; University of London.",370.1523 Sy995, Educational Psychology,"EPPI-Centre,",2003,0,https://libswu.on.worldcat.org/oclc/1465468922
1465470329,A study of selected factors affecting perceived science classroom climate of the secondary school students in Thailand /,Ravewan Sovajusstogul.,370.155 Ra255S, Educational Psychology,N/A,1979,0,https://libswu.on.worldcat.org/oclc/1465470329
1465471017,Children's ideas in science /,"Driver, Rosalind.Guesne, Edith.Tiberghien, Andree.",370.156 Ch536, Educational Psychology,"Open University Press,",1989,0,https://libswu.on.worldcat.org/oclc/1465471017
1465471743,Psychological perspectives in education /,"Fox, Mark.",370.15 Fo793P, Educational Psychology,"Cassell,",1994,0,https://libswu.on.worldcat.org/oclc/1465471743
1465473769,Educational psychology /,"Woolfolk, Anita",370.15 Wo913E 2013, Educational Psychology,"Pearson,",2013,0,https://libswu.on.worldcat.org/oclc/1465473769
1465476724,Theories of human learning :Mrs Gribbin's cat /,"Lefrancois, Guy R.",370.1523 Le495T 2020, Educational Psychology,"Cambridge University Press,",2020,0,https://libswu.on.worldcat.org/oclc/1465476724
1465477432,The psychology of learning and instruction /,"De Cecco, John P.",370.15 De292P, Educational Psychology,"Prentice-Hall,",1974,0,https://libswu.on.worldcat.org/oclc/1465477432
1465477432,The psychology of learning and instruction /,"De Cecco, John P.",370.15 De292P  c.7, Educational Psychology,"Prentice-Hall,",1974,0,https://libswu.on.worldcat.org/oclc/1465477432
1465482369,The politics of education :the seventy-sixth yearbook of the National Society for the Study of Education /,"Scribner, Jay D., ed.The National Society for the Study of Education.",370.15 Po769, Educational Psychology,"The National Society for the Study of Education,",1977,0,https://libswu.on.worldcat.org/oclc/1465482369
1465485622,Dialogic inquiry :towards a sociocultural practice and theory of education /,"Wells, C. Gordon.",370.1523 We453D, Educational Psychology,"Cambridge University Press,",2003,0,https://libswu.on.worldcat.org/oclc/1465485622
1465490846,Learning :the treasure within /,"International Commission on Education for the Twenty-first Century.; Delors, Jacques.; United Nations Educational, Scientific and Cultural Organization.",370.19 In61L, Educational Psychology,"Unesco,",1996,0,https://libswu.on.worldcat.org/oclc/1465490846
1465490871,The school counseling and school social work treatment planner /,"Knapp, Sarah Edison.; Jongsma, Arthur E., Jr.",370.15 Kn67S, Educational Psychology,"J. Wiley & Sons,",2002,0,https://libswu.on.worldcat.org/oclc/1465490871
1465491585,Proposed models for developing community schools in Thailand based on a study of selected community school progranes in Michigan /,Sauwanee senasu.,370.19 Sa262P, Educational Psychology,"Oklahoma, Oklahoma State University,",1979,0,https://libswu.on.worldcat.org/oclc/1465491585
1465493901,"Ron Fry's :how to study program ""Ace"" any test /","Fry, Ronald W.",370.1523 Fr947R, Educational Psychology,"S.S. Mubaruk & Brother,",1992,0,https://libswu.on.worldcat.org/oclc/1465493901
1465499483,"A study of the community school practices in some selected areas of the bicol region, philippines, and their implications to education region 10, Thailand /",Uthai Piromruen.,370.19 Ut897S, Educational Psychology,N/A,1964,0,https://libswu.on.worldcat.org/oclc/1465499483
1465503152,Understanding psychology /,"Kasschau, Richard A.",370.15 Ka19U, Educational Psychology,"McGraw-Hill,",1995,0,https://libswu.on.worldcat.org/oclc/1465503152
1465503525,"International conference on learning & teaching :active learning and education 2009 : proceeding, Faculty of Education, Burapha University Chonburi, Thailand /",Mahāwitthayālai Būraphā.; International Conference on Learning & Teaching : Active Learning and Education,370.1523 In61, Educational Psychology,"University,",2009,0,https://libswu.on.worldcat.org/oclc/1465503525
1465504665,The school and community relations /,"Kindred, Leslie W.; Bagin, Don.Gallagher, Donald R.",370.1931 Ki51S, Educational Psychology,"Prentice Hall,",1990,0,https://libswu.on.worldcat.org/oclc/1465504665
1465504922,Learning strategies /,"Nisbet, John.",370.1523 Ni723L, Educational Psychology,"Routledge,",1988,0,https://libswu.on.worldcat.org/oclc/1465504922
1465506180,Educational psychology :applications for classroom learning and instruction /,"Reilly, Robert R.; Lewis, Ernest L.",370.15 Re362E 1991, Educational Psychology,"Macmillan,",1991,0,https://libswu.on.worldcat.org/oclc/1465506180
1465509704,Using experience for learning /,"Boud, David.Cohen, Ruth.Walker, David",370.1523 Us85, Educational Psychology,"SRHE and Oper University Press,",1994,0,https://libswu.on.worldcat.org/oclc/1465509704
1465512662,Educational psychology :windows on classrooms /,"Eggen, Paul; Kauchak, Donald P.",370.15 Eg29E 2013, Educational Psychology,"Pearson,",2013,0,https://libswu.on.worldcat.org/oclc/1465512662
1465515749,Probing understanding /,"White, Richard.; Gunstone, Richard.",370.152 Wh587P, Educational Psychology,"Falmer Press,",1993,0,https://libswu.on.worldcat.org/oclc/1465515749
1465516223,"Development of education in Asia :third regional conference of ministers of education and those responsible for economic planning in Asia, Singapore, 31 May - 7 June 1971.",Unesco.; Regional Conference of Ministers of Education and Those Responsible for Economic Planning in Asia,370.197 Un56D, Educational Psychology,"Unesco,",1971,0,https://libswu.on.worldcat.org/oclc/1465516223
1465516223,"Development of education in Asia :third regional conference of ministers of education and those responsible for economic planning in Asia, Singapore, 31 May - 7 June 1971.",Unesco.; Regional Conference of Ministers of Education and Those Responsible for Economic Planning in Asia,370.197 Un56D  c.2, Educational Psychology,"Unesco,",1971,0,https://libswu.on.worldcat.org/oclc/1465516223
1465520244,Creative learning :a handbook for teachers and trainers /,"Prakash, Vijoy.",370.1523 Pr898C 2017, Educational Psychology,"Viva Books,",2017,0,https://libswu.on.worldcat.org/oclc/1465520244
1465528111,Emotional intelligence in the classroom :creative learning strategies for 11-18s /,"Brearley, Michael.",953.8 La253 2006, Educational Psychology,"Crown House Pub.,",2004,0,https://libswu.on.worldcat.org/oclc/1465528111
1465540681,Empathetic education :an ecological perpective on educational knowledge /,"Laura, Ronald S.; Cotton, Mathew C.",370.19 La377E, Educational Psychology,"Falmer Press,",1998,0,https://libswu.on.worldcat.org/oclc/1465540681
1465542317,Teaching thinking /,"De Bono, Edward.",370.1523 De287T 1986, Educational Psychology,"Penguin,",1986,0,https://libswu.on.worldcat.org/oclc/1465542317
1465544880,Social class and educational achievement in a plural society :Peninular Malasia /,"Haron, Isahak Bin.",370.19 Ha292S, Educational Psychology,N/A,1977,0,https://libswu.on.worldcat.org/oclc/1465544880
1465545463,Educational psychology /,"Woolfolk, Anita",370.15 Wo913E 1998, Educational Psychology,"Allyn and Bacon,",1998,0,https://libswu.on.worldcat.org/oclc/1465545463
1465545463,Educational psychology /,"Woolfolk, Anita",370.15 Wo913E 1998  c.3, Educational Psychology,"Allyn and Bacon,",1998,0,https://libswu.on.worldcat.org/oclc/1465545463
1465548147,Children's informal ideas in science /,"Black, P. J.Lucas, A. M.",370.1565 Ch536, Educational Psychology,"Routledge,",1996,0,https://libswu.on.worldcat.org/oclc/1465548147
1465548735,A study on the relevance of education to work in Bangladesh.,N/A,370.194 St933, Educational Psychology,"Unesco,",1982,0,https://libswu.on.worldcat.org/oclc/1465548735
1465553274,Applied behavior analysis for teachers /,"Alberto, Paul A.; Troutman, Anne C.",370.153 Al333A 1995, Educational Psychology,"Prentice-Hall,",1995,0,https://libswu.on.worldcat.org/oclc/1465553274
1465553274,Applied behavior analysis for teachers /,"Alberto, Paul A.; Troutman, Anne C.",370.153 Al333A 1995  c.2, Educational Psychology,"Prentice-Hall,",1995,0,https://libswu.on.worldcat.org/oclc/1465553274
1465559932,A study of the impact of Christian missionaries on education in Thailand 1662-1910 /,"Nguyen - Van Khoi, Joseph.",370.193 Ng576S, Educational Psychology,"Graduate School of Saint Louis University,",1972,0,https://libswu.on.worldcat.org/oclc/1465559932
1465561810,Reflection :turning experience into learning /,"Boud, David.; Keogh, Rosemary.Walker, David",370.1523 Bo756R, Educational Psychology,"Kogan Page :Nichols Pub.,",1996,0,https://libswu.on.worldcat.org/oclc/1465561810
1465562967,The child's environment /,"Spencer, Christopher.",370.19 Ch536, Educational Psychology,"Academic Press,",1995,0,https://libswu.on.worldcat.org/oclc/1465562967
1465565073,Educational psychology /,"Santrock, John W.",158.1 ข512ข 2559, Educational Psychology,"McGraw-Hill,",2009,0,https://libswu.on.worldcat.org/oclc/1465565073
1465570439,Psychology for teachers /,"Fontana, David.",370.15 Fo679P, Educational Psychology,"Macmillam in association with BPS,",1995,0,https://libswu.on.worldcat.org/oclc/1465570439
1465577028,Educational psychology :a practitioner-researcher approach : an Asian edition /,"Seng, Tan Oon.",370.15 Ed24 2003, Educational Psychology,"Thomson,",2003,0,https://libswu.on.worldcat.org/oclc/1465577028
1465577542,Theories of human learning :what the professor said /,"Lefrancois, Guy R.",153.15 Le495T9, Educational Psychology,"Wadsworth,",2012,0,https://libswu.on.worldcat.org/oclc/1465577542
1465584594,Accelerated learning in the classroom /,"Smith, Alistair.",371.2011 Hu894T 2002, Educational Psychology,"Network Educational Press,",2002,0,https://libswu.on.worldcat.org/oclc/1465584594
1465594756,Psychology of learning for instruction /,"Driscoll, Marcy Perkins.",370.1523 Dr781P, Educational Psychology,"Allyn and Bacon,",1993,0,https://libswu.on.worldcat.org/oclc/1465594756
1465594767,The relative effects of pleasantness and unpleasantness on paired-assicauats learning /,Pruang Kumut.,370.152 Pr971R, Educational Psychology,N/A,1969,0,https://libswu.on.worldcat.org/oclc/1465594767
1465594949,Psychology of education /,"Loree, M. Ray.",370.15 Lo868P, Educational Psychology,"Ronald Press,",1963,0,https://libswu.on.worldcat.org/oclc/1465594949
1465595172,"The climate of secondary schools in Northeast Thailand :the relationships among school climate, studnt achievement, morality, and happiness /",Srimala Jatuporn.,370.158 Sr774C, Educational Psychology,N/A,2005,0,https://libswu.on.worldcat.org/oclc/1465595172
1465596223,Readings in educational psychology /,"Woolfolk, Anita",370.15 Wo913R, Educational Psychology,"Allyn and Bacon,",1993,0,https://libswu.on.worldcat.org/oclc/1465596223
1465598478,Comparative education.,N/A,37-329, Educational Psychology,"Taylor & Francis,",1964,0,https://libswu.on.worldcat.org/oclc/1465598478
1465601106,Handbook of prosocial education /,"Brown, Phillip.Corrigan, Michael W.Higgins-D'Alessandro, Ann.",370.153 Ha236 2012, Educational Psychology,"Rowman & Littlefield Publishers, Inc.,",2012,0,https://libswu.on.worldcat.org/oclc/1465601106
1465605381,Social origins of educational systems /,"Archer, Margaret S.",370.19 Ar672S, Educational Psychology,"Sage,",1964,0,https://libswu.on.worldcat.org/oclc/1465605381
1465608386,Educational psychology /,"Seifert, Kelvin",370.15 Se459E, Educational Psychology,"Houghton Mifflin,",1983,0,https://libswu.on.worldcat.org/oclc/1465608386
1465611039,"Learning principles, processes and practices /","Stevenson, Rosemary J.; Palmer, Joy",370.15 St915L, Educational Psychology,"Cassell,",1994,0,https://libswu.on.worldcat.org/oclc/1465611039
1465614418,Educating parents to educate their children /,Suthan Janhom.,370.15 Su966E, Educational Psychology,N/A,1984,0,https://libswu.on.worldcat.org/oclc/1465614418
1465616167,The education of the people /,"St. John, James Augustus.",370.19 Sa143E  c.3, Educational Psychology,"Chapman and Hall,",1970,0,https://libswu.on.worldcat.org/oclc/1465616167
1465641099,School learning and instruction /,"Thornburg, Hershel D.",370.15 Th497S, Educational Psychology,N/A,1973,0,https://libswu.on.worldcat.org/oclc/1465641099
1465644652,"Psychological foundations of education :an introducation to human motivation, development, and learning /","Bigge, Morris L.; Hunt, Maurice P.",370.15 Bi592P, Educational Psychology,"Harper & Row,",1968,0,https://libswu.on.worldcat.org/oclc/1465644652
1465644652,"Psychological foundations of education :an introducation to human motivation, development, and learning /","Bigge, Morris L.; Hunt, Maurice P.",370.15 Bi592P  c.3, Educational Psychology,"Harper & Row,",1968,0,https://libswu.on.worldcat.org/oclc/1465644652
1465649282,Educational psychology :psychological foundations of education /,"Sawrey, James M.; Telford, Charles W.,",370.15 Sa271E, Educational Psychology,"Allyn and Bacon,",1965,0,https://libswu.on.worldcat.org/oclc/1465649282
1506108948,การจัดการเรียนรู้เชิงรุกเพื่อพัฒนาทักษะการคิดขั้นสูง =active learning management to develop higher order thinking skills /,"อาภาพร สิงหราช,; มหาวิทยาลัยเทคโนโลยีพระจอมเกล้าพระนครเหนือ",370.1523 อ634ก 2567, Educational Psychology,ศูนย์ผลิตตำราเรียนและสิ่งพิมพ์ดิจิทัล มหาวิทยาลัยเทคโนโลยีพระจอมเกล,2567,1,https://libswu.on.worldcat.org/oclc/1506108948
790151,The sociology of educational ideas.,"Evetts, Julia.",370.193 Ev93S  c.2, Educational Sociology,Routledge & K. Paul,1973,0,https://libswu.on.worldcat.org/oclc/790151
1156459,Marxist perspectives in the sociology of education /,"Levitas, Maurice.",370.193 Le666M  c.2, Educational Sociology,"Routledge & Kegan Paul,",1974,0,https://libswu.on.worldcat.org/oclc/1156459
1429512,Sociometry in the classroom.,"Gronlund, Norman Edward,",301.01 Gr, Educational Sociology,Harper,1959,0,https://libswu.on.worldcat.org/oclc/1429512
2567743,Towards equality in education :the fight against discrimination /,"Juvigny, Pierre.",371.97 Ju, Educational Sociology,"Unesco,",1962,0,https://libswu.on.worldcat.org/oclc/2567743
2656783,The sociology of education:an introduction.,"Morrish, Ivor.",370.19 Mo737S, Educational Sociology,"Allen and Unwin,",1972,0,https://libswu.on.worldcat.org/oclc/2656783
2822040,Sexism :new issue in American education /,"Gough, Pauline.",370.19 Go68S, Educational Sociology,"Phi Delta Kappa Educational Foundation,",1976,0,https://libswu.on.worldcat.org/oclc/2822040
3967927,Essential learning about society :an investigation into learning for social competence /,"Piper, Kevin.",370.193 Pi665E, Educational Sociology,"Australian Council for Educational Research,",1977,0,https://libswu.on.worldcat.org/oclc/3967927
6029944,Research in sociology of education and socialization.,N/A,370.19 Re432, Educational Sociology,JAI Press.,1980,0,https://libswu.on.worldcat.org/oclc/6029944
8000422,Perspectives on the sociology of education :an introduction /,"Robinson, Philip E. D.",370.19 Ro663P, Educational Sociology,"Routledge & Kegan Paul,",1981,0,https://libswu.on.worldcat.org/oclc/8000422
8576561,The quality of school life /,"Williams, Trevor,; Batten, Margaret.",371.810994 Wi727Q, Educational Sociology,"Australian Council for Educational Research,",1981,0,https://libswu.on.worldcat.org/oclc/8576561
10126896,Sexism in the secondary curriculum /,"Whyld, Janie.",370.19345 Se518, Educational Sociology,"Harper & Row,",1983,0,https://libswu.on.worldcat.org/oclc/10126896
10323238,Multilingualism and mother-tongue education /,"Pattanayak, D. P.; Illich, Ivan,",371.97 Pa315M, Educational Sociology,"Oxford University Press,",1981,0,https://libswu.on.worldcat.org/oclc/10323238
10727112,Social foundations of education /,"Van Scotter, Richard D.Van Scotter, Richard D.",370.19 So678, Educational Sociology,"Prentice-Hall,",1985,0,https://libswu.on.worldcat.org/oclc/10727112
13476124,"Education under siege :the conservative, liberal and radical debate over schooling /","Aronowitz, Stanley.; Giroux, Henry A.",370.194 Ar769E, Educational Sociology,"Routledge & Kegan Paul,",1986,0,https://libswu.on.worldcat.org/oclc/13476124
16376031,Schooling in America :a social philosophical perspective /,"Tesconi, Charles A.",370.973 Te337S, Educational Sociology,"Houghton Mifflin,",1975,0,https://libswu.on.worldcat.org/oclc/16376031
16865396,Sociological perspective in education :a reader /,"Śukla, Sureśacandra.Krishna Kumar,",370.15 So678, Educational Sociology,"Chanakya Pubs. ;Distributed by South Asia Books,",1985,0,https://libswu.on.worldcat.org/oclc/16865396
19552917,"The hidden curriculum :reproduction in education, a reappraisal /","Lynch, Kathleen,",370.19 Ly987H, Educational Sociology,"Falmer Press,",1989,0,https://libswu.on.worldcat.org/oclc/19552917
19665303,Social constructions of schooling /,"Lee, Chong-jae.; Chung, Young-ae.Lee, In-hyo.Lee, Young-ro.; Han'guk Kyoyuk Kaebarwŏn.",370.1909519 So678, Educational Sociology,"Korean Educational Development Institute,",1984,0,https://libswu.on.worldcat.org/oclc/19665303
19845866,Whatever happens to little women? :gender and primary schooling /,"Skelton, Christine.",370.19345 Wh555, Educational Sociology,"Open University Press,",1989,0,https://libswu.on.worldcat.org/oclc/19845866
20628123,Equity in education /,"Secada, Walter G.",370.19 Eq64, Educational Sociology,"Falmer Press,",1989,0,https://libswu.on.worldcat.org/oclc/20628123
24067006,Education and gender equality /,"Wrigley, Julia,",370.19345 Ed24, Educational Sociology,"Falmer Press,",1992,0,https://libswu.on.worldcat.org/oclc/24067006
24539668,Society and education /,"Levine, Daniel U.,; Havighurst, Robert J.",370.190973 Le665S  c.2, Educational Sociology,"Allyn and Bacon,",1992,0,https://libswu.on.worldcat.org/oclc/24539668
24936644,Participation and performance in primary schooling :a study of equality of educational opportunity in Mauritius /,"Chinapah, Vinayagum.; Stockholms universitet.",372.96982 Ch539P, Educational Sociology,"Institute of International Education, University of Stockholm,",1983,0,https://libswu.on.worldcat.org/oclc/24936644
25553373,Racism and education :structures and strategies /,"Gill, Dawn.Mayor, Barbara M.,Blair, Maud.",370.19344 Ra121, Educational Sociology,"Sage Publications in association with Open University,",1992,0,https://libswu.on.worldcat.org/oclc/25553373
26363846,"Teachers without goals, students without purposes /","Perkinson, Henry J.",371.102 Pe448T, Educational Sociology,"McGraw-Hill,",1993,0,https://libswu.on.worldcat.org/oclc/26363846
26363847,School and society :educational practice as social expression /,"Tozer, Steven.; Violas, Paul C.Senese, Guy B.",370.190973 To757S  c.2, Educational Sociology,"McGraw-Hill,",1993,0,https://libswu.on.worldcat.org/oclc/26363847
26763607,The sociology of education :a systematic analysis /,"Ballantine, Jeanne H.",370.19 Ba188S, Educational Sociology,"Prentice Hall,",1993,0,https://libswu.on.worldcat.org/oclc/26763607
27814024,Gender issues in education /,"Grossman, Herbert,; Grossman, Suzanne H.",370.19345 Gr878G, Educational Sociology,"Allyn and Bacon,",1994,0,https://libswu.on.worldcat.org/oclc/27814024
28150650,American education /,"Spring, Joel H.",370.973 Sp769A, Educational Sociology,"McGraw-Hill,",1994,0,https://libswu.on.worldcat.org/oclc/28150650
28150650,American education /,"Spring, Joel H.",370.973 Sp769A  c.2, Educational Sociology,"McGraw-Hill,",1994,0,https://libswu.on.worldcat.org/oclc/28150650
28150650,American education /,"Spring, Joel H.",370.973 Sp769A  c.3, Educational Sociology,"McGraw-Hill,",1994,0,https://libswu.on.worldcat.org/oclc/28150650
30109323,"Local education :community, conversation, praxis /","Smith, Mark,",371.030942 Sm655L, Educational Sociology,"Open University Press,",1994,0,https://libswu.on.worldcat.org/oclc/30109323
30332163,How to stop sexual harassment in our schools :a handbook and curriculum guide for administrators and teachers /,"Shoop, Robert J.; Edwards, Debra L.",370.19345 Sh559H, Educational Sociology,"Allyn and Bacon,",1994,0,https://libswu.on.worldcat.org/oclc/30332163
30701562,"Racism and antiracism in real schools :theory, policy, practice /","Gillborn, David.",371.19342 Gi475R, Educational Sociology,"Open University Press,",1995,0,https://libswu.on.worldcat.org/oclc/30701562
30703583,"Justice, ideology, and education :an introduction to the social foundations of education /","Stevens, Edward,; Wood, George H.",370.190973 Ju96 1995, Educational Sociology,"McGraw-Hill,",1995,0,https://libswu.on.worldcat.org/oclc/30703583
31740101,Quality and equality :promoting opportunities in schools /,"Riley, Kathryn A.",370.19345 Ri573Q, Educational Sociology,"Cassell,",1994,0,https://libswu.on.worldcat.org/oclc/31740101
31907466,Young friends :schools and friendship /,"Roffey, Sue.; Tarrant, Tony,Majors, Karen.",370.115 Ro721Y, Educational Sociology,"Cassell,",1994,0,https://libswu.on.worldcat.org/oclc/31907466
32014004,Equal opportunities in colleges and universities :towards better practices /,"Farish, Maureen,; Society for Research into Higher Education.",370.19342 Eq64, Educational Sociology,"Society for Research into Higher Education & Open University Press,",1995,0,https://libswu.on.worldcat.org/oclc/32014004
32167635,Divide and school :gender and class dynamics in comprehensive education /,"Abraham, John,",370.19340941 Ab159D, Educational Sociology,"Falmer Press,",1995,0,https://libswu.on.worldcat.org/oclc/32167635
33132900,Society and education /,"Levine, Daniel U.,; Levine, Rayna F.,",370.190973 Le665S 1996, Educational Sociology,"Allyn and Bacon,",1996,0,https://libswu.on.worldcat.org/oclc/33132900
34048196,Gender and schools /,"Measor, Lynda.; Sikes, Patricia J.",370.19345 Me484G, Educational Sociology,"Cassell,",1995,0,https://libswu.on.worldcat.org/oclc/34048196
34053257,The social world of children's learning :case studies of pupils from four to seven /,"Pollard, Andrew,; Filer, Ann.",155.41315 Po771S, Educational Sociology,"Cassell,",1996,0,https://libswu.on.worldcat.org/oclc/34053257
35229219,Equality and achievement :an introduction to the sociology of education /,"Riordan, Cornelius H.,",306.430973 Ri585E, Educational Sociology,"Longman,",1997,0,https://libswu.on.worldcat.org/oclc/35229219
35318770,The sociology of education :a systematic analysis /,"Ballantine, Jeanne H.",370.19 Ba188S 1997, Educational Sociology,"Prentice Hall,",1997,0,https://libswu.on.worldcat.org/oclc/35318770
35961359,Teaching for diversity and social justice :a sourcebook /,"Adams, Maurianne.Bell, Lee Anne,Griffin, Pat.",370.115 Te253, Educational Sociology,"Routledge,",1997,0,https://libswu.on.worldcat.org/oclc/35961359
36783826,The postmodern university? :contested visions of higher education in society /,"Smith, Anthony,Webster, Frank,",378.01 Po858, Educational Sociology,"Society for Research into Higher Education ;Open University Press,",1997,0,https://libswu.on.worldcat.org/oclc/36783826
36994867,International encyclopedia of the sociology of education /,"Saha, Lawrence J.",306.4303 In61, Educational Sociology,"Pergamon,",1997,0,https://libswu.on.worldcat.org/oclc/36994867
39275734,"Popular culture and critical pedagogy :reading, constructing, connecting /","Daspit, Toby.Weaver, John A.",370.115 Po831, Educational Sociology,"Garland Pub.,",1999,0,https://libswu.on.worldcat.org/oclc/39275734
39458981,Critical pedagogy :an introduction /,"Kanpol, Barry.",370.115 Ka16C, Educational Sociology,"Bergin & Garvey,",1999,0,https://libswu.on.worldcat.org/oclc/39458981
39478028,Critical theories in education :changing terrains of knowledge and politics /,"Popkewitz, Thomas S.,Fendler, Lynn,",370.1 Cr934, Educational Sociology,"Routledge,",1999,0,https://libswu.on.worldcat.org/oclc/39478028
39860046,"Men engaging feminisms :pro-feminism, backlashes and schooling /","Lingard, Bob.; Douglas, Peter,",306.432 Li755M, Educational Sociology,"Open University Press,",1999,0,https://libswu.on.worldcat.org/oclc/39860046
40135294,Reducing prejudice and stereotyping in schools /,"Stephan, Walter G.; Banks, James A.,",306.432 St827R, Educational Sociology,"Teachers College Press,",1999,0,https://libswu.on.worldcat.org/oclc/40135294
40298384,Racial and ethnic identity in school practices :aspects of human development /,"Sheets, Rosa Hernández.Hollins, Etta R.,",371.829 Ra121, Educational Sociology,"L. Erlbaum Associates,",1999,0,https://libswu.on.worldcat.org/oclc/40298384
40776823,Transformative learning :educational vision for the 21st century /,"O'Sullivan, Edmund V.",370.115 Os85T, Educational Sociology,"Zed Books ;Distributed in USA exclusively by St. Martin's Press,",1999,1,https://libswu.on.worldcat.org/oclc/40776823
40848490,"Rationing education :policy, practice, reform, and equity /","Gillborn, David.; Youdell, Deborah,",379.4212 Gi475R, Educational Sociology,"Open University Press,",2000,0,https://libswu.on.worldcat.org/oclc/40848490
41309180,"School climate :measuring, improving, and sustaining healthy learning environments /","Freiberg, H. Jerome.",370.158 Sc372, Educational Sociology,"Falmer Press,",1999,0,https://libswu.on.worldcat.org/oclc/41309180
41326450,Whatever happened to equal opportunities in schools? :gender equality initiatives in education /,"Myers, Kate.",379.26 Wh555, Educational Sociology,"Open University Press,",2000,0,https://libswu.on.worldcat.org/oclc/41326450
42597728,Managing equal opportunities in higher education :a guide to understanding and action /,"Woodward, Diana.; Ross, Karen,",379.26 Wo899M, Educational Sociology,"Society for Research into Higher Education :Open University Press,",2000,0,https://libswu.on.worldcat.org/oclc/42597728
42771759,"Revolutionary pedagogies :cultural politics, instituting education, and the discourse of theory /","Trifonas, Peter Pericles,",370.115 Tr827R, Educational Sociology,"Routledge,",2000,0,https://libswu.on.worldcat.org/oclc/42771759
42892247,Education and emancipation :theory and practice in a new constellation /,"Fletcher, Scott,",371.11 Fl615E, Educational Sociology,"Teachers College Press,",2000,0,https://libswu.on.worldcat.org/oclc/42892247
43333706,"Boys, girls, and achievement :addressing the classroom issues /","Francis, Becky.",306.43 Fr818B, Educational Sociology,"RoutledgeFalmer,",2000,0,https://libswu.on.worldcat.org/oclc/43333706
43487303,Handbook of the sociology of education /,"Hallinan, Maureen T.",306.43 Ha236, Educational Sociology,"Kluwer Academic/Plenum Publishers,",2000,0,https://libswu.on.worldcat.org/oclc/43487303
43599216,Teaching toward the 24th century :Star Trek as social curriculum /,"Anijar, Karen.",370.115 An597T, Educational Sociology,"Falmer Press,",2000,0,https://libswu.on.worldcat.org/oclc/43599216
43790491,Beyond affirmative action :reframing the context of higher education /,"Ibarra, Robert A.",378.19829 Ib12B, Educational Sociology,"University of Wisconsin Press,",2001,0,https://libswu.on.worldcat.org/oclc/43790491
43919839,Schools and society :a sociological approach to education /,"Ballantine, Jeanne H.Spade, Joan Z.",306.43 Sc372, Educational Sociology,"Wadsworth/Thomson Learning,",2001,0,https://libswu.on.worldcat.org/oclc/43919839
43968460,Sociology of education :major themes /,"Ball, Stephen J.",306.43 So678, Educational Sociology,"Routledge,",2000,0,https://libswu.on.worldcat.org/oclc/43968460
44118078,"""Why fly that way?"" :linking community and academic achievement /","Greeley, Kathy.",306.432 Gr794W, Educational Sociology,"Teachers College Press,",2000,0,https://libswu.on.worldcat.org/oclc/44118078
44612983,The color of bureaucracy :the politics of equity in mulicultural school communities /,"Larson, Colleen L.; Ovando, Carlos Julio.",379.260973 La334C, Educational Sociology,"Wadsworth,",2001,0,https://libswu.on.worldcat.org/oclc/44612983
45388778,Education and sociology :an encyclopedia /,"Levinson, David L.,Cookson, Peter W.Sadovnik, Alan R.",306.43 Ed24, Educational Sociology,"RoutledgeFalmer,",2002,0,https://libswu.on.worldcat.org/oclc/45388778
45853762,"Knowledge, power, and learning /","Paechter, Carrie F.; Open University.",371.33 Kn73, Educational Sociology,"P. Chapman in association with Open University ;Sage Publications,",2001,0,https://libswu.on.worldcat.org/oclc/45853762
47097294,American education /,"Spring, Joel H.",370.973 Sp769A 2002, Educational Sociology,"McGraw-Hill,",2002,0,https://libswu.on.worldcat.org/oclc/47097294
49790691,"Equity and access to education :themes, tensions and policies /","Lee, W. O.,; Asian Development Bank.Comparative Education Research Centre.",379.11095 Le482E, Educational Sociology,"Asian Development Bank ;Comparative Education Research Centre, The University of Hong Kong,",2002,0,https://libswu.on.worldcat.org/oclc/49790691
50665727,"Education, equality and human rights :issues of gender, 'race', sexuality, special needs and social class /","Cole, Mike,",370.115 Ed24(2), Educational Sociology,"Routledge/Falmer,",2000,0,https://libswu.on.worldcat.org/oclc/50665727
50960928,American education /,"Spring, Joel H.",370.973 Sp769A, Educational Sociology,"McGraw-Hill,",2004,0,https://libswu.on.worldcat.org/oclc/50960928
58422556,American education /,"Spring, Joel H.",370.973 Sp769A2, Educational Sociology,"McGraw-Hill,",2006,0,https://libswu.on.worldcat.org/oclc/58422556
62118854,School and society :historical and contemporary perspectives /,"Tozer, Steven.; Violas, Paul C.Senese, Guy B.",370.190973 To757S3, Educational Sociology,"McGraw-Hill,",2006,0,https://libswu.on.worldcat.org/oclc/62118854
64957551,Lads and ladettes in school :gender and a fear of failure /,"Jackson, Carolyn,",373.18019 Ja12L, Educational Sociology,"Open University Press,",2006,0,https://libswu.on.worldcat.org/oclc/64957551
76925205,Sociology of education :a critical reader /,"Sadovnik, Alan R.",306.43 So678(7), Educational Sociology,"Routledge,",2007,0,https://libswu.on.worldcat.org/oclc/76925205
170203625,Schools and society :a sociological approach to education /,"Ballantine, Jeanne H.Spade, Joan Z.",306.43 Sc372 2008, Educational Sociology,"Pine Forge Press,",2008,0,https://libswu.on.worldcat.org/oclc/170203625
214322734,The sociology of education :a systematic analysis /,"Ballantine, Jeanne H.; Hammack, Floyd M.",306.43 Ba188S, Educational Sociology,"Pearson Prentice Hall,",2009,0,https://libswu.on.worldcat.org/oclc/214322734
298467859,"Gender, bullying, and harassment :strategies to end sexism and homophobia in schools /","Meyer, Elizabeth J.,; Brown, Lyn Mikel,",371.782 Me612G, Educational Sociology,"Teachers College Press,",2009,0,https://libswu.on.worldcat.org/oclc/298467859
314778327,Social foundations of education: Current readings from the behavioral sciences /,"Maclendon, Jonathon Collins.",370.19 Ma126S, Educational Sociology,N/A,1966,0,https://libswu.on.worldcat.org/oclc/314778327
377837525,Why knowledge matters in curriculum :a social realist argument /,"Wheelahan, Leesa.",375.006 Wh561W, Educational Sociology,"Routledge,",2010,0,https://libswu.on.worldcat.org/oclc/377837525
461896749,Handbook of research in the social foundations of education /,"Tozer, Steven.Gallegos, Bernardo P.,Henry, Annette,",น พ682ก, Educational Sociology,"Routledge,",2011,0,https://libswu.on.worldcat.org/oclc/461896749
502972432,Including the excluded :a lecture /,"Sirindhorn,",379.26 Si619I 2008, Educational Sociology,"UNESCO Asia and Pacific Regional Bureau for Education,",2008,0,https://libswu.on.worldcat.org/oclc/502972432
502972432,Including the excluded :a lecture /,"Sirindhorn,",N/A, Educational Sociology,"UNESCO Asia and Pacific Regional Bureau for Education,",2008,0,https://libswu.on.worldcat.org/oclc/502972432
639521243,Sociology of education :a critical reader /,"Sadovnik, Alan R.",647.94068 Be496O, Educational Sociology,"Routledge,",2011,0,https://libswu.on.worldcat.org/oclc/639521243
824531886,Sociology of education :an A-to-Z guide /,"Ainsworth, James,",306.432 So678 2013, Educational Sociology,"Sage Reference,",2013,0,https://libswu.on.worldcat.org/oclc/824531886
871708008,"A Scorecard on gender equality and girls' education in asia 1990-2000 :report prepared for UNESCO Bangkok, September 2004 /","Unterhalter, Elain.; Rajagopalan, Rajee,Challender, Chloe,; Unesco.",379.26095 Un61S, Educational Sociology,"UNESCO,",2004,0,https://libswu.on.worldcat.org/oclc/871708008
926731750,"Equity, quality and cost in higher education :research study on Australia.","Baumgart, N.",378.02 Eq64(1), Educational Sociology,"Unesco. Principal Regional Office for Asia and the Pacific,",1987,0,https://libswu.on.worldcat.org/oclc/926731750
950514091,Parents as partners in education :families and schools working together /,"Berger, Eugenia Hepworth.",370.1931 Be496P, Educational Sociology,"Prentice-Hall,",1995,0,https://libswu.on.worldcat.org/oclc/950514091
950943459,สังคมศาสตร์การศึกษา /,ศิวรักษ์ ศิวารมย์,300 ศ542ส 2551, Educational Sociology,"สร้างสรรค์,",2008,0,https://libswu.on.worldcat.org/oclc/950943459
977160471,Gender in the secondary curriculum :balancing the books /,"Clark, Ann,Millard, Elaine.",306.43 Ge325, Educational Sociology,"Routledge,",1998,0,https://libswu.on.worldcat.org/oclc/977160471
982667541,"Limits of competence :knowledge, higher education and society /","Barnett, Ronald,; Society for Research into Higher Education.SRHE.",378.001 Ba261L, Educational Sociology,"SRHE and Open University Press,",1994,0,https://libswu.on.worldcat.org/oclc/982667541
1066900698,"Education, equity and transformation /","Soudien, Crain.Kallaway, Peter.Breier, Mignonne.; Unesco Institute for Education.",370.19342 Ed24, Educational Sociology,"Kluwer Academic,",1999,0,https://libswu.on.worldcat.org/oclc/1066900698
1257348172,"Feminism and the classroom teacher :research, praxis, and pedagogy/","Coffey, Amanda,; Delamont, Sara,",371.10082 Co674F, Educational Sociology,"Falmer Press,",2000,0,https://libswu.on.worldcat.org/oclc/1257348172
1390748067,The critical pedagogy reader /,"Darder, Antonia,Hernandez, Kortney,Lam, Kevin D.,Baltodano, Marta,",370.115 Cr934 2024, Educational Sociology,"Routledge,",2024,0,https://libswu.on.worldcat.org/oclc/1390748067
1465487161,Human rights education in Asian schools :volume six.,Hurights Osaka.,379.266 Hu918  v.6, Educational Sociology,"Asia-Pacific Human Rights Information Center,",2003,0,https://libswu.on.worldcat.org/oclc/1465487161
1465517344,Including the excluded /,"Sirindhorn,; Princess Maha Chakri Sirindhorn Foundation.",379.26 Si619I 2013, Educational Sociology,"Princess Maha Chakri Sirindhorn Foundation,",2013,0,https://libswu.on.worldcat.org/oclc/1465517344
1465535525,Pacific education for all 2015 review /,"Meleisea, Ellie.",379.26 Pa117 2015, Educational Sociology,"UNESCO Apia Office,",2015,0,https://libswu.on.worldcat.org/oclc/1465535525
1465570473,England's results from the IEA international citizenship education study :what citizenship and education mean to 14 year olds /,"Kerr, David.",370.115 En58, Educational Sociology,"Queen's Printer,",2002,0,https://libswu.on.worldcat.org/oclc/1465570473
1465572992,"Education equality and human rights :issues of gender, 'race', sexuality, disbility and social class /","Cole, Mike.",370.115 Ed24(2) 2018, Educational Sociology,"Routledge,",2018,0,https://libswu.on.worldcat.org/oclc/1465572992
1465591607,Preparing teachers for global citizenship education :a template /,"Krausz, Tibor.",370.115 Pr927 2018, Educational Sociology,"United Nations Educational, Scientific and Cultural Organization,",2018,0,https://libswu.on.worldcat.org/oclc/1465591607
1465604341,Democracy and education.,N/A,370.115 De519D, Educational Sociology,N/A,1966,0,https://libswu.on.worldcat.org/oclc/1465604341
10640559,Teacher fairs :counterpoint to criticism /,"Ingrassia, Sara.; Foley, Sue.",373.074 In53T, General Education,"Phi Delta Kappa Educational Foundation,",1984,0,https://libswu.on.worldcat.org/oclc/10640559
683098978,100 ปี กระทรวงศึกษาธิการ /,กระทรวงศึกษาธิการ,379.593 ห159, General Education,"กระทรวง,",1992,0,https://libswu.on.worldcat.org/oclc/683098978
950429910,110 ปี กระทรวงศึกษาธิการ :คุณภาพและความเสมอภาคทางการศึกษา /,กระทรวงศึกษาธิการ.,379.593 ก218ห, General Education,"กระทรวง,",2002,0,https://libswu.on.worldcat.org/oclc/950429910
985152397,ทัศนะทางการศึกษา /,"ป๋วย อึ๊งภากรณ์,; มหาวิทยาลัยธรรมศาสตร์",370 ป492ท 2559, General Education,"มหาวิทยาลัยธรรมศาสตร์,",2016,0,https://libswu.on.worldcat.org/oclc/985152397
1107461108,"Participatory education and learning management :concepts, researches and practices, Thailand experiences /",Pinsuda Siridhrungsri.,371.2 Pi658P 2018, General Education,"LAP LAMBERT Academic Publishing,",2018,0,https://libswu.on.worldcat.org/oclc/1107461108
1286689731,A glimpse of education in China.,China.,370.951 Gl559, General Education,"The State Education Commission of the People's Republic of China,",1986,0,https://libswu.on.worldcat.org/oclc/1286689731
175380,Higher education: some newer developments /,"Baskin, Samuel,; Association for Higher Education.",378.73 Ba315H  c.2, History of Education,McGraw-Hill,1965,0,https://libswu.on.worldcat.org/oclc/175380
7574883,A concise history of education to 1900 A.D. /,"Gwynne-Thomas, E. H.",370.9 Gw995C, History of Education,"University Press of America,",1981,0,https://libswu.on.worldcat.org/oclc/7574883
870068334,"Decentralization of educational management :experiences from South Asia : with case studies from Bangladesh, India, Nepal, Pakistan, Sri Lanka /","Govinda, R.",372.12 Go721D, History of Education,"International Institute for Educational Planning,",1997,0,https://libswu.on.worldcat.org/oclc/870068334
877102347,"Universities, American, English, German,","Flexner, Abraham,; Lessing J. Rosenwald Reference Collection (Library of Congress)",378.1009 Fl619U, History of Education,"Oxford University Press,",1930,0,https://libswu.on.worldcat.org/oclc/877102347
1289907429,Historical and philosophical foundations of western education /,"Frost, S. E.; Bailey, Kenneth P.,",370.1 Fr939H, History of Education,"Charles E. Merrill,",1973,0,https://libswu.on.worldcat.org/oclc/1289907429
1465469819,Educational innovations in India : /,National Staff College for Educational Planner and Administrators (India),370.954 Ed24, History of Education,"National Staff for Educational Planners and Administrators,",1974,0,https://libswu.on.worldcat.org/oclc/1465469819
1465497035,Paedagogica historica :international journal of the history of education.,N/A,370.9 Pa126, History of Education,"CSPS,",1997,0,https://libswu.on.worldcat.org/oclc/1465497035
1465542456,University and rural development :training materials on rural education.,"United Nations Educational, Scientific and Cultural Organization.",370.91734 Un58, History of Education,"Unesco International Research and Training Centre for Rural Education,",1998,0,https://libswu.on.worldcat.org/oclc/1465542456
1465601503,"Proceedings ASAIHL seminar on ""university and society :new dimensions for the next century"", May 19-21, 2000, venue Naresuan University, Phitsanulok, Thailand /","ASAIHL Seminar on ""University and Society : New Dimensions for the Next Century""; Association of Southeast Asian Institutions of Higher Learning.Naresuan University.",378.103 As798P, History of Education,"The University,",2000,0,https://libswu.on.worldcat.org/oclc/1465601503
1465601503,"Proceedings ASAIHL seminar on ""university and society :new dimensions for the next century"", May 19-21, 2000, venue Naresuan University, Phitsanulok, Thailand /","ASAIHL Seminar on ""University and Society : New Dimensions for the Next Century""; Association of Southeast Asian Institutions of Higher Learning.Naresuan University.",378.103 As798P  c.2, History of Education,"The University,",2000,0,https://libswu.on.worldcat.org/oclc/1465601503
1465611692,"Contemporary research in the United States, Germany, and Japan on five education Issues /","Stevenson, Harold W.Lee, Shin-Ying.Nerison-Low, Roberta.; United States.",370.9 Co761, History of Education,"United States Department of Education],",2002,0,https://libswu.on.worldcat.org/oclc/1465611692
17733193,"Making choices for multicultural education :five approaches to race, class, and gender /","Sleeter, Christine E.,; Grant, Carl A.",370.19341 Sl632M, Multicultural Education,"Merrill Pub. Co.,",1988,0,https://libswu.on.worldcat.org/oclc/17733193
18413306,Multicultural education :issues and perspectives /,"Banks, James A.Banks, Cherry A. McGee.",370.196 Mu961, Multicultural Education,"Allyn and Bacon,",1989,0,https://libswu.on.worldcat.org/oclc/18413306
23940862,Multicultural education of children and adolescents /,"Baruth, Leroy G.; Manning, M. Lee.",370.19341 Ba295M, Multicultural Education,"Allyn and Bacon,",1992,0,https://libswu.on.worldcat.org/oclc/23940862
24467858,Human diversity in education :an integrative approach /,"Cushner, Kenneth.; McClelland, Averil.Safford, Philip L.",370.19341 Cu486H, Multicultural Education,"McGraw-Hill,",1992,0,https://libswu.on.worldcat.org/oclc/24467858
24467858,Human diversity in education :an integrative approach /,"Cushner, Kenneth.; McClelland, Averil.Safford, Philip L.",370.19341 Cu486H  c.3, Multicultural Education,"McGraw-Hill,",1992,0,https://libswu.on.worldcat.org/oclc/24467858
28212453,An introduction to multicultural education /,"Banks, James A.",370.19341 Ba218I, Multicultural Education,"Allyn and Bacon,",1994,0,https://libswu.on.worldcat.org/oclc/28212453
29359595,Multiculturalism and TQE :addressing cultural diversity in schools /,"Cordeiro, Paula A.; Reagan, Timothy G.Martinez, Linda P.",370.1960973 Co794M, Multicultural Education,"Corwin Press,",1994,0,https://libswu.on.worldcat.org/oclc/29359595
29703507,Teaching in a diverse society /,"Grossman, Herbert,",370.1960973 Gr878T, Multicultural Education,"Allyn and Bacon,",1995,0,https://libswu.on.worldcat.org/oclc/29703507
30025906,Diversity on campus /,"Schuman, David F.; Olufs, Dick,",370.196 Sc392D, Multicultural Education,"Allyn & Bacon,",1995,0,https://libswu.on.worldcat.org/oclc/30025906
30544000,Comprehensive multicultural education :theory and practice /,"Bennett, Christine I.",370.19340973 Be471C, Multicultural Education,"Allyn and Bacon,",1995,0,https://libswu.on.worldcat.org/oclc/30544000
30544000,Comprehensive multicultural education :theory and practice /,"Bennett, Christine I.",370.19340973 Be471C  c.2, Multicultural Education,"Allyn and Bacon,",1995,0,https://libswu.on.worldcat.org/oclc/30544000
30736777,Development education :global perspectives in the curriculum /,"Osler, Audrey.; Council of Europe.",370.194 De489, Multicultural Education,"Cassell,",1994,0,https://libswu.on.worldcat.org/oclc/30736777
30814313,Handbook of research on multicultural education /,"Banks, James A.Banks, Cherry A. McGee.",370.196 Ha236 1995, Multicultural Education,"Macmillan Pub. ;Prentice Hall International,",1995,0,https://libswu.on.worldcat.org/oclc/30814313
31076079,Educating for diversity :an anthology of multicultural voices /,"Grant, Carl A.; Association of Teacher Educators.",370.196 Ed24, Multicultural Education,"Allyn and Bacon,",1995,0,https://libswu.on.worldcat.org/oclc/31076079
32013995,Assessment in the multi-ethnic primary classroom /,"Keel, Pat.",305.80071 As846, Multicultural Education,"Trentham Books,",1994,0,https://libswu.on.worldcat.org/oclc/32013995
32465069,Field experience :strategies for exploring diversity in schools /,"Powell, Richard R.,; Zehm, Stanley J.Garcia, Jesus,",370.196 Po885F, Multicultural Education,"Merrill,",1996,0,https://libswu.on.worldcat.org/oclc/32465069
32699459,Multicultural education of children and adolescents /,"Manning, M. Lee.; Baruth, Leroy G.",370.19341 Ma284M 1996, Multicultural Education,"Allyn and Bacon,",1996,0,https://libswu.on.worldcat.org/oclc/32699459
33243114,Diversity in the classroom :new approaches to the education of young children /,"Kendall, Frances E.; Phillips, Carol Brunson,",370.196 Ke33D, Multicultural Education,"Teachers College Press,",1996,0,https://libswu.on.worldcat.org/oclc/33243114
34192568,Building bridges with multicultural picture books :for children 3-5 /,"Beaty, Janice J.",370.196 Be396B, Multicultural Education,"Merrill,",1997,0,https://libswu.on.worldcat.org/oclc/34192568
34558911,Multicultural education :issues and perspectives /,"Banks, James A.Banks, Cherry A. McGee.",370.19314 Mu961, Multicultural Education,"Allyn and Bacon,",1997,0,https://libswu.on.worldcat.org/oclc/34558911
36225496,"Turning on learning :five approaches for multicultural teaching plans for race, class, gender, and disability /","Grant, Carl A.; Sleeter, Christine E.,",370.19341 Gr761T, Multicultural Education,"Merrill,",1998,0,https://libswu.on.worldcat.org/oclc/36225496
36930635,Dictionary of multicultural education /,"Grant, Carl A.,Ladson-Billings, Gloria,",370.11703 Di554, Multicultural Education,"Oryx Press,",1997,0,https://libswu.on.worldcat.org/oclc/36930635
37401141,Multicultural education :raising consciousness /,"Boutte, Gloria.",370.1170973 Bo781M, Multicultural Education,"Wadsworth Pub. Co.,",1999,0,https://libswu.on.worldcat.org/oclc/37401141
39458948,Pathways to success in school :culturally responsive teaching /,"Hollins, Etta R.,Oliver, Eileen Iscoff.",370.1170973 Pa297, Multicultural Education,"L. Erlbaum Associates,",1999,0,https://libswu.on.worldcat.org/oclc/39458948
40180547,"Multicultural research :a reflective engagement with race, class, gender and, sexual orientation /","Grant, Carl A.",306.072 Mu961, Multicultural Education,"Falmer Press,",1999,1,https://libswu.on.worldcat.org/oclc/40180547
40180547,"Multicultural research :a reflective engagement with race, class, gender and, sexual orientation /","Grant, Carl A.",306.072 Mu961  c.2, Multicultural Education,"Falmer Press,",1999,1,https://libswu.on.worldcat.org/oclc/40180547
40470727,Human diversity in action :developing multicultural competencies for the classroom /,"Cushner, Kenneth.",370.117 Cu986H, Multicultural Education,"McGraw-Hill,",1999,0,https://libswu.on.worldcat.org/oclc/40470727
40661819,Culture smart! :ready-to-use slides & activities for teaching multicultural appreciation through art /,"Rodriguez, Susan,",370.117 Ro696C, Multicultural Education,"Prentice Hall,",1999,0,https://libswu.on.worldcat.org/oclc/40661819
42953648,"Culturally responsive teaching :theory, research, and practice /","Gay, Geneva.",370.117 Ga286C, Multicultural Education,"Teachers College Press,",2000,0,https://libswu.on.worldcat.org/oclc/42953648
43555285,Multicultural education :issues and perspectives /,"Banks, James A.Banks, Cherry A. McGee.",370.19314 Mu961 2001, Multicultural Education,"Wiley,",2001,0,https://libswu.on.worldcat.org/oclc/43555285
43797039,"Multicultural education, 99/00 /","Schultz, Fred.",370.1170973 Mu961, Multicultural Education,"Dushkin Pub. Group,",1999,0,https://libswu.on.worldcat.org/oclc/43797039
45081566,Multicultural education and the Internet :intersections and integrations /,"Gorski, Paul.",370.117 Go674M, Multicultural Education,"McGraw-Hill,",2001,0,https://libswu.on.worldcat.org/oclc/45081566
45671950,"Multicultural education, 00/01 /","Schultz, Fred.",370.1170973 Mu961 2000, Multicultural Education,"Dushkin Pub. Group,",2000,0,https://libswu.on.worldcat.org/oclc/45671950
45671950,"Multicultural education, 00/01 /","Schultz, Fred.",370.1170973 Mu961 2000  c.2, Multicultural Education,"Dushkin Pub. Group,",2000,0,https://libswu.on.worldcat.org/oclc/45671950
45966223,"Interculturalism, education and inclusion /","Gundara, Jagdish S.",370.117 Gu975I, Multicultural Education,"Paul Chapman ;SAGE Publications,",2000,0,https://libswu.on.worldcat.org/oclc/45966223
47283124,An introduction to multicultural education /,"Banks, James A.",370.117 Ba218I, Multicultural Education,"Allyn and Bacon,",2002,0,https://libswu.on.worldcat.org/oclc/47283124
51629961,Affirming diversity :the sociopolitical context of multicultural education /,"Nieto, Sonia.",370.117 Ni677A, Multicultural Education,"Allyn and Bacon,",2004,0,https://libswu.on.worldcat.org/oclc/51629961
57422333,Multicultural education and the Internet :intersections and integrations /,"Gorski, Paul.",370.117 Go674M 2005, Multicultural Education,"McGraw-Hill,",2005,0,https://libswu.on.worldcat.org/oclc/57422333
57422333,Multicultural education and the Internet :intersections and integrations /,"Gorski, Paul.",370.117 Go674M 2005  c.2, Multicultural Education,"McGraw-Hill,",2005,0,https://libswu.on.worldcat.org/oclc/57422333
761359036,โครงการึศกษาิวัจยเื่พอเสิรมส้รางบทบาทของประเทศในการเ็ปนูศน์ยกลางทางการึศกษาของูภิมภาค :รายงานการิวัจย /,มันส ุสวรรณ.; ุอดม เิกดิพูบล์ย.; ประหัยด ปานีด.,378.593 ม165ค, Multicultural Education,"สำันกงานคณะกรรมการัพฒนาการเศรษฐิกจและัสงคมแ่หงชาิต,",2005,0,https://libswu.on.worldcat.org/oclc/761359036
805014960,Diversity and inclusion in early childhood :an introduction /,"Devarakonda, Chandrika.",370.117 De488D 2012, Multicultural Education,"SAGE,",2012,0,https://libswu.on.worldcat.org/oclc/805014960
945771734,Learning from difference :comparative accounts of multicultural education /,"Lo Bianco, Joseph,Bal, Aydin,",370.117 Le438 2016, Multicultural Education,"Springer,",2016,0,https://libswu.on.worldcat.org/oclc/945771734
948296434,Crossing cultures in the language classroom /,"DeCapua, Andrea,; Wintergerst, Ann C.,",370.117 De291C 2016, Multicultural Education,"University of Michigan Press,",2016,0,https://libswu.on.worldcat.org/oclc/948296434
1027875195,Multicultural education :issues and perspectives /,"Banks, James A.Banks, Cherry A. McGee.",370.117 Mu961 2003, Multicultural Education,"John Wiley,",2003,0,https://libswu.on.worldcat.org/oclc/1027875195
1465596190,"Intercultural communication competencies in higher education and management :proceedings of the international conference, October 6-7, 2005, Singapore /",Ong Siow-Heng.; Asean-Eu University Network Programme.,370.117 In61, Multicultural Education,"Marshall Cavendish Academic,",2006,0,https://libswu.on.worldcat.org/oclc/1465596190
1582482,"The economics of nonformal education :resources, costs and benefits /","Ahmed, Manzoor,",338.4737 Ah286E, Special Aspects of Education,"Praeger,",1975,0,https://libswu.on.worldcat.org/oclc/1582482
2230426,A Systems approach to teaching and learning procedures :a guide for educators in developing countries.,Unesco.,371.3028 Sy995, Special Aspects of Education,"Unesco Press,",1975,0,https://libswu.on.worldcat.org/oclc/2230426
2230426,A Systems approach to teaching and learning procedures :a guide for educators in developing countries.,Unesco.,371.3 Sy995, Special Aspects of Education,"Unesco Press,",1975,0,https://libswu.on.worldcat.org/oclc/2230426
2417086,Education and development in the Third World /,"D'aeth, Richard,",370.193 Da123E, Special Aspects of Education,"Lexington Books,",1975,0,https://libswu.on.worldcat.org/oclc/2417086
2634323,Education and the employment problem in developing countries /,"Blaug, Mark.",331.137 Bl645E  c.2, Special Aspects of Education,"International Labour Office,",1974,0,https://libswu.on.worldcat.org/oclc/2634323
3489105,Career education in colleges :[a guide for planning two- and four-year occupational programs for successful employment] /,"Harris, Norman C.; Grede, John F.,",378.013 Ha315C, Special Aspects of Education,"Jossey-Bass,",1977,0,https://libswu.on.worldcat.org/oclc/3489105
5315725,Higher education and national development :proceedings /,"World University Service International Conference on the Role of University Education in National Development; Fan, Yiu-kwan,; World University Service.",378.5 In61H, Special Aspects of Education,"World University Service,",1977,0,https://libswu.on.worldcat.org/oclc/5315725
9622184,"Participation, learning, and change :Commonwealth approaches to non-formal education : an edited version of papers /","Commonwealth Conference on Non-formal Education for Development; Fordham, Paul,",370.198 Fo712P  c.2, Special Aspects of Education,"Commonwealth Secretariat,",1980,0,https://libswu.on.worldcat.org/oclc/9622184
10099251,Education and development /,"Garrett, Roger M.",370.91724 Ed24, Special Aspects of Education,"Croom Helm ;St. Martin's Press,",1984,0,https://libswu.on.worldcat.org/oclc/10099251
10131325,Higher education in the Third World :themes and variations /,"Altbach, Philip G.",378.1 Al465H, Special Aspects of Education,"Maruzen Asia :Regional Institute of Higher Education & Development,",1982,0,https://libswu.on.worldcat.org/oclc/10131325
10131325,Higher education in the Third World :themes and variations /,"Altbach, Philip G.",378.1 Al465H  c.2, Special Aspects of Education,"Maruzen Asia :Regional Institute of Higher Education & Development,",1982,0,https://libswu.on.worldcat.org/oclc/10131325
12344172,Low tech education in a high tech world :corporations and classrooms in the new information society /,"Useem, Elizabeth L.",370.19 Us74L, Special Aspects of Education,"Free Press ;Collier Macmillan,",1986,0,https://libswu.on.worldcat.org/oclc/12344172
13323415,Higher education and high level manpower in Indonesia :a study on the linkage between universities and industries in Java /,"Notodihardjo, Hardjono.",378.103 No913H, Special Aspects of Education,"Regional Institute of Higher Education and Development,",1985,0,https://libswu.on.worldcat.org/oclc/13323415
16225071,"Complete guide to competencybased education :practical techniques for planning, developing, implementing, and evaluating your program /","Bradley, Leo H.,",370.732 Br811C, Special Aspects of Education,"Prentice-Hall,",1987,0,https://libswu.on.worldcat.org/oclc/16225071
16739584,A systems approach to teaching and learning procedures :a guide for educators.,Unesco.,371.102 Sy995, Special Aspects of Education,"Unesco Press,",1981,0,https://libswu.on.worldcat.org/oclc/16739584
17298532,Education and cultural diversity /,"Hulmes, Edward.",370.941 Hu915E, Special Aspects of Education,"Longman,",1989,0,https://libswu.on.worldcat.org/oclc/17298532
19455764,The question is college :guiding your child to the right choices after high school /,"Kohl, Herbert R.",370.113 Ko79Q, Special Aspects of Education,"Times Books,",1989,0,https://libswu.on.worldcat.org/oclc/19455764
22043828,World declaration on education for all and framework for action to meet basic learning needs.,World Conference on Education for All.,370.1 Wo927  c.2, Special Aspects of Education,"Inter-Agency Commission,",1990,0,https://libswu.on.worldcat.org/oclc/22043828
22663430,Education in the developing world :conflict and crisis /,"Graham-Brown, Sarah.",370 Gr730E, Special Aspects of Education,"Longman,",1991,0,https://libswu.on.worldcat.org/oclc/22663430
22663912,"International policies for Third World education :Unesco, literacy, and development /","Jones, Phillip W.",370.91724 Jo77I, Special Aspects of Education,"Routledge,",1988,0,https://libswu.on.worldcat.org/oclc/22663912
25769872,Popularization of science and technology :delivery systems for out-of-school science activities including regional science olympiad.,Asia and the Pacific Programme of Educational Innovation for Development.RECSAM (Organization); Regional Training Workshop on Improvement of Delivery Systems for Out-of School Science Activities.Technical Working Group Meeting on the First Asia and the Pacific Regional Science Olympiad.,507.155 Po831, Special Aspects of Education,"Unesco Principal Regional Office for Asia and the Pacific,",1991,0,https://libswu.on.worldcat.org/oclc/25769872
25860171,New resources for education :community management and financing of schools in less developed countries /,"Bray, Mark,",379.091724 Br827N, Special Aspects of Education,"Commonwealth Secretariat,",1987,0,https://libswu.on.worldcat.org/oclc/25860171
27013048,Study strategies for careers /,"Knight, Theodore O.",370.1130973 Kn71S, Special Aspects of Education,"Irwin,",1993,0,https://libswu.on.worldcat.org/oclc/27013048
27354317,The case for investing in basic education /,"Carnoy, Martin.",372.95 Ca291C, Special Aspects of Education,"UNICEF,",1992,0,https://libswu.on.worldcat.org/oclc/27354317
27814566,People and education in the Third World /,"Gould, W. T. S.",370.19 Go698P, Special Aspects of Education,"Longman Scientific & Technical ;John Wiley,",1993,0,https://libswu.on.worldcat.org/oclc/27814566
28170334,Quality basic education :the development of competence /,"Freeman, Joan,; International Bureau of Education.Unesco.",370.194 Fr855Q, Special Aspects of Education,"Unesco,",1992,0,https://libswu.on.worldcat.org/oclc/28170334
28170334,Quality basic education :the development of competence /,"Freeman, Joan,; International Bureau of Education.Unesco.",370.194 Fr855Q  c.2, Special Aspects of Education,"Unesco,",1992,0,https://libswu.on.worldcat.org/oclc/28170334
28170334,Quality basic education :the development of competence /,"Freeman, Joan,; International Bureau of Education.Unesco.",370.194 Fr855Q  c.3, Special Aspects of Education,"Unesco,",1992,0,https://libswu.on.worldcat.org/oclc/28170334
31737389,Homegrown lessons :innovative programs linking school and work /,"Pauly, Edward.; Kopp, Hilary.Haimson, Joshua.",370.1130973 Pa333H, Special Aspects of Education,"Jossey-Bass Publishers,",1995,0,https://libswu.on.worldcat.org/oclc/31737389
31738405,Authentic assessment in action :studies of schools and students at work /,"Darling-Hammond, Linda,; Ancess, Jacqueline,Falk, Beverly.; Columbia University.",379.154 Da221A, Special Aspects of Education,"Teachers College Press,",1995,0,https://libswu.on.worldcat.org/oclc/31738405
31918837,"Implementing basic education in China :progress and prospects in rich, poor and national minority areas /","Lewin, Keith.; Wang, Ying Jie.; International Institute for Educational Planning.",370.951 Le672I, Special Aspects of Education,"UNESCO, International Institute for Educational Planning,",1994,0,https://libswu.on.worldcat.org/oclc/31918837
32097758,Individual action planning :a practical guide /,"Squirrel, Gillian.",372.1404 Sq874I, Special Aspects of Education,"David Fulton Pub.,",1995,0,https://libswu.on.worldcat.org/oclc/32097758
32927185,Including students with special needs :a practical guide for classroom teachers /,"Friend, Marilyn Penovich,; Bursuck, William D.",371.9046 Fr911I, Special Aspects of Education,"Allyn and Bacon,",1996,0,https://libswu.on.worldcat.org/oclc/32927185
33200888,Adult and community education in the South Pacific :innovation and change /,"Veramo, Joseph.",374.89 Ad244  c.2, Special Aspects of Education,"Institute for International Cooperation of the German Adult Education Association,",1994,0,https://libswu.on.worldcat.org/oclc/33200888
33360929,Competence and accountability in education /,"McKenzie, Peter.Mitchell, Philip,Oliver, Paul.",379.154 Co737, Special Aspects of Education,"Arena,",1995,0,https://libswu.on.worldcat.org/oclc/33360929
36566126,Effective mainstreaming :creating inclusive classrooms /,"Salend, Spencer J.",371.9046 Sa163E, Special Aspects of Education,"Merrill,",1998,0,https://libswu.on.worldcat.org/oclc/36566126
36817088,The making of the inclusive school /,"Thomas, Gary,; Walker, David,Webb, Julie.",371.9046 Th454M, Special Aspects of Education,"Routledge,",1998,0,https://libswu.on.worldcat.org/oclc/36817088
38600697,"Teaching strategies for inclusive classrooms :schools, students, strategies, and success /","Schmidt, Mary W.; Harriman, Nancy.",371.9046 Sc353T, Special Aspects of Education,"Harcourt Brace College Publishers,",1998,0,https://libswu.on.worldcat.org/oclc/38600697
38883760,Inclusion :the integration of students with disabilities /,"Coutinho, Martha J.Repp, Alan C.",371.9046 In37, Special Aspects of Education,"Wadsworth Pub. Co.,",1999,0,https://libswu.on.worldcat.org/oclc/38883760
40754736,Inclusive education :international voices on disability and justice /,"Ballard, Keith.",371.9046 In37(2), Special Aspects of Education,"Falmer Press,",1999,0,https://libswu.on.worldcat.org/oclc/40754736
40776920,The inclusive classroom :strategies for effective instruction /,"Mastropieri, Margo A.,; Scruggs, Thomas E.,",371.9046 Ma423I, Special Aspects of Education,"Merrill,",2000,0,https://libswu.on.worldcat.org/oclc/40776920
40797079,Actively seeking inclusion :pupils with special needs in mainstream schools /,"Allan, Julie",371.9046 Al417A, Special Aspects of Education,"Falmer Press,",1999,0,https://libswu.on.worldcat.org/oclc/40797079
41273322,Understanding the development of inclusive schools /,"Ainscow, Mel.",371.9046 Ai296U, Special Aspects of Education,"Falmer Press,",1999,0,https://libswu.on.worldcat.org/oclc/41273322
41608307,Careers education :contesting policy and practice /,"Harris, Suzy.",370.113 Ha282C, Special Aspects of Education,"Paul Chapman Pub.,",1999,0,https://libswu.on.worldcat.org/oclc/41608307
42049340,Modifying schoolwork /,"Janney, Rachel.; Snell, Martha E.Elliott, Johnna.",371.9046 Ja34M, Special Aspects of Education,"Paul H. Brookes Pub.,",2000,0,https://libswu.on.worldcat.org/oclc/42049340
43500363,Thinking through teaching :a framework for enhancing participation and learning /,"Hart, Susan,",371.102 Ha325T, Special Aspects of Education,"David Fulton,",2000,0,https://libswu.on.worldcat.org/oclc/43500363
43729929,Approaches to teaching and learning :including pupils with learning difficulties /,"Babbage, Ron.; Byers, Richard.Redding, Helen.",371.9046 Ba112A, Special Aspects of Education,"D. Fulton Publishers,",1999,0,https://libswu.on.worldcat.org/oclc/43729929
43992866,Teaching students with special needs in inclusive settings /,"Smith, Tom E. C.",371.9046 Te253 2001, Special Aspects of Education,"Allyn and Bacon,",2001,0,https://libswu.on.worldcat.org/oclc/43992866
44075912,"Inclusive education :policy, contexts and comparative perspectives /","Armstrong, Felicity.Armstrong, Derrick,Barton, Len.",370.15 In37, Special Aspects of Education,"D. Fulton Publishers,",2000,0,https://libswu.on.worldcat.org/oclc/44075912
44174322,Deconstructing special education and constructing inclusion /,"Thomas, Gary,; Loxley, Andrew,",371.9 Th456D, Special Aspects of Education,"Open University Press,",2001,0,https://libswu.on.worldcat.org/oclc/44174322
44493335,At the end of the day :lessons learned in inclusive education /,"Grenot-Scheyer, Marquita.Fisher, Mary,Staub, Debbie.",371.9046 At861, Special Aspects of Education,"P.H. Brookes Pub. Co.,",2001,0,https://libswu.on.worldcat.org/oclc/44493335
45008563,Inclusive middle schools /,"Kennedy, Craig H.; Fisher, Douglas,",371.9046 Ke35I, Special Aspects of Education,"P.H. Brookes Pub. Co.,",2001,0,https://libswu.on.worldcat.org/oclc/45008563
45008744,Working towards inclusive education :social contexts /,"Mittler, Peter J.",371.90460941 Mi685W, Special Aspects of Education,"D. Fulton Publishers,",2000,0,https://libswu.on.worldcat.org/oclc/45008744
45008744,Working towards inclusive education :social contexts /,"Mittler, Peter J.",371.90460941 Mi685W  c.2, Special Aspects of Education,"D. Fulton Publishers,",2000,0,https://libswu.on.worldcat.org/oclc/45008744
45305035,Inclusive education :supporting inclusion in education systems /,"Daniels, Harry.Garner, Philip,",371.9042 In37, Special Aspects of Education,"Kogan Page,",2000,0,https://libswu.on.worldcat.org/oclc/45305035
45339348,Meeting special needs in mainstream schools :a practical guide for teachers /,"Stakes, Richard.; Hornby, Garry.",371.90460941 St782M, Special Aspects of Education,"D. Fulton Publishers,",2000,0,https://libswu.on.worldcat.org/oclc/45339348
45339348,Meeting special needs in mainstream schools :a practical guide for teachers /,"Stakes, Richard.; Hornby, Garry.",371.90460941 St782M  c.2, Special Aspects of Education,"D. Fulton Publishers,",2000,0,https://libswu.on.worldcat.org/oclc/45339348
46985115,Towards a curriculum for all :a practical guide for developing an inclusive curriculum for pupils attaining significantly below age-related expectations /,Dorchester Curriculum Group.,371.9046 To737, Special Aspects of Education,"David Fulton,",2002,0,https://libswu.on.worldcat.org/oclc/46985115
47705477,Theories of inclusive education :a student's guide /,"Clough, Peter,; Corbett, Jenny,",371.9046 Cl647I, Special Aspects of Education,"Chapman ;Sage,",2000,0,https://libswu.on.worldcat.org/oclc/47705477
49799122,Inclusive teaching :creating effective schools for all learners /,"Peterson, Michael; Hittie, Mishael Marie.",371.952 Pe485I, Special Aspects of Education,"Allyn and Bacon,",2003,0,https://libswu.on.worldcat.org/oclc/49799122
50333728,Strategies to promote inclusive practice /,"Tilstone, Christina.Rose, Richard,",371.9042 St898, Special Aspects of Education,"RoutledgeFalmer,",2003,0,https://libswu.on.worldcat.org/oclc/50333728
51281141,Teaching students with special needs in inclusive settings /,"Smith, Tom E. C.",371.9046 Te253 2004, Special Aspects of Education,"Allyn and Bacon,",2004,0,https://libswu.on.worldcat.org/oclc/51281141
52031084,Leading diverse schools /,"Ryan, James,",371.9046 Ry988L, Special Aspects of Education,"Kluwer Academic Publishers,",2003,0,https://libswu.on.worldcat.org/oclc/52031084
52133327,Stories for inclusive schools :developing young pupil's skills in assembly and in the classroom /,"Leicester, Mal.; Johnson, Gill,",371.9046 Le526S, Special Aspects of Education,"RoutledgeFalmer,",2004,0,https://libswu.on.worldcat.org/oclc/52133327
52437203,Education business link clusters evaluation /,"Hillage, J.; Barry, John.Pike, Geoff.; Great Britain.",371.2 Hil649E, Special Aspects of Education,"Dept. for Education and Skills,",2002,0,https://libswu.on.worldcat.org/oclc/52437203
54480459,Learning for the 21st century :a report and MILE guide for 21st century skills.,Partnership for 21st Century Skills.,370.973 Le438, Special Aspects of Education,"Partnership for 21st Century Skills,",2003,0,https://libswu.on.worldcat.org/oclc/54480459
54670009,Creating inclusive classrooms :effective and reflective practices for all students /,"Salend, Spencer J.",371.9046 Sa163C, Special Aspects of Education,"Pearson/Merrill/Prentice Hall,",2005,0,https://libswu.on.worldcat.org/oclc/54670009
123940468,Quality in education :some issues for schools and their communities : a concept paper /,"Robson, M.; Matthews, R.; Unesco.",379.15 Ro667Q, Special Aspects of Education,"UNESCO Principal Regional Office for Asia and the Pacific,",1995,0,https://libswu.on.worldcat.org/oclc/123940468
124519348,Education for All :literacy for life.,"Unesco.Education for All, Making it Work (Project)",379.26 Ed24 2005, Special Aspects of Education,"United Nations Educational, Scientific and Cultural Organization,",2005,0,https://libswu.on.worldcat.org/oclc/124519348
137244632,Mobilizing the private sector for public education :a view from the trenches /,"Patrinos, Harry Anthony.Sosale, Shobhana,",371.195Mo687, Special Aspects of Education,"World Bank,",2007,0,https://libswu.on.worldcat.org/oclc/137244632
152470509,Education and human resources sector analysis :a training manual.,Unesco.,330.9 Ed24, Special Aspects of Education,"UNESCO Principal Regional Office for Asia and the Pacific,",1996,0,https://libswu.on.worldcat.org/oclc/152470509
187300322,Practical strategies for the inclusive classroom /,"Wood, Judy W.",371.9046 Wo876P, Special Aspects of Education,"Merrill/Pearson,",2009,0,https://libswu.on.worldcat.org/oclc/187300322
221053947,International development programmes in higher education /,"Coombe, Carol.; Commonwealth Secretariat.Commonwealth Standing Committee on Student Mobility and Higher Education Co-operation.",378.104 Co729I, Special Aspects of Education,"Education Programme, Human Resource Development Group, Commonwealth Secretariat,",1989,0,https://libswu.on.worldcat.org/oclc/221053947
229452607,Experiential learning :assessment and accreditation /,"Evans, Norman,",378.168 Ev92E, Special Aspects of Education,"Routledge,",1991,0,https://libswu.on.worldcat.org/oclc/229452607
237245534,Facts and figures about education and culture in Israel /,"Israel.; Sprinzak, Dalia.Bar, Ehud.Levi-Mazloum, Daniel.",370.95694 Is85F, Special Aspects of Education,"Ministry of Education, Culture and Sport,",1994,0,https://libswu.on.worldcat.org/oclc/237245534
423573058,Contextualizing inclusive education :evaluating old and new international perspectives /,"Mitchell, David R.",371.9046 Co761, Special Aspects of Education,"Routledge,",2009,0,https://libswu.on.worldcat.org/oclc/423573058
665138758,"Diversity, equality and achievement in education /","Knowles, Gianna.; Lander, Vini.",371.826 Kn73D, Special Aspects of Education,"Sage Publications,",2011,0,https://libswu.on.worldcat.org/oclc/665138758
697359884,หัลกูสตริวชาึศกษาั่ทวไป :หัลกการและิวีธดำเินนการ /,ไพูฑร์ย ิสนลาัรต์น.,378.199 พ976ห, Special Aspects of Education,"สำันกิพม์พแ่หงุจฬาลงกร์ณมหาิวทยาัลย,",2007,0,https://libswu.on.worldcat.org/oclc/697359884
754714726,The learning self :understanding the potential for transformation /,"Tennant, Mark.",370.115 Te296L 2012, Special Aspects of Education,"Jossey-Bass,",2012,0,https://libswu.on.worldcat.org/oclc/754714726
767564622,"The handbook of transformative learning :theory, research, and practice /","Taylor, Edward W.Cranton, Patricia.",370.115 Ha236 2012, Special Aspects of Education,"Jossey-Bass,",2012,0,https://libswu.on.worldcat.org/oclc/767564622
767564622,"The handbook of transformative learning :theory, research, and practice /","Taylor, Edward W.Cranton, Patricia.",LC1100 Ha236 2012, Special Aspects of Education,"Jossey-Bass,",2012,0,https://libswu.on.worldcat.org/oclc/767564622
774768153,การึศกษาตามัอธยาัศย :การึศกษาของโลกุยคให่มี่ทมาแรง /,ทีวป อิภิสทิ์ธ.,374.01 ท199ก, Special Aspects of Education,"สำันกิพม์พแ่หงุจฬาลงกร์ณมหาิวทยาัลย,",2011,0,https://libswu.on.worldcat.org/oclc/774768153
781681295,Appreciative inquiry in higher education :a transformative force /,"Cockell, Jeanie,; McArthur-Blair, Joan,",378.01 Co666A 2012, Special Aspects of Education,"Jossey-Bass, a Wiley imprint,",2012,0,https://libswu.on.worldcat.org/oclc/781681295
812242261,รายงานการวิจัยการประเมินศักยภาพและความพร้อมของสถานศึกษาขั้นพื้นฐานเพื่อรองรับการกระจายอำนาจการจัดการศึกษา /,สุวิมล ว่องวาณิช; สุวิมล ว่องวาณิช; สำนักงานเลขาธิการสภาการศึกษา,379.123 ก491, Special Aspects of Education,"สำนักงานเลขาธิการสภาการศึกษา,",2012,0,https://libswu.on.worldcat.org/oclc/812242261
867010337,น่าจะรู้อย่างนี้ตั้งแต่ตอนอายุ 20 /,"ซีลิก, ทินา ลินน์.; พรเลิศ อิฐฐ์.; ธัญลักษณ์ เศวตศิลา.",155.5 ซ349น 2556, Special Aspects of Education,"วีเลิร์น,",2013,0,https://libswu.on.worldcat.org/oclc/867010337
934383163,เรียนรู้สู่การเปลี่ยนแปลง =Transformative learning /,"วิจารณ์ พานิช.; รัตนา กิติกร,; มูลนิธิสยามกัมมาจล.",370.1523 ว519ร 2558, Special Aspects of Education,"มูลนิธิสยามกัมมาจล,",2015,0,https://libswu.on.worldcat.org/oclc/934383163
936201663,All for education :เมื่อมหาวิทยาลัยก้าวไปพร้อมกับโรงเรียน /,อรุณศรี จิตต์แจ้ง; สำนักงานกองทุนสนับสนุนการวิจัย,370.9 อ417อ, Special Aspects of Education,"สำนักงานกองทุนสนับสนุนการวิจัย (สกว.),",2010,0,https://libswu.on.worldcat.org/oclc/936201663
1021306286,Education and development :tradition and innovation /,"Lynch, James.Modgil, Celia.Modgil, Sohan.",370 Ed24, Special Aspects of Education,"Cassell,",1997,0,https://libswu.on.worldcat.org/oclc/1021306286
1045431594,การศึกษาตามอัธยาศัย /,วรรัตน์ ปทุมเจริญวัฒนา.,374 ว274ก 2561, Special Aspects of Education,"โรงพิมพ์แห่งจุฬาลงกรณ์มหาวิทยาลัย,",2018,0,https://libswu.on.worldcat.org/oclc/1045431594
1097330364,Learning together building a better community /,Thailand.; Hill Area Education Project (Thailand),374.9593 Le438, Special Aspects of Education,"The Project,",1986,0,https://libswu.on.worldcat.org/oclc/1097330364
1100123735,การศึกษาแบบเรียนร่วม :ปฏิบัติการขั้นสูงในศตวรรษที่ 21 /,ภูฟ้า เสวกพันธ์.,371.9046 ภ661ก4 2562, Special Aspects of Education,"สำนักพิมพ์จุฬาลงกรณ์มหาวิทยาลัย,",2019,0,https://libswu.on.worldcat.org/oclc/1100123735
1112861423,Teachers and teaching :theory and practice.,International Study Association on Teacher Thinking.International Study Association on Teachers and Teaching.,37-501, Special Aspects of Education,Routledge.,1995,0,https://libswu.on.worldcat.org/oclc/1112861423
1166640237,Education resource projections in the context of sector-wide development planning.,Unesco.; UNESCO Technical Workshop on Sector-Wide Education Resource Projections,379 Ed24(6), Special Aspects of Education,"Unesco,",2005,0,https://libswu.on.worldcat.org/oclc/1166640237
1315174208,Including students with special needs :a practical guide for classroom teachers /,"Friend, Marilyn Penovich,; Bursuck, William D.",371.9046 Fr911I 2002, Special Aspects of Education,"Allyn and Bacon,",2002,0,https://libswu.on.worldcat.org/oclc/1315174208
1465479554,Assessment of transversal competencies :policy and practice in the Asia-Pacific region /,"Care, Esther.; Luo, Rebekah.",371.00218 Ca271A 2016, Special Aspects of Education,"UNESCO Bangkok,",2016,0,https://libswu.on.worldcat.org/oclc/1465479554
1465491361,"Educating for balance :integrating technology and the human spirit on a global scale : selected papers and proceedings of WCCI ninth triennial world conferences, July 13-17, 1998, Bangkok, Thailand /",WCCI Triennial World Conference; Chawalert Lertchalolarn.; Čhulālongkō̜nmahāwitthayālai.World Council for Curriculum and Instruction.,370.11 Wc359E, Special Aspects of Education,"The Faculty and The Council,",2000,0,https://libswu.on.worldcat.org/oclc/1465491361
1465491887,"Adult literacy in the village of Napa, Cholburi /",Veera Boonyakanchana.,379.2 Ve419A  c.2, Special Aspects of Education,N/A,1962,0,https://libswu.on.worldcat.org/oclc/1465491887
1465509809,Economic and social aspects of educational planning.,Unesco.,379 Un579E, Special Aspects of Education,"Unesco,",1964,0,https://libswu.on.worldcat.org/oclc/1465509809
1465512580,Education for all :status and trends....,International Consultative Forum on Education for All.Unesco.,370.11 Ed24, Special Aspects of Education,"Unesco,",2000,0,https://libswu.on.worldcat.org/oclc/1465512580
1465512626,"Perspective ""education-the basis for peace and the key to an enlightened global community"" and the conferment of an honorary doctorate in science (chemistry) /","Kroto, Harold W.; Naresuan University.",370.11 Pe467 2013, Special Aspects of Education,"Naresuan University,",2013,0,https://libswu.on.worldcat.org/oclc/1465512626
1465540292,Driving the National Qualifications Framework :towards ASEAN community /,Thailand.; Pornpimol Metiranan.,379.0128 Th364D 2013, Special Aspects of Education,"Office of the Education Council,",2013,0,https://libswu.on.worldcat.org/oclc/1465540292
1465550284,Citizenship for the 21st century :an international perspective on education /,"Cogan, John J.; Derricott, Ray.",379.2 Co676C, Special Aspects of Education,"Kogan Page,",2000,0,https://libswu.on.worldcat.org/oclc/1465550284
1465553134,Manual for developing literacy and adult education programmes in minority language communities /,Unesco.,371.829 Ma294, Special Aspects of Education,"Unesco,",2004,0,https://libswu.on.worldcat.org/oclc/1465553134
1465640576,Decentralization in education :national policies and practices.,Unesco.,379 De292, Special Aspects of Education,"United Nationd Educational, Scientific and Cultural organization,",2005,0,https://libswu.on.worldcat.org/oclc/1465640576
1465643238,"Quality education for all young people :challenges, trends and priorities : international conference on education 47th session, Geneva, 8-11 September 2004 /",Unesco.; International Conference on Education,370.11 Qu1, Special Aspects of Education,"UNESCO,",2004,0,https://libswu.on.worldcat.org/oclc/1465643238
8999,Developing comprehension :including critical reading /,"Dawson, Mildred A.; International Reading Association.",418 De489, Theory & Practice of Education,"[International Reading Association],",1968,0,https://libswu.on.worldcat.org/oclc/8999
67626,Individualizing instruction in reading and social studies :selected readings on programs and practices /,"Howes, Virgil M.,",371.394 Ho786I, Theory & Practice of Education,Macmillan,1970,0,https://libswu.on.worldcat.org/oclc/67626
150092,"The teaching of reading and writing;an international survey,","Gray, William S.; Staiger, Ralph C.",428.07 Gr783T 1969, Theory & Practice of Education,UNESCO,1969,0,https://libswu.on.worldcat.org/oclc/150092
165923,"Teaching in the outdoors,","Hammerman, Donald R.; Hammerman, William M.,",371.36 Ha224T  c.2, Theory & Practice of Education,Burgess Pub. Co.,1964,0,https://libswu.on.worldcat.org/oclc/165923
180209,"The teacher's personal development;an introduction to self-awareness and interpersonal relations,","Bruce, William French,; Holden, A. John,",371.1 Br, Theory & Practice of Education,H. Holt,1957,0,https://libswu.on.worldcat.org/oclc/180209
180442,Teach me! :A photographic essay on the joys and challenges of teaching and learning /,"Purcell, Carl,",371.100683 Su942J, Theory & Practice of Education,"National Education Association of the United States, Publications Division,",1966,0,https://libswu.on.worldcat.org/oclc/180442
180861,Unit teaching in the elementary school.,"Hanna, Lavone A.",372 Ha, Theory & Practice of Education,"Rinehart,",1955,0,https://libswu.on.worldcat.org/oclc/180861
180861,Unit teaching in the elementary school.,"Hanna, Lavone A.",372 Ha  c.2, Theory & Practice of Education,"Rinehart,",1955,0,https://libswu.on.worldcat.org/oclc/180861
181038,"Read faster, and get more from your reading.","Smith, Nila Banton.",428.4 Sm  c.3, Theory & Practice of Education,Prentice-Hall,1958,0,https://libswu.on.worldcat.org/oclc/181038
181187,Reading improvement for adults /,"Leedy, Paul D.",428.07 Le  c.2, Theory & Practice of Education,"McGraw-Hill,",1956,0,https://libswu.on.worldcat.org/oclc/181187
181330,Storytelling.,"Tooze, Ruth.",027.6 To, Theory & Practice of Education,"Prentice-Hall,",1959,0,https://libswu.on.worldcat.org/oclc/181330
181407,Teaching language as communication to children /,"May, Frank B.",407 Ma, Theory & Practice of Education,Charles E. Merrill Books,1967,0,https://libswu.on.worldcat.org/oclc/181407
181903,Outdoor education,"Smith, Julian W.",371.36 Sm651O, Theory & Practice of Education,"Prentice-Hall,",1963,0,https://libswu.on.worldcat.org/oclc/181903
181903,Outdoor education,"Smith, Julian W.",371.36 Sm651O  c.2, Theory & Practice of Education,"Prentice-Hall,",1963,0,https://libswu.on.worldcat.org/oclc/181903
183593,Teaching reading as a thinking process.,"Stauffer, Russell G.",428 St798T, Theory & Practice of Education,"Harper & Row,",1969,0,https://libswu.on.worldcat.org/oclc/183593
183593,Teaching reading as a thinking process.,"Stauffer, Russell G.",428 St798T  c.2, Theory & Practice of Education,"Harper & Row,",1969,0,https://libswu.on.worldcat.org/oclc/183593
225712,Fundamentals of reading instruction,"Fitzgerald, James A.,; Fitzgerald, Patricia G.,",428.07 Fi553F  c.2, Theory & Practice of Education,Bruce Pub. Co.,1967,0,https://libswu.on.worldcat.org/oclc/225712
246628,Teacher and child;a book for parents and teachers,"Ginott, Haim G.",535.332 Br798I  c.2, Theory & Practice of Education,Macmillan,1972,0,https://libswu.on.worldcat.org/oclc/246628
291144,Teaching reading;a guide to basic principles and modern practices.,"Hildreth, Gertrude Howell,",428.07 Hi, Theory & Practice of Education,Holt,1958,0,https://libswu.on.worldcat.org/oclc/291144
314327,Practical approaches to individualizing instruction :contracts and other effective teaching strategies /,"Dunn, Rita,; Dunn, Kenneth J.,",371.394 Du942P, Theory & Practice of Education,"Parker Pub. Co.,",1972,0,https://libswu.on.worldcat.org/oclc/314327
314327,Practical approaches to individualizing instruction :contracts and other effective teaching strategies /,"Dunn, Rita,; Dunn, Kenneth J.,",371.394 Du942P  c.2, Theory & Practice of Education,"Parker Pub. Co.,",1972,0,https://libswu.on.worldcat.org/oclc/314327
354086,"Administrators and reading,","Carlson, Thorsten Robert,; International Reading Association.",418.4 Ad238, Theory & Practice of Education,Harcourt Brace Jovanovich,1972,0,https://libswu.on.worldcat.org/oclc/354086
404295,Reading for the main idea;a program for self-instruction,"Raygor, Alton Lamon,",420.7 Ra111R, Theory & Practice of Education,McGraw-Hill,1969,0,https://libswu.on.worldcat.org/oclc/404295
604993,Instructional technology :its nature and use /,"Wittich, Walter A.; Schuller, Charles F.",371.335 Wi832I, Theory & Practice of Education,"Harper & Row,",1973,0,https://libswu.on.worldcat.org/oclc/604993
604993,Instructional technology :its nature and use /,"Wittich, Walter A.; Schuller, Charles F.",371.335 Wi832I  c.5, Theory & Practice of Education,"Harper & Row,",1973,0,https://libswu.on.worldcat.org/oclc/604993
711866,Values and teaching: working with values in the classroom /,"Raths, Louis Edward.; Harmin, Merrill.Simon, Sidney B.",370.13 Ra235V, Theory & Practice of Education,"Charles E. Merrill Books,",1966,0,https://libswu.on.worldcat.org/oclc/711866
737024,Teaching reading:a phonic/linguistic approach to developmental reading,"Walcutt, Charles Child,; Lamport, Joan,McCracken, Glenn,",428.4307 Wa174T, Theory & Practice of Education,Macmillan,1974,0,https://libswu.on.worldcat.org/oclc/737024
737024,Teaching reading:a phonic/linguistic approach to developmental reading,"Walcutt, Charles Child,; Lamport, Joan,McCracken, Glenn,",428.4307 Wa174T  c.3, Theory & Practice of Education,Macmillan,1974,0,https://libswu.on.worldcat.org/oclc/737024
761447,"Maturity in reading;its nature and appraisal,","Gray, William S.; Rogers, Bernice,",428.07 Gr, Theory & Practice of Education,University of Chicago Press,1956,0,https://libswu.on.worldcat.org/oclc/761447
761447,"Maturity in reading;its nature and appraisal,","Gray, William S.; Rogers, Bernice,",428.07 Gr  c.2, Theory & Practice of Education,University of Chicago Press,1956,0,https://libswu.on.worldcat.org/oclc/761447
825150,Teachers and learners;the interactive process of education,"Gorman, Alfred H.",371.102 Go671T, Theory & Practice of Education,Allyn and Bacon,1974,0,https://libswu.on.worldcat.org/oclc/825150
1092982,Reading instruction :dimensions and issues /,"Durr, William Kirtley,",428.07 Du, Theory & Practice of Education,Houghton Mifflin,1967,0,https://libswu.on.worldcat.org/oclc/1092982
1206042,Individualizing language instruction :strategies and methods /,"Disick, Renée S.",407 Di611I  c.2, Theory & Practice of Education,"Harcourt Brace Jovanovich,",1975,0,https://libswu.on.worldcat.org/oclc/1206042
1347569,Problems of language and learning /,"Seminar on Language and Learning; Davies, Alan,; Social Science Research Council (Great Britain)Scottish Council for Research in Education.",407 Da255P, Theory & Practice of Education,"Heinemann Educational for the Social Science Research Council and the Scottish Council for Research in Education,",1975,0,https://libswu.on.worldcat.org/oclc/1347569
1464507,Toward individualized learning :a developer's guide to self-instruction /,"Johnson, Rita B.; Johnson, Stuart R.",371.394 Jo68T, Theory & Practice of Education,"Addison-Wesley,",1975,0,https://libswu.on.worldcat.org/oclc/1464507
1464507,Toward individualized learning :a developer's guide to self-instruction /,"Johnson, Rita B.; Johnson, Stuart R.",371.394 Jo68T  c.3, Theory & Practice of Education,"Addison-Wesley,",1975,0,https://libswu.on.worldcat.org/oclc/1464507
1531931,The diagnostic/language development approach to individualized reading instruction /,"Rouch, Roger L.,; Birr, Shirley,",372.4147 Ro854D, Theory & Practice of Education,"Parker Pub. Co.,",1976,0,https://libswu.on.worldcat.org/oclc/1531931
1584139,Individualized instruction through differentiated learning programs /,"Stahl, Dona Kofod.",372.1394 St781I, Theory & Practice of Education,"Parker Pub. Co.,",1976,0,https://libswu.on.worldcat.org/oclc/1584139
1677454,Speech correction in the schools,"Eisenson, Jon,; Ogilvie, Mardel,",371.914 Ei36S, Theory & Practice of Education,Macmillan,1957,0,https://libswu.on.worldcat.org/oclc/1677454
1754770,Journal of reading.,International Reading Association.,37-428, Theory & Practice of Education,"International Reading Association,",1964,0,https://libswu.on.worldcat.org/oclc/1754770
1763481,Reading research quarterly.,International Reading Association.,37-429, Theory & Practice of Education,International Reading Association.,1965,0,https://libswu.on.worldcat.org/oclc/1763481
2185470,Teaching children to read /,"Smith, Richard John,; Johnson, Dale D.,",372.414 Sm657T, Theory & Practice of Education,"Addison-Wesley Pub. Co.,",1976,0,https://libswu.on.worldcat.org/oclc/2185470
2614296,Activities deskbook for teaching reading skills /,"Higley, Joan,",372.41 Hi638A, Theory & Practice of Education,"Parker Pub. Co.,",1977,0,https://libswu.on.worldcat.org/oclc/2614296
2614296,Activities deskbook for teaching reading skills /,"Higley, Joan,",428.07 Hi638A, Theory & Practice of Education,"Parker Pub. Co.,",1977,0,https://libswu.on.worldcat.org/oclc/2614296
3543157,Teaching reading vocabulary /,"Johnson, Dale D.; Pearson, P. David,",428.07 Jo362T, Theory & Practice of Education,"Holt, Rinehart and Winston,",1978,0,https://libswu.on.worldcat.org/oclc/3543157
3990237,Reading for results /,"Flemming, Laraine E.",428 Fl581R 1978, Theory & Practice of Education,"Houghton Mifflin,",1978,0,https://libswu.on.worldcat.org/oclc/3990237
4832389,Teacher's treasury of classroom reading activities /,"Lass-Kayser, Mary Jo,",428.407 La346T, Theory & Practice of Education,"Parker Pub. Co.,",1979,0,https://libswu.on.worldcat.org/oclc/4832389
4932034,"Reading, from process to practice /","Chapman, L. John,Czerniewska, Pam.; Open University.",428.4 Re287(3), Theory & Practice of Education,"Routledge & Kegan Paul in association with the Open University Press,",1978,0,https://libswu.on.worldcat.org/oclc/4932034
5198506,A model of school effects /,"Boonruangrutana, Samrerng,",151.2 Sa192M, Theory & Practice of Education,N/A,1978,0,https://libswu.on.worldcat.org/oclc/5198506
5274016,The teaching of reading.,"Moyle, Donald.",428.4 Mo938T, Theory & Practice of Education,"Ward Lock Educational,",1976,0,https://libswu.on.worldcat.org/oclc/5274016
5496125,Psychology for teachers and students /,"Worell, Judith,; Stilwell, William E.",371.102 Wo926P, Theory & Practice of Education,"McGraw-Hill,",1981,0,https://libswu.on.worldcat.org/oclc/5496125
5749955,Cultural components of reading :an examination of psycholinguistic processes in reading and implications for the bilingual classroom /,"Elias, G. C.; Ingram, David,",420.713019 El42C, Theory & Practice of Education,"Published by Singapore University Press for SEAMEO Regional Language Centre,",1977,0,https://libswu.on.worldcat.org/oclc/5749955
6661882,Approaches to individualized education /,"Jeter, Jan.; Association for Supervision and Curriculum Development.",371.394 Ap652, Theory & Practice of Education,"Association for Supervision and Curriculum Development,",1980,0,https://libswu.on.worldcat.org/oclc/6661882
6853249,Best short stories :short stories for teaching literature and developing comprehension /,"Harris, Raymond.",808.301 Be561, Theory & Practice of Education,"Jamestown Pub.,",1980,0,https://libswu.on.worldcat.org/oclc/6853249
7031607,Teaching with newspapers :the living curriculum /,"Rhoades, Lynn.; Rhoades, George,",371.32 Rh46T, Theory & Practice of Education,"Phi Delta Kappa Educational Foundation,",1980,0,https://libswu.on.worldcat.org/oclc/7031607
7576809,Reading activities for child involvement /,"Spache, Evelyn B.",372.4 Sp732R, Theory & Practice of Education,"Allyn and Bacon,",1982,0,https://libswu.on.worldcat.org/oclc/7576809
7576809,Reading activities for child involvement /,"Spache, Evelyn B.",372.4 Sp732R  c.2, Theory & Practice of Education,"Allyn and Bacon,",1982,0,https://libswu.on.worldcat.org/oclc/7576809
7772592,Instructional media and the new technologies of instruction /,"Heinich, Robert.; Molenda, Michael.Russell, James D.",371.3078 He468I, Theory & Practice of Education,"Wiley,",1982,0,https://libswu.on.worldcat.org/oclc/7772592
7869220,Technology in education :its human potential /,"Stakenas, Robert G.; Kaufman, Roger A.",371.3078 St73T, Theory & Practice of Education,"Phi Delta Kappa Educational Foundation,",1981,0,https://libswu.on.worldcat.org/oclc/7869220
7977959,Occupational reading /,"Waters, Louise Bay.",428.43 Wa329O, Theory & Practice of Education,"Wadsworth Pub. Co.,",1982,0,https://libswu.on.worldcat.org/oclc/7977959
8034384,Reader meets author/bridging the gap :a psycholinguistic and sociolinguistic perspective /,"Langer, Judith A.Smith-Burke, M. Trika.",428.43 Re286, Theory & Practice of Education,"International Reading Association,",1982,0,https://libswu.on.worldcat.org/oclc/8034384
8897753,Educational technology in curriculum development /,"Rowntree, Derek.",371.3 Ro884E  1982, Theory & Practice of Education,"Harper & Row,",1982,0,https://libswu.on.worldcat.org/oclc/8897753
9154053,A handbook of educational technology /,"Percival, Fred.; Ellington, Henry.",371.3078 Pe429H  c.2, Theory & Practice of Education,"Kogan Page ;Nichols Pub. Co.,",1984,0,https://libswu.on.worldcat.org/oclc/9154053
9390189,Summer programs for underprepared freshmen /,"Lauridsen, Kurt V.Myers, Carmel.",378.142 Su955, Theory & Practice of Education,"Jossey-Bass,",1982,0,https://libswu.on.worldcat.org/oclc/9390189
9442013,The Future of electronic learning /,"White, Mary Alice,; Columbia University.",371.334 Fu996, Theory & Practice of Education,"Lawrence Erlbaum Associates,",1983,0,https://libswu.on.worldcat.org/oclc/9442013
9698095,100 passages to develop reading comprehension /,"Sack, Allan.; Yourman, Jack.",428.2 Sa121O, Theory & Practice of Education,"College Skills Center,",1983,0,https://libswu.on.worldcat.org/oclc/9698095
9932604,Improving speaking and listening skills /,"Rubin, Rebecca B.",808.5 Im34, Theory & Practice of Education,"Jossey-Bass,",1983,0,https://libswu.on.worldcat.org/oclc/9932604
10301018,The story vine :a source book of unusual and easy-to-tell stories from around the world /,"Pellowski, Anne.; Sweat, Lynn,",372.64 Pe392S, Theory & Practice of Education,"Macmillan ;Collier Macmillan,",1984,0,https://libswu.on.worldcat.org/oclc/10301018
11505678,200 ways of using IMAGERY in the classroom /,"Bagley, Michael T.; Hess, Karin.",370.157 Ba146T, Theory & Practice of Education,"Trillium Press,",1984,0,https://libswu.on.worldcat.org/oclc/11505678
11519498,Teaching students to read /,"Lapp, Diane.; Flood, James.",372.41 La316T, Theory & Practice of Education,"Macmillan ;Collier Macmillan,",1986,0,https://libswu.on.worldcat.org/oclc/11519498
11814420,Simple phonetics for teachers /,"Smith, Jean,; Bloor, Margaret.",421.5 Sm651S, Theory & Practice of Education,"Methuen,",1985,0,https://libswu.on.worldcat.org/oclc/11814420
11917725,Reading instruction :diagnostic teaching in the classroom /,"Harris, Larry Allen,; Smith, Carl Bernard.",372.41 Ha314R 1986  1986, Theory & Practice of Education,"Macmillan ;Collier Macmillan,",1986,0,https://libswu.on.worldcat.org/oclc/11917725
12135496,Instructional technology :a systematic approach to education /,"Knirk, Frederick G.; Gustafson, Kent L.",371.3078 Kn71I, Theory & Practice of Education,"Holt, Rinehart, and Winston,",1986,0,https://libswu.on.worldcat.org/oclc/12135496
12464912,"Education, training and the new technologies.","Tucker, Janey.",370 Ed24, Theory & Practice of Education,"Kogan Page,",1984,0,https://libswu.on.worldcat.org/oclc/12464912
12582363,The meaning makers :children learning language and using language to learn /,"Wells, C. Gordon.",372.6 We453M, Theory & Practice of Education,"Heinemann,",1986,0,https://libswu.on.worldcat.org/oclc/12582363
12665787,"Educational evaluation :ethnography in theory, practice, and politics /","Fetterman, David M.Pitman, Mary Anne.",370.784 Ed24, Theory & Practice of Education,"Sage Publications,",1986,0,https://libswu.on.worldcat.org/oclc/12665787
12978786,Storytelling :process and practice /,"Livo, Norma J.,; Rietz, Sandra A.",027.6251 Li788S, Theory & Practice of Education,"Libraries Unlimited,",1986,0,https://libswu.on.worldcat.org/oclc/12978786
13159077,The theoretical and conceptual bases of instructional design /,"Richey, Rita.",371.3 Ri589T, Theory & Practice of Education,"Kogan Page ;Nichols Pub. Co.,",1986,0,https://libswu.on.worldcat.org/oclc/13159077
13327961,Semantic mapping :classroom applications /,"Heimlich, Joan E.; Pittelman, Susan D.",371.3 He467S, Theory & Practice of Education,"International Reading Association,",1986,0,https://libswu.on.worldcat.org/oclc/13327961
13394327,Instructional technology :foundations /,"Gagné, Robert M.",371.3078 In59, Theory & Practice of Education,"L. Erlbaum Associates,",1987,0,https://libswu.on.worldcat.org/oclc/13394327
13497335,The Encyclopedia of comparative education and national systems of education /,"Postlethwaite, T. Neville.",370.195 En56, Theory & Practice of Education,"Pergamon Press,",1988,0,https://libswu.on.worldcat.org/oclc/13497335
14644521,Learning through laughter :humor in the classroom /,"Cornett, Claudia E.",306.481 Co67L, Theory & Practice of Education,"Phi Delta Kappa Educational Foundation,",1986,0,https://libswu.on.worldcat.org/oclc/14644521
15019067,Dyslexia :what parents ought to know /,"Quin, Vera,; MacAuslan, Alan,",371.9 Qu7D, Theory & Practice of Education,"Penguin Books,",1986,0,https://libswu.on.worldcat.org/oclc/15019067
15054725,Storytelling activities /,"Livo, Norma J.,; Rietz, Sandra A.",372.642 Li788S, Theory & Practice of Education,"Libraries Unlimited,",1987,0,https://libswu.on.worldcat.org/oclc/15054725
15366164,"The family storytelling handbook :how to use stories, anecdotes, rhymes, handkerchiefs, paper, and other objects to enrich your family traditions /","Pellowski, Anne.; Sweat, Lynn,",027.6251 Pe392F, Theory & Practice of Education,"Macmillan ;Collier Macmillan,",1987,0,https://libswu.on.worldcat.org/oclc/15366164
15366164,"The family storytelling handbook :how to use stories, anecdotes, rhymes, handkerchiefs, paper, and other objects to enrich your family traditions /","Pellowski, Anne.; Sweat, Lynn,",027.6251 Pe392F  c.2, Theory & Practice of Education,"Macmillan ;Collier Macmillan,",1987,0,https://libswu.on.worldcat.org/oclc/15366164
15657708,Being skilled :the socializations of learning to read /,"McNaughton, S.",372.4 Ma169B, Theory & Practice of Education,"Methuen,",1987,0,https://libswu.on.worldcat.org/oclc/15657708
15971561,Classroom interaction /,"Malamah-Thomas, Ann.",407 Ma236C, Theory & Practice of Education,"Oxford University Press,",1987,0,https://libswu.on.worldcat.org/oclc/15971561
15971561,Classroom interaction /,"Malamah-Thomas, Ann.",407 Ma236C  c.2, Theory & Practice of Education,"Oxford University Press,",1987,0,https://libswu.on.worldcat.org/oclc/15971561
16116543,Learning resources programs that make a difference :a source of ideas and models from exemplary programs in the field /,"Schmidt, William D.",372.6044 An548L 1988, Theory & Practice of Education,"Association for Educational Communications and Technology,",1987,0,https://libswu.on.worldcat.org/oclc/16116543
16683053,Diagnosis and remediation of the disabled reader /,"Ekwall, Eldon E.; Shanker, James L.",428.42 Ek36D, Theory & Practice of Education,"Allyn and Bacon,",1988,0,https://libswu.on.worldcat.org/oclc/16683053
17104593,A handbook of educational technology /,"Percival, Fred.; Ellington, Henry.",371.3078 Pe429H 1988, Theory & Practice of Education,"Kogan Page ;Nichols Pub.,",1988,0,https://libswu.on.worldcat.org/oclc/17104593
17202449,Strategies for guiding content reading /,"Crawley, Sharon J.,; Mountain, Lee Harrison.",428.407 Cr911S, Theory & Practice of Education,"Allyn and Bacon,",1988,0,https://libswu.on.worldcat.org/oclc/17202449
17233008,Principles of instructional design /,"Gagné, Robert M.; Briggs, Leslie J.Wager, Walter W.,",371.3 Ga136P, Theory & Practice of Education,"Holt, Rinehart, and Winston,",1988,0,https://libswu.on.worldcat.org/oclc/17233008
17786145,The what and how of reading instruction /,"Cooper, J. David; Warncke, Edna Wagstaff,Shipman, Dorothy A.,",428.4 Co777W, Theory & Practice of Education,"Merrill Pub. Co.,",1988,0,https://libswu.on.worldcat.org/oclc/17786145
17875058,Human relations in education /,"Hall, Eric,; Hall, Carol,",371.102 Ha175H, Theory & Practice of Education,"Routledge,",1988,0,https://libswu.on.worldcat.org/oclc/17875058
17927646,The Friendly classroom for a small planet :a handbook on creative approaches to living and problem solving for children /,"Prutzman, Priscilla.; Children's Creative Response to Conflict Program.",371.62 Fr911, Theory & Practice of Education,"New Society Publishers,",1988,0,https://libswu.on.worldcat.org/oclc/17927646
18094282,Negotiating the curriculum :a teacher-student partnership /,"Boomer, Garth.",375.001 Ne384, Theory & Practice of Education,"Ashton Scholastic,",1982,0,https://libswu.on.worldcat.org/oclc/18094282
18351192,Prereading activities for content area reading and learning /,"Moore, David W.; Readence, John E.,Rickelman, Robert J.",428.407 Mo821P, Theory & Practice of Education,"International Reading Association,",1989,0,https://libswu.on.worldcat.org/oclc/18351192
18464034,Improving classroom reading instruction :a decision-making approach /,"Duffy, Gerald G.; Roehler, Laura R.,",428.4 Du858I, Theory & Practice of Education,"Random House,",1989,0,https://libswu.on.worldcat.org/oclc/18464034
18683242,Content area reading and learning :instructional strategies /,"Lapp, Diane,Flood, James,Farnan, Nancy,",428.07 Co761, Theory & Practice of Education,"Prentice Hall,",1989,0,https://libswu.on.worldcat.org/oclc/18683242
18982776,Instructional design :new alternatives for effective education and training /,"Johnson, Kerry A.Foa, Lin J.",371.3 Jo67I, Theory & Practice of Education,"National University Continuing Education Association,",1989,0,https://libswu.on.worldcat.org/oclc/18982776
19723162,Literacy's beginnings :supporting young readers and writers /,"McGee, Lea M.,; Richgels, Donald J.,",372.40973 ma145L, Theory & Practice of Education,"Allyn and Bacon,",1990,0,https://libswu.on.worldcat.org/oclc/19723162
19846362,Reading for real /,"Wade, Barrie.",372.4 Re287, Theory & Practice of Education,"Open University Press,",1990,0,https://libswu.on.worldcat.org/oclc/19846362
20593703,The systematic design of instruction /,"Dick, Walter,; Carey, Lou.",371.3078 Di547S, Theory & Practice of Education,"Scott, Foresman/Little, Brown Higher Education,",1990,0,https://libswu.on.worldcat.org/oclc/20593703
20690848,Reading within and beyond the classroom /,"Taverner, D. T.",428.4071 Ta233R, Theory & Practice of Education,"Open University Press,",1990,0,https://libswu.on.worldcat.org/oclc/20690848
20754201,Classroom ethnography :empirical and methodological essays /,"Hammersley, Martyn.",370.78 Ha224C, Theory & Practice of Education,"Open University Press,",1990,0,https://libswu.on.worldcat.org/oclc/20754201
20756201,Understanding reading problems :assessment and instruction /,"Gillet, Jean Wallace.; Temple, Charles A.,",428.4 Gi479U, Theory & Practice of Education,"Scott Foresman/Little, Brown Higher Education,",1990,0,https://libswu.on.worldcat.org/oclc/20756201
21080492,The world of storytelling /,"Pellowski, Anne.",808.543 Pe392W 1990, Theory & Practice of Education,"H.W. Wilson,",1990,0,https://libswu.on.worldcat.org/oclc/21080492
21195562,Remedial reading for elementary school students /,"McGowen, Carolyn Smith,; ERIC Clearinghouse on Reading and Communication Skills.",372.43 Ma146R, Theory & Practice of Education,"ERIC Clearinghouse on Reading and Communication Skills,",1990,0,https://libswu.on.worldcat.org/oclc/21195562
21214880,The computer in the reading curriculum /,"Whitaker, Barbara Tonkovich.; Schwartz, Eileen.Vockell, Edward L.",371.334 Wh577C, Theory & Practice of Education,"McGraw-Hill Pub. Co. ;Mitchell Pub. Co.,",1989,0,https://libswu.on.worldcat.org/oclc/21214880
21901951,"International comparative education :practices, issues & prospects /","Thomas, R. Murray",370.195 In61, Theory & Practice of Education,"Pergamon,",1990,0,https://libswu.on.worldcat.org/oclc/21901951
21911065,Instructional design :implications from cognitive science /,"West, Charles K.; Farmer, James A.Wolff, Phillip M.",370.1523 We516I, Theory & Practice of Education,"Prentice Hall,",1991,0,https://libswu.on.worldcat.org/oclc/21911065
22181658,Children with literacy difficulties /,"Pinsent, Pat.",371.926 Ch536, Theory & Practice of Education,"David Fulton,",1990,0,https://libswu.on.worldcat.org/oclc/22181658
22629679,Storytelling folklore sourcebook /,"Livo, Norma J.,; Rietz, Sandra A.",808.543 Li788S, Theory & Practice of Education,"Libraries Unlimited,",1991,0,https://libswu.on.worldcat.org/oclc/22629679
22629855,Diagnosis and correction in reading instruction /,"Rubin, Dorothy.",428.42 Ru896D, Theory & Practice of Education,"Allyn and Bacon,",1991,0,https://libswu.on.worldcat.org/oclc/22629855
22664701,Semantic feature analysis :classroom applications /,"Pittelman, Susan D.",371.3 Se471, Theory & Practice of Education,"International Reading Association,",1991,0,https://libswu.on.worldcat.org/oclc/22664701
22691355,Innovative resource materials for teaching new technologies.,Unesco.Unesco.; Unesco Regional Training Workshop on the Development and Introduction of Innovative Instructional Materials in Areas of New Technology,320.56 An68R, Theory & Practice of Education,"Unesco Principal Regional Office for Asia and the Pacific,",1989,0,https://libswu.on.worldcat.org/oclc/22691355
22767585,Transcending stereotypes :discovering Japanese culture and education /,"Finkelstein, Barbara,Imamura, Anne E.,Tobin, Joseph Jay,; International Center for the Study of Education Policy and Human Values (College Park, Md.)",370.952 Tr772, Theory & Practice of Education,"Intercultural Press,",1991,0,https://libswu.on.worldcat.org/oclc/22767585
23382664,The psychology of educational technology and instructional media /,"Spencer, Ken,",371.3078 Sp741P, Theory & Practice of Education,"Routledge,",1988,0,https://libswu.on.worldcat.org/oclc/23382664
23771194,Diagnostic teaching of reading :techniques for instruction and assessment /,"Walker, Barbara J.,",428.407 Wa178D, Theory & Practice of Education,"Merrill ;Maxwell Macmillan Canada ;Maxwell Macmillan International,",1992,0,https://libswu.on.worldcat.org/oclc/23771194
23940869,Teaching reading and study skills in content areas /,"Rubin, Dorothy.",428 Ru896T, Theory & Practice of Education,"Allyn and Bacon,",1992,0,https://libswu.on.worldcat.org/oclc/23940869
23973921,Content reading instruction :a communication approach /,"Conley, Mark William.",428.4071 Co752C, Theory & Practice of Education,"McGraw-Hill,",1992,0,https://libswu.on.worldcat.org/oclc/23973921
23973921,Content reading instruction :a communication approach /,"Conley, Mark William.",428.4071 Co752C  c.2, Theory & Practice of Education,"McGraw-Hill,",1992,0,https://libswu.on.worldcat.org/oclc/23973921
24174893,Selecting and developing media for instruction /,"Reynolds, Angus,; Anderson, Ronald H.",371.3078 Re462, Theory & Practice of Education,"Van Nostrand Reinhold,",1992,0,https://libswu.on.worldcat.org/oclc/24174893
24502796,What research has to say about reading instruction /,"Samuels, S. Jay.Farstrup, Alan E.",428.4 Wh555, Theory & Practice of Education,"International Reading Association,",1992,0,https://libswu.on.worldcat.org/oclc/24502796
25021247,Training needs in the use of media for distance education /,"Timmers, Shannon.; Asian Mass Communication Research and Information Centre.",378.03 Tr768, Theory & Practice of Education,"Asian Mass Communication Research and Information Centre,",1990,0,https://libswu.on.worldcat.org/oclc/25021247
25411418,The Reading for real handbook /,"Harrison, Colin,Coles, Martin,",372.41 Re287, Theory & Practice of Education,"Routledge,",1992,0,https://libswu.on.worldcat.org/oclc/25411418
25413110,"Teaching in content areas with reading, writing, and reasoning /","Herber, Harold L.; Nelson-Herber, Joan.",428 He535T, Theory & Practice of Education,"Allyn and Bacon,",1993,0,https://libswu.on.worldcat.org/oclc/25413110
25915399,Teaching them to read /,"Durkin, Dolores.",372.41 Du963T, Theory & Practice of Education,"Allyn and Bacon,",1993,0,https://libswu.on.worldcat.org/oclc/25915399
26133056,A practical approach to teaching reading /,"Rubin, Dorothy.",428.407 Ru896P, Theory & Practice of Education,"Allyn and Bacon,",1993,0,https://libswu.on.worldcat.org/oclc/26133056
26133056,A practical approach to teaching reading /,"Rubin, Dorothy.",428.407 Ru896P  c.2, Theory & Practice of Education,"Allyn and Bacon,",1993,0,https://libswu.on.worldcat.org/oclc/26133056
26133056,A practical approach to teaching reading /,"Rubin, Dorothy.",428.407 Ru896P  c.3, Theory & Practice of Education,"Allyn and Bacon,",1993,0,https://libswu.on.worldcat.org/oclc/26133056
26363844,Improving classroom reading instruction :a decision-making approach /,"Duffy, Gerald G.; Roehler, Laura R.,",372.41 Du858I 1993  c.2, Theory & Practice of Education,"McGraw-Hill,",1993,0,https://libswu.on.worldcat.org/oclc/26363844
26397180,Instructional media and the new technologies of instruction /,"Heinich, Robert.; Molenda, Michael.Russell, James D.",371.3078 He468I 1993, Theory & Practice of Education,"Macmillan Pub. Co. ;Maxwell Macmillan Canada ;Maxwell Macmillan International,",1993,0,https://libswu.on.worldcat.org/oclc/26397180
26501995,Interactive multimedia instruction /,"Schwier, Richard.; Misanchuk, Earl R.",371.3078 Sc398I, Theory & Practice of Education,"Educational Technology Publications,",1993,0,https://libswu.on.worldcat.org/oclc/26501995
26502119,Ekwall-Shanker reading inventory /,"Ekwall, Eldon E.; Shanker, James L.",372.4 Ek36E 1993, Theory & Practice of Education,"Allyn and Bacon,",1993,0,https://libswu.on.worldcat.org/oclc/26502119
26502600,Exploring learning :young children and blockplay /,"Gura, Pat.Bruce, Tina.; Froebel Blockplay Research Group.",372.1102 Ex96, Theory & Practice of Education,"P. Chapman Pub.,",1992,0,https://libswu.on.worldcat.org/oclc/26502600
26503793,New directions in educational technology /,"Scanlon, Eileen.O'Shea, Tim,; North Atlantic Treaty Organization.; NATO Advanced Research Workshop on New Directions in Advanced Educational Technology",371.3078 Ne532, Theory & Practice of Education,"Springer-Verlag,",1992,0,https://libswu.on.worldcat.org/oclc/26503793
26543383,Instructional message design :principles from the behavioral and cognitive sciences /,"Fleming, Malcolm L.Levie, W. Howard.Fleming, Malcolm L.",371.3 In59(5), Theory & Practice of Education,"Educational Technology Publications,",1993,0,https://libswu.on.worldcat.org/oclc/26543383
27069639,Reading research into the year 2000 /,"Sweet, Anne P.Anderson, Judith I.",428.4072 Re287, Theory & Practice of Education,"L. Erlbaum Associates,",1993,0,https://libswu.on.worldcat.org/oclc/27069639
27225554,Automating instructional design :concepts and issues /,"Spector, J. Michael.Polson, Martha C.Muraida, Daniel J.",371.3078 Au939, Theory & Practice of Education,"Educational Technology Publications,",1993,0,https://libswu.on.worldcat.org/oclc/27225554
27265959,Interactive instruction and feedback /,"Dempsey, John V.Sales, Gregory Colin.",371.33 In61, Theory & Practice of Education,"Educational Technology Publications,",1993,0,https://libswu.on.worldcat.org/oclc/27265959
27339407,Evaluative reading and literacy :a cognitive view /,"Dagostino, Lorraine,; Carifio, James,",428.43 Da127E, Theory & Practice of Education,"Allyn and Bacon,",1994,0,https://libswu.on.worldcat.org/oclc/27339407
27749248,Literacy disorders :holistic diagnosis and remediation /,"Manzo, Anthony V.; Manzo, Ula Casale.",372.43 Ma296L, Theory & Practice of Education,"Harcourt Brace Jovanovich College Publishers,",1993,0,https://libswu.on.worldcat.org/oclc/27749248
27974189,An integrated approach to early literacy :literature to language /,"Glazer, Susan Mandel.; Burke, Eileen M.",372.6 Gl553I, Theory & Practice of Education,"Allyn and Bacon,",1994,0,https://libswu.on.worldcat.org/oclc/27974189
28063611,Newspapers /,"Grundy, Peter.",428.6 Gr889N, Theory & Practice of Education,"Oxford University Press,",1993,0,https://libswu.on.worldcat.org/oclc/28063611
28064916,A handbook of educational technology /,"Ellington, Henry.; Percival, Fred.Race, Philip.",371.3078 El46H 1995, Theory & Practice of Education,"Kogan Page ;Nichols Pub.,",1993,0,https://libswu.on.worldcat.org/oclc/28064916
28181750,Teaching young children through their individual learning styles :practical approaches for grades K-2 /,"Dunn, Rita,; Dunn, Kenneth J.Perrin, Janet.",371.394 Du923T, Theory & Practice of Education,"Allyn and Bacon,",1994,0,https://libswu.on.worldcat.org/oclc/28181750
28221965,Complete reading disabilities handbook :ready-to-use techniques for teaching reading disabled students /,"Miller, Wilma H.; Maffei, Angela,",371.9144 Mi652C  c.2, Theory & Practice of Education,"Center for Applied Research in Education,",1993,0,https://libswu.on.worldcat.org/oclc/28221965
28255515,Teacher-child partnership :the negotiating classroom /,"Ingram, John.; Worrall, Norman.",371.102 In54T, Theory & Practice of Education,"Fulton,",1993,0,https://libswu.on.worldcat.org/oclc/28255515
28292827,The child's view of reading :understandings for teachers and parents /,"Michel, Pamela A.",372.41 Mi623C, Theory & Practice of Education,"Allyn and Bacon,",1994,0,https://libswu.on.worldcat.org/oclc/28292827
28401554,Successful instructional diagrams /,"Lowe, Ric.",371.335 Lo918S, Theory & Practice of Education,"Kogan Page,",1993,0,https://libswu.on.worldcat.org/oclc/28401554
28585766,Content reading and literacy :succeeding in today's diverse classrooms /,"Alvermann, Donna E.; Phelps, Stephen F.",428.40712 Al474C, Theory & Practice of Education,"Allyn and Bacon,",1994,0,https://libswu.on.worldcat.org/oclc/28585766
28633830,Authentic reading assessment :practices and possibilities /,"Valencia, Sheila.Hiebert, Elfrieda H.Afflerbach, Peter.",428.4076 Au939, Theory & Practice of Education,"International Reading Association,",1994,0,https://libswu.on.worldcat.org/oclc/28633830
28722591,Educational technology in the classroom /,"Brock, Patricia Ann.",371.3078 Br864E, Theory & Practice of Education,"Educational Technology Publications,",1994,0,https://libswu.on.worldcat.org/oclc/28722591
29429230,Projects for new technologies in education :grades 6-9 /,"Heller, Norma.",371.3078 He477P  c.2, Theory & Practice of Education,"Teacher Ideas Press,",1994,0,https://libswu.on.worldcat.org/oclc/29429230
29477746,"TQE, technology, and teaching /","Hertzke, Eugene R.; Olson, Warren E.",371.3078 He576T, Theory & Practice of Education,"Corwin Press,",1994,0,https://libswu.on.worldcat.org/oclc/29477746
29477746,"TQE, technology, and teaching /","Hertzke, Eugene R.; Olson, Warren E.",371.3078 He576T  c.2, Theory & Practice of Education,"Corwin Press,",1994,0,https://libswu.on.worldcat.org/oclc/29477746
29520181,Instructional design theory /,"Merrill, M. David,; Twitchell, David.",371.3078 Me571I, Theory & Practice of Education,"Educational Technology Publications,",1994,0,https://libswu.on.worldcat.org/oclc/29520181
30399689,Reading strategies and practices :a compendium /,"Tierney, Robert J.; Readence, John E.,Dishner, Ernest K.,",428.43 Ti564R, Theory & Practice of Education,"Allyn and Bacon,",1995,0,https://libswu.on.worldcat.org/oclc/30399689
30438408,"Reading development and dyslexia :selected papers from the Third International Conference of the British Dyslexia Association ""Dyslexia--Towards a Wider Understanding,"" Manchester, 1994 /","British Dyslexia Association.; Hulme, Charles.Snowling, Margaret J.",371.9144 Br862R, Theory & Practice of Education,"Whurr ;Distributed in the USA by Singular Pub. Group,",1994,0,https://libswu.on.worldcat.org/oclc/30438408
30518592,Software goes to school :teaching for understanding with new technologies /,"Perkins, David N.",371.3078 So681, Theory & Practice of Education,"Oxford University Press,",1995,0,https://libswu.on.worldcat.org/oclc/30518592
30593295,Technology assessment in education and training /,"Baker, Eva L.O'Neil, Harold F.,",371.26 Te255, Theory & Practice of Education,"L. Earlbaum Associates,",1994,0,https://libswu.on.worldcat.org/oclc/30593295
31243269,Multimedia technologies for training :an introduction /,"Barron, Ann E.; Orwig, Gary W.,; Analysis & Technology, Inc.",371.3078 Ba277M, Theory & Practice of Education,"Libraries Unlimited,",1995,0,https://libswu.on.worldcat.org/oclc/31243269
31331722,Content reading instruction :a communication approach /,"Conley, Mark William.",428.40712 Co752C, Theory & Practice of Education,"McGraw-Hill,",1995,0,https://libswu.on.worldcat.org/oclc/31331722
31331722,Content reading instruction :a communication approach /,"Conley, Mark William.",428.40712 Co752C  c.2, Theory & Practice of Education,"McGraw-Hill,",1995,0,https://libswu.on.worldcat.org/oclc/31331722
31376653,Tips and tricks in outdoor education :approaches to providing children with educational experiences in the outdoors /,"Swan, Malcolm D.; Northern Illinois University.",371.38 Ti595, Theory & Practice of Education,"Interstate Publishers,",1995,0,https://libswu.on.worldcat.org/oclc/31376653
31411507,"Instructional technology :past, present, and future /","Anglin, Gary J.",371.3 In59, Theory & Practice of Education,"Libraries Unlimited,",1995,0,https://libswu.on.worldcat.org/oclc/31411507
31514360,Strategies for guiding content reading /,"Crawley, Sharon J.,; Mountain, Lee Harrison.",428.407 Cr911S 1995, Theory & Practice of Education,"Allyn and Bacon,",1995,0,https://libswu.on.worldcat.org/oclc/31514360
31740497,Education and learning /,"Oleksy, Walter G.,",371.33 Ol45E, Theory & Practice of Education,"Facts on File,",1995,0,https://libswu.on.worldcat.org/oclc/31740497
31776393,"Young children at home and in school :212 educational activities for their parents, teachers, and caregivers /","Morse, Philip S.; Brand, Lillian B.",371.397 Mo886Y, Theory & Practice of Education,"Allyn and Bacon,",1995,0,https://libswu.on.worldcat.org/oclc/31776393
31776393,"Young children at home and in school :212 educational activities for their parents, teachers, and caregivers /","Morse, Philip S.; Brand, Lillian B.",371.397 Mo886Y  c.2, Theory & Practice of Education,"Allyn and Bacon,",1995,0,https://libswu.on.worldcat.org/oclc/31776393
31781886,"Technology, open learning, and distance education /","Bates, Tony,",378.03 Ba329T, Theory & Practice of Education,"Routledge,",1995,0,https://libswu.on.worldcat.org/oclc/31781886
32012340,New technologies for education :a beginner's guide /,"Barron, Ann E.; Orwig, Gary W.,",371.3078 Ba277N, Theory & Practice of Education,"Libraries Unlimited,",1995,0,https://libswu.on.worldcat.org/oclc/32012340
32053239,Journal of adolescent & adult literacy :a journal from the International Reading Association.,International Reading Association.,37-428, Theory & Practice of Education,"The Association,",1995,0,https://libswu.on.worldcat.org/oclc/32053239
32430692,Instructional planning :a guide for teachers /,"Reiser, Robert A.; Dick, Walter,Dick, Walter,",375.001 Re375I, Theory & Practice of Education,"Allyn and Bacon,",1996,0,https://libswu.on.worldcat.org/oclc/32430692
32591148,Multimedia in the classroom /,"Agnew, Palmer W.; Kellerman, Anne S.Meyer, Jeanine.",371.3078097 Ag273M, Theory & Practice of Education,"Allyn and Bacon,",1996,0,https://libswu.on.worldcat.org/oclc/32591148
32591148,Multimedia in the classroom /,"Agnew, Palmer W.; Kellerman, Anne S.Meyer, Jeanine.",371.3078097 Ag273M  c.2, Theory & Practice of Education,"Allyn and Bacon,",1996,0,https://libswu.on.worldcat.org/oclc/32591148
32703855,Constructivist learning environments :case studies in instructional design /,"Wilson, Brent G.",371.3078 Co758, Theory & Practice of Education,"Educational Technology Publications,",1996,0,https://libswu.on.worldcat.org/oclc/32703855
32780211,Reading problems :assessment and teaching strategies /,"Richek, Margaret Ann,; Caldwell, JoAnneJennings, Joyce Holt,Lerner, Janet W.,",428.42 Re287 1996, Theory & Practice of Education,"Allyn and Bacon,",1996,0,https://libswu.on.worldcat.org/oclc/32780211
32819179,Technology education in the classroom :understanding the designed world /,"Raizen, Senta A.",371.3078 Te255, Theory & Practice of Education,"Jossey-Bass Publishers,",1995,0,https://libswu.on.worldcat.org/oclc/32819179
32890807,"Technology, reading, and language arts /","Willis, Jerry,; Stephens, Elizabeth C.Matthew, Kathryn I.",428.40285 Wi734T, Theory & Practice of Education,"Allyn and Bacon,",1996,0,https://libswu.on.worldcat.org/oclc/32890807
32922360,Holistic reading strategies :teaching children who find reading difficult /,"Rasinski, Timothy V.; Padak, Nancy.",372.43 Ra224H, Theory & Practice of Education,"Merrill/Prentice Hall,",1996,0,https://libswu.on.worldcat.org/oclc/32922360
33078292,"Instructional technology for teaching and learning :designing instruction, integrating computers, and using media /","Newby, Timothy J.",371.3078 In59(3), Theory & Practice of Education,"Merrill,",1996,0,https://libswu.on.worldcat.org/oclc/33078292
33147097,The National guide to educational credit for training programs.,American Council on Education.,378.1058 Na277, Theory & Practice of Education,"American Council on Education ;Oryx Press,",1995,0,https://libswu.on.worldcat.org/oclc/33147097
33664319,The Internet and instruction :activities and ideas /,"Barron, Ann E.; Ivers, Karen S.",025.0637 Ba277I, Theory & Practice of Education,"Libraries Unlimited,",1996,0,https://libswu.on.worldcat.org/oclc/33664319
34354665,Storytelling :art and technique /,"Greene, Ellin,; Baker, Augusta,Baker, Augusta,",808.068543 Gr799S, Theory & Practice of Education,"R.R. Bowker,",1996,0,https://libswu.on.worldcat.org/oclc/34354665
34658862,Handbook of research for educational communications and technology :a project of the Association for Educational Communications and Technology /,"Jonassen, David H.,; Association for Educational Communications and Technology.",371.307807 Ha236, Theory & Practice of Education,"Macmillan Library Reference USA,",1996,0,https://libswu.on.worldcat.org/oclc/34658862
34663356,Assessment and instruction of reading and writing disability :an interactive approach /,"Lipson, Marjorie Y.; Wixson, Karen K.",428.42 Li767A 1997, Theory & Practice of Education,"Longman,",1997,0,https://libswu.on.worldcat.org/oclc/34663356
35136009,Purposeful reading and writing :strategies in context /,"Allan, Karen Kuelthau,; Miller, Margery Staman,",808.0427 Al417P, Theory & Practice of Education,"Harcourt Brace,",1995,0,https://libswu.on.worldcat.org/oclc/35136009
35138647,International encyclopedia of educational technology /,"Plomp, Tj.Ely, Donald P.,",371.3078 In61 1996, Theory & Practice of Education,"Pergamon,",1996,0,https://libswu.on.worldcat.org/oclc/35138647
35274879,Child growth and development 96/97 /,"Junn, Ellen N.Boyztzis, Chris J.",305.231 Ch536, Theory & Practice of Education,"Dushkin Pub.,",1996,0,https://libswu.on.worldcat.org/oclc/35274879
35905616,La drôle de valise de Renco /,"Teixidor, Emili.",FIC Te266D, Theory & Practice of Education,"Hachette/Stock,",1994,0,https://libswu.on.worldcat.org/oclc/35905616
36011686,Leadership in instructional technology /,"Maurer, Matthew M.; Davidson, George",371.33 Ma453L, Theory & Practice of Education,"Merrill,",1998,0,https://libswu.on.worldcat.org/oclc/36011686
36330872,The psychological assessment of reading /,"Beech, John R.Singleton, Chris,",428.4076 Ps974, Theory & Practice of Education,"Routledge,",1997,0,https://libswu.on.worldcat.org/oclc/36330872
36446874,Designing effective instruction /,"Kemp, Jerrold E.; Morrison, Gary R.Ross, Steven M.,",371.3 Ke32D, Theory & Practice of Education,"Merrill,",1998,0,https://libswu.on.worldcat.org/oclc/36446874
36969830,Reading and learning in content areas /,"Ryder, Randall J.; Graves, Michael F.",428.40712 Ry992R 1998, Theory & Practice of Education,"Merrill,",1998,0,https://libswu.on.worldcat.org/oclc/36969830
37001433,Wired together :the online classroom in K-12 /,"Berge, Zane L.Collins, Mauri P.",371.33 Wi798, Theory & Practice of Education,"Hampton Press,",1998,0,https://libswu.on.worldcat.org/oclc/37001433
38024247,Designing powerful training :the sequential-iterative model /,"Milano, Michael.; Ullius, Diane.; American Society for Training and Development.",371.3 Mi637D, Theory & Practice of Education,"Jossey-Bass/Pfeiffer,",1998,0,https://libswu.on.worldcat.org/oclc/38024247
38189360,Integrating technology for meaningful learning /,"Grabe, Mark.; Grabe, Cindy.",371.33 Gr727I, Theory & Practice of Education,"Houghton Mifflin Co.,",1998,0,https://libswu.on.worldcat.org/oclc/38189360
38224118,Technology in teaching & learning :an introductory guide /,"Warren, Adam.",371.33 Te255, Theory & Practice of Education,"Kogan Page,",1998,0,https://libswu.on.worldcat.org/oclc/38224118
38976171,Communication for the classroom teacher /,"Cooper, Pamela J.; Simonds, Cheri.",371.1023 Co778C, Theory & Practice of Education,"Allyn and Bacon,",1999,0,https://libswu.on.worldcat.org/oclc/38976171
39143064,Peer-assisted learning /,"Topping, Keith J.Ehly, Stewart W.,",371.394 Pe375, Theory & Practice of Education,"L. Erlbaum Associates,",1998,0,https://libswu.on.worldcat.org/oclc/39143064
40830042,The differentiated classroom :responding to the needs of all learners /,"Tomlinson, Carol A.",371.394 To659D, Theory & Practice of Education,"Association for Supervision and Curriculum Development,",1999,0,https://libswu.on.worldcat.org/oclc/40830042
41184674,More than 100 tools for literacy in today's classroom /,"Groeber, Joan F.; Plazyk, Judy.",372.43 Gr874M, Theory & Practice of Education,"SkyLight Training and Pub.,",1999,0,https://libswu.on.worldcat.org/oclc/41184674
41325976,Understanding reading problems :assessment and instruction /,"Gillet, Jean Wallace.; Temple, Charles A.,",372.48 Gi479U, Theory & Practice of Education,"Longman,",2000,0,https://libswu.on.worldcat.org/oclc/41325976
41482333,"The online teaching guide :a handbook of attitudes, strategies, and techniques for the virtual classroom /","White, Ken W.,Weight, Bob H.",378.1734 On58, Theory & Practice of Education,"Allyn and Bacon,",2000,0,https://libswu.on.worldcat.org/oclc/41482333
42080110,25 biggest mistakes teachers make and how to avoid them /,"Orange, Carolyn.",371.1023 Or63T, Theory & Practice of Education,"Corwin Press,",2000,0,https://libswu.on.worldcat.org/oclc/42080110
42430863,The systematic design of instruction /,"Dick, Walter,; Carey, Lou.",371.3078 Di547S 1996  c.2, Theory & Practice of Education,"Longman,",1996,0,https://libswu.on.worldcat.org/oclc/42430863
42659714,Rapid instructional design :learning ID fast and right /,"Piskurich, George M.",371.33 Pi677R, Theory & Practice of Education,"Jossey-Bass,",2000,0,https://libswu.on.worldcat.org/oclc/42659714
42952932,"Communications and networking in education :learning in a networked society : IFIP TC3 WG3.1/3.5 Open Conference on Communications and Networking in Education, June 13-18, 1999, Aulanko, Finland /","IFIP TC3 WG3.1/3.5 Open Conference on Communications and Networking in Education; Watson, Deryn.Downes, Toni.; International Federation for Information Processing.",371.334 If23C, Theory & Practice of Education,"Kluwer Academic Publishers,",2000,0,https://libswu.on.worldcat.org/oclc/42952932
43141170,Studywise /,"Foster, John,",371.30281 Fo755S 1996, Theory & Practice of Education,"Collins Educational,",1996,0,https://libswu.on.worldcat.org/oclc/43141170
43245831,The Jossey-Bass reader on technology and learning /,Jossey-Bass Inc.,371.334 Jo84, Theory & Practice of Education,"Jossey-Bass,",2000,0,https://libswu.on.worldcat.org/oclc/43245831
43318995,Design teams for school change :a cyberprojects approach /,"Ash, Linda.; Luckey, Jim.Avis, John.Kinsman, Amy.",371.33 As819D, Theory & Practice of Education,"SkyLight Training and Pub.,",1999,0,https://libswu.on.worldcat.org/oclc/43318995
43418724,Assessing reading /,"Alderson, J. Charles.",428.4076 Al362A, Theory & Practice of Education,"Cambridge University Press,",2000,0,https://libswu.on.worldcat.org/oclc/43418724
43418724,Assessing reading /,"Alderson, J. Charles.",428.4076 Al362A  c.2, Theory & Practice of Education,"Cambridge University Press,",2000,0,https://libswu.on.worldcat.org/oclc/43418724
43555340,The reading teacher's book of lists /,"Fry, Edward B.; Kress, Jacqueline E.Fountoukidis, Dona,",428.4 Fr946R, Theory & Practice of Education,"Prentice Hall,",2000,0,https://libswu.on.worldcat.org/oclc/43555340
43919593,Learning from others :international comparisons in education /,"Shorrocks-Taylor, Diane.Jenkins, E. W.Angell, Carl.",370.9 Le438, Theory & Practice of Education,"Kluwer Academic Publishers,",2000,0,https://libswu.on.worldcat.org/oclc/43919593
44064715,Progress in understanding reading :scientific foundations and new frontiers /,"Stanovich, Keith E.,",428.4 St789P, Theory & Practice of Education,"Guilford Press,",2000,0,https://libswu.on.worldcat.org/oclc/44064715
44413934,Successful research papers in 12 easy steps /,"Meriwether, Nell.; Meriwether, Nell.",371.30281 Me563S, Theory & Practice of Education,"NTC Pub. Group,",2000,0,https://libswu.on.worldcat.org/oclc/44413934
44413934,Successful research papers in 12 easy steps /,"Meriwether, Nell.; Meriwether, Nell.",371.30281 Me563S  c.2, Theory & Practice of Education,"NTC Pub. Group,",2000,0,https://libswu.on.worldcat.org/oclc/44413934
44461888,The systematic design of instruction /,"Dick, Walter,; Carey, Lou.Carey, James O.",371.3078 Di547S 2001, Theory & Practice of Education,"Longman,",2001,0,https://libswu.on.worldcat.org/oclc/44461888
44516703,Technology for teaching /,"Norton, Priscilla.; Sprague, Debra.",371.334 No886T, Theory & Practice of Education,"Allyn and Bacon,",2001,0,https://libswu.on.worldcat.org/oclc/44516703
44633007,A constructivist approach to block play in early childhood /,"Wellhousen, Karyn.; Kieff, Judith E.",372.13 We451C, Theory & Practice of Education,"Delmar/Thomson Learning,",2001,0,https://libswu.on.worldcat.org/oclc/44633007
44750794,E-learning :strategies for delivering knowledge in the digital age /,"Rosenberg, Marc Jeffrey.",371.334 Ro813E, Theory & Practice of Education,"McGraw-Hill,",2001,0,https://libswu.on.worldcat.org/oclc/44750794
44876927,"ICT, pedagogy, and the curriculum :subject to change /","Loveless, Avril.Ellis, Viv,",371.334 Ic17, Theory & Practice of Education,"Routledge/Falmer,",2001,0,https://libswu.on.worldcat.org/oclc/44876927
44990473,Technology for teachers :mastering new media and portfolio development /,"Howell, Joseph H.; Dunnivant, Stephen W.",371.3078 Ho859T, Theory & Practice of Education,"McGraw-Hill,",2000,0,https://libswu.on.worldcat.org/oclc/44990473
45023157,Children and parents enjoying reading :parents and the literacy hour : a teacher's guide /,"Branston, Peter,; Provis, Mark,",372.4 Br821C, Theory & Practice of Education,"D. Fulton Publishers,",1999,0,https://libswu.on.worldcat.org/oclc/45023157
45064574,Storytelling in emergent literacy :fostering multiple intelligences /,"Trostle-Brand, Susan Louise,; Donato, Jeanne M.",372.6 Tr857S, Theory & Practice of Education,"Delmar Thomson Learning,",2001,0,https://libswu.on.worldcat.org/oclc/45064574
45247301,Learning together :peer tutoring in higher education /,"Falchikov, Nancy,",378.1794 Fa178L, Theory & Practice of Education,"RoutledgeFalmer,",2001,0,https://libswu.on.worldcat.org/oclc/45247301
45328900,Planning children's play and learning in the foundation stage /,"Drake, Jane,",155.41315 Dr761P, Theory & Practice of Education,"D. Fulton Publishers,",2001,0,https://libswu.on.worldcat.org/oclc/45328900
45958141,Assessing and correcting reading and writing difficulties /,"Gunning, Thomas G.",428.4076 Gu976A, Theory & Practice of Education,"Allyn and Bacon,",2002,0,https://libswu.on.worldcat.org/oclc/45958141
46353395,Content reading and literacy :succeeding in today's diverse classrooms /,"Alvermann, Donna E.; Phelps, Stephen F.",428.40712 Al474C 2002, Theory & Practice of Education,"Allyn and Bacon,",2002,0,https://libswu.on.worldcat.org/oclc/46353395
46393237,Learning and teaching on the World Wide Web /,"Wolfe, Christopher R.",371.3344678 Le438, Theory & Practice of Education,"Academic Press,",2001,0,https://libswu.on.worldcat.org/oclc/46393237
47098328,Diagnosis and correction in reading instruction /,"Rubin, Dorothy.",372.43 Ru986D 2002, Theory & Practice of Education,"Allyn and Bacon,",2002,0,https://libswu.on.worldcat.org/oclc/47098328
48517040,Web portals and higher education :technologies to make IT personal /,"Katz, Richard N.; Oracle Corporation.KPMG Consulting.",378.17344678 We364, Theory & Practice of Education,"Jossey-Bass,",2002,0,https://libswu.on.worldcat.org/oclc/48517040
48544736,Technologies for education :a practical guide /,"Barron, Ann E.Barron, Ann E.",371.3078 Te255(3), Theory & Practice of Education,"Libraries Unlimited,",2002,0,https://libswu.on.worldcat.org/oclc/48544736
50080208,The principal as technology leader /,"Creighton, Theodore B.",371.2012 Cr914P, Theory & Practice of Education,"Corwin Press,",2003,0,https://libswu.on.worldcat.org/oclc/50080208
50447715,Reading specialists in the real world :a sociocultural view /,"Vogt, MaryEllen.; Shearer, Brenda A.",306.488 Vo887R, Theory & Practice of Education,"Allyn and Bacon,",2003,0,https://libswu.on.worldcat.org/oclc/50447715
50773289,Standards and mastery learning :aligning teaching and assessment so all children can learn /,"Gentile, J. Ronald; Lalley, James P.",371.39 Ge338S, Theory & Practice of Education,"Corwin Press,",2003,0,https://libswu.on.worldcat.org/oclc/50773289
51235447,Reading and reader development :the pleasure of reading /,"Elkin, Judith.; Train, Briony.Denham, Debbie.",025.54 El43R, Theory & Practice of Education,"Facet Pub.,",2003,0,https://libswu.on.worldcat.org/oclc/51235447
51292867,Teaching with technology :designing opportunities to learn /,"Norton, Priscilla.; Wiburg, Karin M.",371.334 No886T, Theory & Practice of Education,"Thompson/Wadsworth,",2003,0,https://libswu.on.worldcat.org/oclc/51292867
51460680,Diagnostic teaching of reading :techniques for instruction and assessment /,"Walker, Barbara J.,",428.407 Wa178D 2004, Theory & Practice of Education,"Pearson/Merrill/Prentice Hall,",2004,0,https://libswu.on.worldcat.org/oclc/51460680
51543438,"Multimedia projects in education :designing, producing, and assessing /","Ivers, Karen S.; Barron, Ann E.",371.33467 Iv94M, Theory & Practice of Education,"Libraries Unlimited,",2002,0,https://libswu.on.worldcat.org/oclc/51543438
51861823,7 keys to comprehension :how to help your kids read it and get it! /,"Zimmermann, Susan,; Hutchins, Chryse.",372.47 Zi76S 2003, Theory & Practice of Education,"Three Rivers Press,",2003,0,https://libswu.on.worldcat.org/oclc/51861823
52386206,Cross-national information and communication technology policies and practices in education /,"Plomp, Tj.",371.33 Cr951, Theory & Practice of Education,"Information Age Pub.,",2003,0,https://libswu.on.worldcat.org/oclc/52386206
52838857,"Information and communication technology and the teacher of the future :IFIP TC3/WG3.1 & WG3.3 Working Conference on ICT and the Teacher of the Future, January 27-31, 2003, Melbourne, Australia /","IFIP TC3/WG3.1 & WG3.3 Working Conference on ICT and the Teacher of the Future; Dowling, Carolyn,Lai, Kwok-Wing.; International Federation for Information Processing.",371.33 If23I, Theory & Practice of Education,"Kluwer Academic,",2003,0,https://libswu.on.worldcat.org/oclc/52838857
54007157,Painless reading comprehension /,"Jones, Darolyn.",428.43 Jo76P, Theory & Practice of Education,"Barron's,",2004,0,https://libswu.on.worldcat.org/oclc/54007157
54349507,Information and IT literacy :enabling learning in the 21st century /,"Martin, Allan,Rader, Hannelore B.",025.524 In43, Theory & Practice of Education,"Facet,",2003,5,https://libswu.on.worldcat.org/oclc/54349507
54454904,Instructional technologies :cognitive aspects of online programs /,"Darbyshire, Paul.",371.334 In59, Theory & Practice of Education,"IRM Press,",2005,0,https://libswu.on.worldcat.org/oclc/54454904
55066309,Instructional technology and media for learning /,"Smaldino, Sharon E.",371.33 In59, Theory & Practice of Education,"Pearson/Merrill/Prentice Hall,",2005,0,https://libswu.on.worldcat.org/oclc/55066309
55872283,Content area literacy :strategic teaching for strategic learning /,"Manzo, Anthony V.; Manzo, Ula Casale.Thomas, Matthew M.",428.40712 Ma296C, Theory & Practice of Education,"Wiley,",2005,0,https://libswu.on.worldcat.org/oclc/55872283
55969286,Principles of instructional design /,"Gagné, Robert M.",371.3 Pr957, Theory & Practice of Education,"Thomson/Wadsworth,",2005,0,https://libswu.on.worldcat.org/oclc/55969286
56305446,Graduate prospects in a changing society.,"Inter-American Organization for Higher Education.; Ronning, Anne Holden.Kearney, Mary-Louise.",331.11423 Gr733, Theory & Practice of Education,N/A,1983,0,https://libswu.on.worldcat.org/oclc/56305446
56682925,Taxonomy for the technology domain /,"Tomei, Lawrence A.",371.33 To656T 2005, Theory & Practice of Education,"Information Science Pub.,",2005,0,https://libswu.on.worldcat.org/oclc/56682925
57514809,Integrating educational technology into teaching /,"Roblyer, M. D.",371.33 Ro666I, Theory & Practice of Education,"Pearson/Merrill Prentice Hall,",2006,0,https://libswu.on.worldcat.org/oclc/57514809
59203680,The language gap :how classroom dialogue fails /,"Hull, Robert,",371.102 Hu913L, Theory & Practice of Education,"Methuen,",1985,0,https://libswu.on.worldcat.org/oclc/59203680
59549462,The development of language and literacy /,"Whitehead, Marian R.",372.6 Wh821D, Theory & Practice of Education,"Paul Chapman,",2001,0,https://libswu.on.worldcat.org/oclc/59549462
59879701,"Metacognition in literacy learning :theory, assessment, instruction, and professional development /","Israel, Susan E.",428.4 Me587, Theory & Practice of Education,"L. Erlbaum Associates,",2005,0,https://libswu.on.worldcat.org/oclc/59879701
60454974,Assessing the value of e-learning systems /,"Levy, Yair,",371.3344678 Le663A, Theory & Practice of Education,"Information Science Pub.,",2006,0,https://libswu.on.worldcat.org/oclc/60454974
61260362,E-Learning :concepts and practice /,"Holmes, Bryn.; Gardner, John,",371.3344678 Ho749E, Theory & Practice of Education,"SAGE Publications,",2006,0,https://libswu.on.worldcat.org/oclc/61260362
61424907,"Talking, listening, learning :effective talk in the primary classroom /","Myhill, Debra.; Jones, Susan M.Hopper, Rosemary.",371.1022 My996, Theory & Practice of Education,"Open University Press,",2006,0,https://libswu.on.worldcat.org/oclc/61424907
70122545,Differentiated instructional strategies :one size doesn't fit all /,"Gregory, Gayle.; Chapman, Carolyn,",371.394 Gr822D, Theory & Practice of Education,"Corwin Press,",2007,0,https://libswu.on.worldcat.org/oclc/70122545
70303195,Research on instruction :design and effects /,"Dijkstra, S.Hout Wolters, Bernadette H. A. M. van.Sijde, Peter van der.",371.3078 Re432, Theory & Practice of Education,"Educational Technology Publications,",1990,0,https://libswu.on.worldcat.org/oclc/70303195
71266371,Integrating information & communications technologies into the classroom /,"Tomei, Lawrence A.",371.33 In61(3), Theory & Practice of Education,"InfoSci,",2007,0,https://libswu.on.worldcat.org/oclc/71266371
74797960,Developing and using indicators of ICT use in education /,Unesco.SEAMEO Regional Center for Educational Innovation and Technology.,371.3344678 De489, Theory & Practice of Education,"UNESCO Asia and Pacific Regional Bureau for Education,",2003,0,https://libswu.on.worldcat.org/oclc/74797960
83991179,Influences on academic achievement in Uganda :a 'Coleman Report' from a non-industrial society /,"Heyneman, Stephen P.",372.96761 He617I, Theory & Practice of Education,N/A,1975,0,https://libswu.on.worldcat.org/oclc/83991179
122715455,Handbook of research on educational communications and technology /,"Spector, J. Michael.",371.33072 Ha236, Theory & Practice of Education,"Lawrence Erlbaum Associates,",2008,0,https://libswu.on.worldcat.org/oclc/122715455
155407078,The parents' homework handbook :how to guide your child to successful learning /,"Ward, Christine,",371.103 Wa257P, Theory & Practice of Education,"Accelerated Learning Institute,",2001,0,https://libswu.on.worldcat.org/oclc/155407078
156810468,Educational technology :a definition with commentary /,"Januszewski, Alan.Molenda, Michael.; Association for Educational Communications and Technology.",371.33 Ed24(1), Theory & Practice of Education,"Lawrence Erlbaum Associates,",2008,0,https://libswu.on.worldcat.org/oclc/156810468
156853356,Critical reading in the content areas 04/05 /,"Moss, Glenda.",428 Cr934, Theory & Practice of Education,"McGraw-Hill/Dushkin,",2005,0,https://libswu.on.worldcat.org/oclc/156853356
166379160,Handbook of research on reading comprehension /,"Israel, Susan E.Duffy, Gerald G.",428.43072 Ha236, Theory & Practice of Education,"Routledge,",2009,0,https://libswu.on.worldcat.org/oclc/166379160
223131225,Reading skills for the social sciences /,"Haarman, Louann.; Leech, Patrick.Murray, Janet.",428.6 Ha111R, Theory & Practice of Education,"Oxford University Press,",1988,0,https://libswu.on.worldcat.org/oclc/223131225
223217051,The education of teachers of English as a foreign and second language in Southeast Asia :with special references to Thailand.,"Brudhiprabha, Prapart.",427.9593 Pr899E  c.2, Theory & Practice of Education,N/A,1975,0,https://libswu.on.worldcat.org/oclc/223217051
227032588,Instructional design :the ADDIE approach /,"Branch, Robert Maribe.",371.30973 Br816I 2009, Theory & Practice of Education,"Springer,",2009,0,https://libswu.on.worldcat.org/oclc/227032588
229022536,Teach anyone to read :the no-nonsense guide /,"Pope, Lillie.",428.42 Po825T 2008, Theory & Practice of Education,"EJK Press,",2008,0,https://libswu.on.worldcat.org/oclc/229022536
240690104,"VOICES in a seashell :education, culture and identity /","Teasdale, Bob,Teasdale, Jennie,",370.190995 Vo889, Theory & Practice of Education,"University of the South Pacific. Institute of Pacific Studies in association with UNESCO,",1992,0,https://libswu.on.worldcat.org/oclc/240690104
245025672,The Routledge companion to dyslexia /,"Reid, Gavin,Elbeheri, Gad.",371.9144 Ro869R, Theory & Practice of Education,"Routledge,",2009,0,https://libswu.on.worldcat.org/oclc/245025672
270846007,Reading and remedial reading /,"Tansley, A. E.",428.4 Ta168R 1969  c.2, Theory & Practice of Education,"Routledge & K. Paul ;Humanities P.,",1969,0,https://libswu.on.worldcat.org/oclc/270846007
298180616,Technology integration for meaningful classroom use :a standards-based approach /,"Cennamo, Katherine.; Ross, John D.Ertmer, Peggy A.; International Society for Technology in Education.",371.3078 Ce395T, Theory & Practice of Education,"Wadsworth,",2010,0,https://libswu.on.worldcat.org/oclc/298180616
393913806,Reading :upper-intermediate /,"Tomlinson, Brian.; Ellis, Rod.",428 To659R, Theory & Practice of Education,"Oxford University Press,",1990,0,https://libswu.on.worldcat.org/oclc/393913806
419795426,Playing to learn :the role of play in the early years /,"Smidt, Sandra,",155.418 Sm639P 2011, Theory & Practice of Education,"Routledge,",2011,0,https://libswu.on.worldcat.org/oclc/419795426
457019949,Educational media international.,International Council for the Educational Media.,37-354, Theory & Practice of Education,Routledge.,1971,0,https://libswu.on.worldcat.org/oclc/457019949
491955252,Early intervention for reading difficulties :the interactive strategies approach /,"Scanlon, Donna M.,; Anderson, Kimberly L.,Sweeney, Joan M.,",372.43 Sc283E 2010, Theory & Practice of Education,"Guilford Press,",2010,0,https://libswu.on.worldcat.org/oclc/491955252
537308819,"Attachment theory and the teacher-student relationship :a practical guide for teachers, teacher educators and school leaders /","Riley, Philip,",371.1023 Ri573A, Theory & Practice of Education,"Routledge,",2011,0,https://libswu.on.worldcat.org/oclc/537308819
548660279,Foundations of educational technology :integrative approaches and interdisciplinary perspectives /,"Spector, J. Michael.",371.33 Sp741F, Theory & Practice of Education,"Routledge,",2012,0,https://libswu.on.worldcat.org/oclc/548660279
548660302,Evaluating e-learning :guiding research and practice /,"Phillips, Robert,; McNaught, Carmel,Kennedy, Gregor.",378.1734 Ph562E 2012, Theory & Practice of Education,"Routledge,",2012,0,https://libswu.on.worldcat.org/oclc/548660302
609769945,Philosophical issues in education /,"Kleinig, John,",370.1 Kl64P, Theory & Practice of Education,"Croom Helm,",1985,0,https://libswu.on.worldcat.org/oclc/609769945
610466789,A toolkit for action research /,"Alber, Sandra M.,",370.72 Al329T, Theory & Practice of Education,"Rowman & Littlefield Publishers,",2011,0,https://libswu.on.worldcat.org/oclc/610466789
641149452,Managing interactive video/multimedia projects /,"Bergman, Robert E.; Moore, Thomas V.",371.3078 Be499M, Theory & Practice of Education,"Educational Technology Pub.,",1991,0,https://libswu.on.worldcat.org/oclc/641149452
653069947,เทคนิควิจัยด้านการอ่าน =Reading research techniques /,สุนันทา มั่นเศรษฐวิทย์.,418.4072 ส816ท 2548, Theory & Practice of Education,"สำนักพิมพ์มหาวิทยาลัยเกษตรศาสตร์,",2005,0,https://libswu.on.worldcat.org/oclc/653069947
656182716,In the minds of men :educating the young people of the world : report of the World Conference on Education sponsored by the ASCD Commission ... /,"World Conference on Education; Miel, Alice.Berman, Louise M.; Association for Supervision and Curriculum Development.",370 As849I, Theory & Practice of Education,"Association for Supervision and Curriculum Development,",1970,0,https://libswu.on.worldcat.org/oclc/656182716
657493485,คู่มือการอ่านคิดวิเคราะห์ /,"ศิวกานท์ ปทุมสูติ,",495.9184 ศ541ค, Theory & Practice of Education,"ศูนย์เรียนรู้ทุ่งสักอาศรม,",2010,0,https://libswu.on.worldcat.org/oclc/657493485
661468647,Taxonomy of educational objectives :the classification of educational goals /,"Bloom, Benjamin Samuel,Krathwohl, David R.Masia, Bertram B.",370.13 Bl655T, Theory & Practice of Education,"David McKay,",1972,0,https://libswu.on.worldcat.org/oclc/661468647
663951872,The really useful ICT book :a practical guide to using technology across the primary curriculum /,"Jesson, Jill,; Peacock, Graham.",372.1334 Je58R, Theory & Practice of Education,"Routledge,",2012,0,https://libswu.on.worldcat.org/oclc/663951872
664666797,The technology toolbelt for teaching /,"Manning, Susan,; Johnson, Kevin E.,",371.334 Ma284T, Theory & Practice of Education,"Jossey-Bass,",2011,0,https://libswu.on.worldcat.org/oclc/664666797
664666802,The excellent online Instructor :strategies for professional development /,"Palloff, Rena M.,; Pratt, Keith,",371.334467 Pa168E 2011, Theory & Practice of Education,"Jossey-Bass,",2011,0,https://libswu.on.worldcat.org/oclc/664666802
670478760,Leading the technology-powered school /,"Grady, Marilyn L.",371.330973 Gr733L 2011, Theory & Practice of Education,"Corwin Press,",2011,0,https://libswu.on.worldcat.org/oclc/670478760
681854811,สื่อและนวัตกรรมแห่งการเรียนรู้ =Instructional and innovation for learning /,วรวิทย์ นิเทศศิลป์.,371.33 ว281ส4 2551, Theory & Practice of Education,"บริษัท สกายบุ๊กส์ จำกัด,",2008,0,https://libswu.on.worldcat.org/oclc/681854811
683051474,ชุมชนเรียนรู้ อยู่เย็นเป็นสุข /,เสรี พงศ์พิศ,306.432 ส929ช, Theory & Practice of Education,"สำนักพิมพ์พลังปัญญา,",2005,0,https://libswu.on.worldcat.org/oclc/683051474
684257452,ถอดรหัสอ่านเร็ว =Hi-speed reading /,ลุงไอน์สไตน์.,418.4 ล629ถ, Theory & Practice of Education,"บิสคิต,",2008,0,https://libswu.on.worldcat.org/oclc/684257452
691202444,"Successful e-learning interface :making learning technology polite, effective, and fun /","Allen, Michael W.,",371.3 Al427S 2011, Theory & Practice of Education,"Pfeiffer,",2011,0,https://libswu.on.worldcat.org/oclc/691202444
693514161,นวัตกรรมการจัดการเรียนรู้ตามแนวปฏิรูปการศึกษา /,"อลิศรา ชูชาติ.; อมรา รอดดารา,; สร้อยสน สกลรักษ์.",371.3 น352, Theory & Practice of Education,"ศูนย์ตำราและเอกสารทางวิชาการ คณะครุศาสตร์ จุฬาลงกรณ์มหาวิทยาลัย,",2006,0,https://libswu.on.worldcat.org/oclc/693514161
696292522,ระบบและกลไกการ่สงเสิรมบทบาทการีม่สวน่รวมของ่พอแ่มู้ผปกครองในการัพฒนาู้ผเีรยน =A system and mechanism for supporting parent involvement in children's enhancement : รายงานการึศกษา /,"ัรตนา ดวงแ้กว,; อุรณศีร ละอองแ้กว.; ัพชราพรรณ กฤษฎาิจนดาุ่รง.",371.192 ร228, Theory & Practice of Education,"สำันกงานเลขาิธการสภาการึศกษา กระทรวงึศกษาิธการ,",2008,0,https://libswu.on.worldcat.org/oclc/696292522
703208386,Understanding young children's learning through play :building playful pedagogies /,"Broadhead, Pat,; Burt, Andy.",372.21 Br863U 2012, Theory & Practice of Education,"Routledge,",2012,0,https://libswu.on.worldcat.org/oclc/703208386
703756987,การ่อานเื่พอัพฒนาตน /,ุสชาิต พง์ษพาินช.,495.9184 ส761ก, Theory & Practice of Education,"คณะมุนษยศาสต์รและัสงคมศาสต์ร มหาิวทยาัลยราชัภฏนครสวรร์ค,",2007,0,https://libswu.on.worldcat.org/oclc/703756987
733095865,The art of teaching /,"Highet, Gilbert,",371.3 Hi638A, Theory & Practice of Education,"Methuen,",1965,0,https://libswu.on.worldcat.org/oclc/733095865
733845964,การึศกษาสำหัรบู้ผปกครองเ็ดกปฐมัวย /,ุกลยา ัตนิตผลาีชวะ.,372.1103 ก728ก 2551, Theory & Practice of Education,"บิรัษท เบรน-เบส ุ๊บค์ส จำักด,",2008,0,https://libswu.on.worldcat.org/oclc/733845964
740631399,Online teaching in the digital age /,"Swenson, Pat.; Taylor, Nancy A.",378.1734 Sw974O 2012, Theory & Practice of Education,"SAGE Publications,",2012,0,https://libswu.on.worldcat.org/oclc/740631399
749006905,"The whole curriculum, 13-16.",Schools Council (Great Britain),375 Sc372W, Theory & Practice of Education,"Methuen,",1975,0,https://libswu.on.worldcat.org/oclc/749006905
753633982,Social media for educators :strategies and best practices /,"Joosten, Tanya,",371.334467 Jo81S 2012, Theory & Practice of Education,"Jossey-Bass,",2012,0,https://libswu.on.worldcat.org/oclc/753633982
757477480,Lenses on reading :an introduction to theories and models /,"Tracey, Diane H.; Morrow, Lesley Mandel.",428.4 Tr759L, Theory & Practice of Education,"The Guilford Press,",2012,0,https://libswu.on.worldcat.org/oclc/757477480
758394487,Education in a digital world :global perspectives on technology and education /,"Selwyn, Neil.",371.33 Se469E 2013, Theory & Practice of Education,"Routledge,",2013,0,https://libswu.on.worldcat.org/oclc/758394487
775406270,Continuing to engage the online learner :activities and resources for creative instruction /,"Conrad, Rita-Marie.; Donaldson, J. Ana.",371.334467 Co754C 2012, Theory & Practice of Education,"Jossey-Bass, a Wiley imprint,",2012,0,https://libswu.on.worldcat.org/oclc/775406270
777613169,Universal design for learning in the classroom :practical applications /,"Hall, Tracey E.Meyer, Anne,Rose, David H.",371.394 Un58 2012, Theory & Practice of Education,"Guilford Press,",2012,0,https://libswu.on.worldcat.org/oclc/777613169
779908128,How to improve your reading /,Rachnee Sosothikul.,428.43 Ra119H 2007, Theory & Practice of Education,"Chulalongkorn University Press,",2007,0,https://libswu.on.worldcat.org/oclc/779908128
793994340,แผนแม่บทเทคโนโลยีสารสนเทศและการสื่อสารสำนักงานปลัดกระทรวงศึกษาธิการ พ.ศ. 2554-2556 /,สำนักงานปลัดกระทรวงศึกษาธิการ.; สำนักงานปลัดกระทรวงศึกษาธิการ.; มหาวิทยาลัยศิลปากร.,338.926 ผ932, Theory & Practice of Education,"สำนักงาน,",2011,0,https://libswu.on.worldcat.org/oclc/793994340
794176291,The literature review :six steps to success /,"Machi, Lawrence A.; McEvoy, Brenda T.",001.4 Ma149L, Theory & Practice of Education,"Corwin Press,",2012,0,https://libswu.on.worldcat.org/oclc/794176291
796902616,Pilot testing of performance indicators for information & communication technology (ICT) in education in Thailand :a survey study of ICT development in education in Thailand /,Chantarat Pakamash.; Narongsak Boonyamalik.Suphanee Borvornphongsakul.; Thailand.United Nations Educational Scientific and Cultural Organisation.,384.043 Ch459P, Theory & Practice of Education,"Ministry of Education and UNESCO,",2006,0,https://libswu.on.worldcat.org/oclc/796902616
796902616,Pilot testing of performance indicators for information & communication technology (ICT) in education in Thailand :a survey study of ICT development in education in Thailand /,Chantarat Pakamash.; Narongsak Boonyamalik.Suphanee Borvornphongsakul.; Thailand.United Nations Educational Scientific and Cultural Organisation.,384.043 Ch459P  c.2, Theory & Practice of Education,"Ministry of Education and UNESCO,",2006,0,https://libswu.on.worldcat.org/oclc/796902616
800641626,Ten steps to complex learning :a systematic approach to four-component instructional design /,"Merriënboer, Jeroen J. G. van,; Kirschner, Paul Arthur,",371.3 Va262T 2013, Theory & Practice of Education,"Routledge,",2013,0,https://libswu.on.worldcat.org/oclc/800641626
806325150,Controversies in classroom research :a reader /,"Hammersley, Martyn.",371.102 Co764, Theory & Practice of Education,"Open University Press,",1994,0,https://libswu.on.worldcat.org/oclc/806325150
810235681,เด็กอ่านไม่ออกเขียนไม่ได้แก้ง่ายนิดเดียว /,"ศิวกานท์ ปทุมสูติ,; ศูนย์เรียนรู้ทุ่งสักอาศรม.",495.9184 ศ541ด 2554, Theory & Practice of Education,"ศูนย์เรียนรู้ทุ่งสักอาศรม,",2011,0,https://libswu.on.worldcat.org/oclc/810235681
815728292,Using social media in the classroom :a best practice guide /,"Poore, Megan.",371.33467 Po823U 2013, Theory & Practice of Education,"SAGE,",2013,0,https://libswu.on.worldcat.org/oclc/815728292
816003307,การออกแบบการสอน :การบูรณาการ การอ่าน การคิดวิเคราะห์ และการเขียน /,ชนาธิป พรกุล.,371.3 ช149ก, Theory & Practice of Education,"สำนักพิมพ์แห่งจุฬาลงกรณ์มหาวิทยาลัย,",2008,0,https://libswu.on.worldcat.org/oclc/816003307
817771870,หลักการออกแบบเว็บไซต์ทางการศึกษา :ทฤษฎีสู่การปฏิบัติ /,จินตวีร์ คล้ายสังข์.; โครงการมหาวิทยาลัยไซเบอร์ไทย.,006.7 จ484ห, Theory & Practice of Education,"โครงการมหาวิทยาลัยไซเบอร์ไทย สำนักงานคณะกรรมการการอุดมศึกษา,",2011,0,https://libswu.on.worldcat.org/oclc/817771870
822888825,The SAGE handbook of early childhood literacy /,"Larson, Joanne,Marsh, Jackie.",372.6 Sa129 2013, Theory & Practice of Education,"Sage,",2013,0,https://libswu.on.worldcat.org/oclc/822888825
824658333,Information technology in educational management /,"Barta, B. Z.Telem, Moshe.Gev, Yaffa.",371.200285 In43, Theory & Practice of Education,"Chapman & Hall,",1994,0,https://libswu.on.worldcat.org/oclc/824658333
827832997,The if Odyssey :a philosophical journey through Greek myth and storytelling for 8-16 year-olds /,"Worley, Peter.; Levi, Tamar.",372.677 Wo927I 2012, Theory & Practice of Education,"Bloomsbury,",2012,0,https://libswu.on.worldcat.org/oclc/827832997
836557457,Lessons from the virtual classroom :the realities of online teaching /,"Palloff, Rena M.,; Pratt, Keith,Palloff, Rena M.,",371.334467 Pa168L 2013, Theory & Practice of Education,"Jossey-Bass,",2013,0,https://libswu.on.worldcat.org/oclc/836557457
841897058,Professional learning guide for differentiated instructional strategies :one size doesn't fit all /,"Gregory, Gayle.; Gregory, Gayle.",371.394 Gr822P 2013, Theory & Practice of Education,"Corwin, a SAGE Company,",2013,0,https://libswu.on.worldcat.org/oclc/841897058
843792007,การสร้างนวัตกรรม :เปลี่ยนผู้เรียนให้เป็นผู้สร้างนวัตกรรม /,เนาวนิตย์ สงคราม.,371.33 น835ก 2556, Theory & Practice of Education,"สำนักพิมพ์แห่งจุฬาลงกรณ์มหาวิทยาลัย,",2013,0,https://libswu.on.worldcat.org/oclc/843792007
851414063,Planning and organizing standards-based differentiated instruction /,"Chapman, Carolyn,; King, Rita.Chapman, Carolyn,",371.394 Ch466P 2014, Theory & Practice of Education,"Corwin, a SAGE Company,",2014,0,https://libswu.on.worldcat.org/oclc/851414063
852218732,Distrusting educational technology :critical questions for changing times /,"Selwyn, Neil,",371.33 Se469D 2014, Theory & Practice of Education,"Routledge, Taylor & Francis Group,",2014,0,https://libswu.on.worldcat.org/oclc/852218732
853068283,"Using social media effectively in the classroom :blogs, wikis, twitter, and more /","Seo, Kay Kyeong-Ju.",371.334467 Us85 2013, Theory & Practice of Education,"Routledge,",2013,0,https://libswu.on.worldcat.org/oclc/853068283
855973909,Forest school and outdoor learning in the early years /,"Knight, Sara,",372.21 Kn71F 2013, Theory & Practice of Education,"SAGE,",2013,0,https://libswu.on.worldcat.org/oclc/855973909
856978338,Digital leadership :changing paradigms for changing times /,"Sheninger, Eric C.",371.33 Sh546D 2014, Theory & Practice of Education,"Corwin, a SAGE Company,",2014,0,https://libswu.on.worldcat.org/oclc/856978338
857967822,การอ่านและการเขียนทางวิชาการ =Academic reading and writing /,จิรวัฒน์ เพชรรัตน์.; อัมพร ทองใบ.,808.066 จ512ก 2556, Theory & Practice of Education,"โอเดียนสโตร์,",2013,0,https://libswu.on.worldcat.org/oclc/857967822
862788421,Born reading :bringing up bookworms in a digital age -- from picture books to ebooks and everything in between /,"Boog, Jason.",372.425 Bo724B 2014, Theory & Practice of Education,"Touchstone Books,",2014,0,https://libswu.on.worldcat.org/oclc/862788421
866617339,Literacy and the Common Core :Recipes for Action /,"Tantillo, Sarah,",428.4 Ta169L 2014, Theory & Practice of Education,"Jossey-Bass & Pfeiffer Imprints, Wiley,",2014,0,https://libswu.on.worldcat.org/oclc/866617339
866996463,Building communities of engaged readers :reading for pleasure /,"Cremin, Teresa.",428.4 Bu932 2014, Theory & Practice of Education,"Routledge,",2014,0,https://libswu.on.worldcat.org/oclc/866996463
868559427,Practitioner's guide to curriculum-based evaluation in reading /,"Harlacher, Jason E.,; Sakelaris, Tami L.,Kattelman, Nicole M.",372.48 Ha283P 2014, Theory & Practice of Education,"Springer,",2014,0,https://libswu.on.worldcat.org/oclc/868559427
880418213,"Planning for technology :a guide for school administrators, technology coordinators, and curriculum leaders /","Whitehead, Bruce M.; Jensen, Devon.Boschee, Floyd.",371.33 Wh592P 2013, Theory & Practice of Education,"Corwin, a Sage Company,",2013,0,https://libswu.on.worldcat.org/oclc/880418213
880645545,สามทศวรรษ สมาคมการศึกษาแห่งประเทศไทย /,สมาคมการศึกษาแห่งประเทศไทย.,370.9593 ส293ส, Theory & Practice of Education,"สมาคม,",1987,0,https://libswu.on.worldcat.org/oclc/880645545
882187167,ใช้หัวอ่านเร็ว (ฉบับคลาสสิก) /,"บูซาน, โทนี; พัลลภา อิงบุญมีสกุล,",153 บ699ช, Theory & Practice of Education,"ขวัญข้าว'๙๔,",2008,0,https://libswu.on.worldcat.org/oclc/882187167
883992237,Theoretical models and processes of reading /,"Ruddell, Robert B.Unrau, Norman.",428.4 Th396, Theory & Practice of Education,"International Reading Association,",2004,0,https://libswu.on.worldcat.org/oclc/883992237
889250568,Instructional media and the new technologies of instruction /,"Heinich, Robert.; Molenda, Michael.Russell, James D.",371.3078 He468I 1990, Theory & Practice of Education,"Macmillan,",1999,0,https://libswu.on.worldcat.org/oclc/889250568
915774899,Qualitative reading inventory.,"Leslie, Lauren.; Caldwell, JoAnne",372.41 Le635Q 2017, Theory & Practice of Education,"Pearson,",2017,0,https://libswu.on.worldcat.org/oclc/915774899
926773584,Integrating ICTs into the curriculum :analytical catalogue of key publications.,Unesco.,371.344 In61, Theory & Practice of Education,"Unesco,",2005,0,https://libswu.on.worldcat.org/oclc/926773584
926928559,Snapshots of primary and secondary education in Asia-Pacific.,"Wilson, J. D.Bergstrom, P.; Unesco.Unesco. Asia Pacific Programme of Educational Innovation for Development (APEID)",371.39 Sn669, Theory & Practice of Education,"Unesco Principal Regional Office for Asia and the Pacific,",2001,0,https://libswu.on.worldcat.org/oclc/926928559
933083921,Individualized instruction - programs and materials.,"Duane, James E.",371.394 Du812I, Theory & Practice of Education,"Educational Technology Publications,",1973,0,https://libswu.on.worldcat.org/oclc/933083921
935420201,แนวโน้มการจัดการเรียนการสอนยุค 2011 /,ศยามน อินสะอาด.; มหาวิทยาลัยเทคโนโลยีสุรนารี.,371.334 น928, Theory & Practice of Education,"ศูนย์นวัตกรรมและเทคโนโลยีการศึกษา มหาวิทยาลัยเทคโนโลยีสุรนารี,",2010,0,https://libswu.on.worldcat.org/oclc/935420201
939499770,การออกแบบผลิตและพัฒนา e-Learning /,ศยามน อินสะอาด.; มหาวิทยาลัยเทคโนโลยีสุรนารี.; มหาวิทยาลัยเทคโนโลยีสุรนารี.,371.3344678 ก528, Theory & Practice of Education,โครงการ SUTe-Training ;,2007,0,https://libswu.on.worldcat.org/oclc/939499770
943115667,Classic writings on instructional technology. /,"Ely, Donald P.,Plomp, Tj,",370.3078 Cl614, Theory & Practice of Education,"Libraries Unlimited,",1996,0,https://libswu.on.worldcat.org/oclc/943115667
944130259,Cultural anthropology and education.,"Camilleri, C.",370.19 Cu968, Theory & Practice of Education,UNESCO,1986,0,https://libswu.on.worldcat.org/oclc/944130259
949897801,"Words their way :word study for phonics, vocabulary, and spelling instruction /","Bear, Donald R.; Invernizzi, Marcia.Templeton, Shane.Johnston, Francine R.Bear, Donald R.",372.462 Wo924 2012, Theory & Practice of Education,"Pearson/Allyn and Bacon,",2012,0,https://libswu.on.worldcat.org/oclc/949897801
957007663,How to teach English with technology.,"Dudeney, Gavin.; Hockly, Nicky.",428.007 Du845H, Theory & Practice of Education,"Pearson/Longman,",1900,0,https://libswu.on.worldcat.org/oclc/957007663
959801042,Designing effective instruction.,"Kemp, Jerrold E.; Morrison, Gary R.Ross, Steven M.",371.3078 Ke32D, Theory & Practice of Education,N/A,,0,https://libswu.on.worldcat.org/oclc/959801042
966040721,Classroom Approaches To Remedial Reading /,"Kennedy, E. C.",372.43 Ke35C, Theory & Practice of Education,"F.E. Peacock Publishers,",1996,0,https://libswu.on.worldcat.org/oclc/966040721
966040721,Classroom Approaches To Remedial Reading /,"Kennedy, E. C.",372.43 Ke35C  c.2, Theory & Practice of Education,"F.E. Peacock Publishers,",1996,0,https://libswu.on.worldcat.org/oclc/966040721
971543062,Spotlight EFA :Getting education in the news.,N/A,370.212 Sp764, Theory & Practice of Education,"UNESCO,",2007,0,https://libswu.on.worldcat.org/oclc/971543062
989291914,"10,000 ideas for term papers, projects and reports /","Lamm, Kathryn.",808.02 La232T, Theory & Practice of Education,"Prentice Hall,",1991,0,https://libswu.on.worldcat.org/oclc/989291914
993286964,The language-experience approach to the teaching of reading /,"Stauffer, Russell George.",372.41 St798L  c.2, Theory & Practice of Education,"Harper and Row,",1980,0,https://libswu.on.worldcat.org/oclc/993286964
993291891,Language development :structure and function /,"Dale, Philip S.",401 Da139L, Theory & Practice of Education,"Holt, Rinehart and Winston,",1976,0,https://libswu.on.worldcat.org/oclc/993291891
993334059,Language and thinking in school /,"Smith, E. Brooks.; Goodman, Kenneth S.Meredith, Robert.",372.6 Sm646L, Theory & Practice of Education,"Holt, Rinehart and Winston,",1976,0,https://libswu.on.worldcat.org/oclc/993334059
1000221382,14 Teaching methods for professional teachers /,"Tisana Khemmani,; Čhulālongkō̜nmahāwitthayālai.",371.3 Ti598F 2017, Theory & Practice of Education,"Chulalongkorn University Press,",2017,0,https://libswu.on.worldcat.org/oclc/1000221382
1019426963,Guidebook (1) for the development of literacy programme based on ATLP.,Unesco.,374.0124 Gu946, Theory & Practice of Education,"UNESCO PROAP,",2000,0,https://libswu.on.worldcat.org/oclc/1019426963
1022931419,Read to lead :อ่านอย่างผู้นำ /,ณัชร สยามวาลา.,028.9 ณ261ร 2560, Theory & Practice of Education,"บริษัท ทริค ออฟ เดอะ เทรด จำกัด,",2017,0,https://libswu.on.worldcat.org/oclc/1022931419
1037102206,One to one /,"Wilberg, Peter.",371.394 Wi664O, Theory & Practice of Education,"Language Teaching Publications,",1987,0,https://libswu.on.worldcat.org/oclc/1037102206
1040485718,Blended learning for quality higher education :selected case studies on implementation from Asia-Pacific /,"Lim, Cher Ping,Wang, Libing,",378.17 Bl647 2017, Theory & Practice of Education,"UNESCO Bangkok Office,",2017,0,https://libswu.on.worldcat.org/oclc/1040485718
1048618175,Teaching and developing reading skills /,"Watkins, Peter A.,; Thornbury, Scott,",428.4071 Wa335T 2017, Theory & Practice of Education,"Cambridge University Press,",2017,1,https://libswu.on.worldcat.org/oclc/1048618175
1073033896,The ID casebook :case studies in instructional design /,"Ertmer, Peggy A.,Quinn, James A.,Glazewski, Krista D.,",371.3 Id18 2019, Theory & Practice of Education,"Routledge,",2019,0,https://libswu.on.worldcat.org/oclc/1073033896
1089925767,วิธีวิทยาการจัดการเรียนรู้ภาษาไทย =Methodology of Thai language learning management /,วัชรพล วิบูลยศริน.,495.91071 ว378ว 2561, Theory & Practice of Education,"สำนักพิมพ์แห่งจุฬาลงกรณ์มหาวิทยาลัย,",2018,0,https://libswu.on.worldcat.org/oclc/1089925767
1090808465,The early detection of reading difficulties /,"Clay, Marie M.",372.43 Cl621E, Theory & Practice of Education,"Heinemann,",1992,0,https://libswu.on.worldcat.org/oclc/1090808465
1091071372,Read to success ประสบความสำเร็จเพราะอ่านหนังสือ /,"นาคาทานิ, อะคิฮิโระ,; สิริ.",028.9 น445ร 2560, Theory & Practice of Education,"บริษัท ซีเอ็ดยูเคชั่น จำกัด (มหาชน),",2017,0,https://libswu.on.worldcat.org/oclc/1091071372
1118058268,Teaching and learning with technology /,"Lever-Duffy, Judy.; McDonald, Jean B.Ciereszko, Ana A.Mizell, Al P.",371.334 Le658T, Theory & Practice of Education,"Pearson/Allyn and Bacon,",2009,0,https://libswu.on.worldcat.org/oclc/1118058268
1120785280,A study skills handbook.,"Smith, Mike.; Smith, Glenda.",418.007 Sm655S, Theory & Practice of Education,Oxford University Press.,,0,https://libswu.on.worldcat.org/oclc/1120785280
1137735949,Storytelling for sustainability in higher education :an educator's handbook /,"Molthan-Hill, Petra,Baden, Denise,Wall, Tony,Puntha, Helen,Luna, Heather,",372.677 St887 2020, Theory & Practice of Education,"Routledge,",2020,0,https://libswu.on.worldcat.org/oclc/1137735949
1158171643,Education in Europe an intercultural task.,"Wulf, Christoph,",370.196094 Ed24, Theory & Practice of Education,Waxmann,1995,0,https://libswu.on.worldcat.org/oclc/1158171643
1161786811,Basic philosophies of education /,"Weber, Christian Oliver.",370.109 We373B 1966, Theory & Practice of Education,"Rinehart, 1960.",,0,https://libswu.on.worldcat.org/oclc/1161786811
1205573477,"Piaget, education and teaching /","McNally, D. W.",370.1 Ma169P, Theory & Practice of Education,"Harvester Press,",1977,0,https://libswu.on.worldcat.org/oclc/1205573477
1257362611,Building a Web-based education system /,"McCormack, Colin,; Jones, David,",025.06 Ma131B, Theory & Practice of Education,"Wiley Computer Pub.,",1998,0,https://libswu.on.worldcat.org/oclc/1257362611
1267455635,อ่านแบบโทได =[The University of Tokyo reading techniques] /,"นิชิโอกะ, อิสเซ.; ศุภภัทร พัฒนเดชากุล.",418.4 น564อ 2564, Theory & Practice of Education,"วีเลิร์น,",2021,2,https://libswu.on.worldcat.org/oclc/1267455635
1310275160,Educational technology for teaching and learning /,"Newby, Timothy J.",371.33 Ed24, Theory & Practice of Education,"Merrill,",2006,0,https://libswu.on.worldcat.org/oclc/1310275160
1431029468,เทคโนโลยีการเรียนรู้ในโลกเสมือนสู่ยุคดิจิทัล =Learning technology in the virtual world toward digital era /,พินันทา ฉัตรวัฒนา.; มหาวิทยาลัยเทคโนโลยีพระจอมเกล้าพระนครเหนือ.,371.33 พ683ท 2567, Theory & Practice of Education,ศูนย์ผลิตตำราเรียนและสิ่งพิมพ์ดิจิทัล มหาวิทยาลัยเทคโนโลยีพระจอมเกล,2024,0,https://libswu.on.worldcat.org/oclc/1431029468
1465469703,The theory and practice of education /,"Downey, Meriel.; Kelly, A. V.",370.1 Do784T 1987, Theory & Practice of Education,"Harper & Row,",1987,0,https://libswu.on.worldcat.org/oclc/1465469703
1465469728,Delivering digitally :managing the transition to the knowledge media /,"Inglis, Alistair.; Lin, Peter.Joosten, Vera.",371.3078 In52D, Theory & Practice of Education,"Kogan Page,",2000,0,https://libswu.on.worldcat.org/oclc/1465469728
1465470262,Drama /,"Wessels, Charlyn.",371.332 We515D  c.2, Theory & Practice of Education,"Oxford University Press,",1987,0,https://libswu.on.worldcat.org/oclc/1465470262
1465470534,Theory and principles of education :philosophical and sociological bases of education /,"Aggarwal, J. C.",370.1 Ag266T, Theory & Practice of Education,"Vikas,",1982,0,https://libswu.on.worldcat.org/oclc/1465470534
1465471848,"Report national seminar basic education for empowerment of the poor Pune, March 3-4, 1998 /",National Seminar Basic Education for Empowerment of the Poor; Indian Institute of Education.,370 Na277R, Theory & Practice of Education,"Indian Institute of Education,",1998,0,https://libswu.on.worldcat.org/oclc/1465471848
1465475720,ชุมนุมบทความทางวิชาการการศึกษา.,N/A,370 ช246  ร.18, Theory & Practice of Education,"โครงการตำราสังคมศาสตร์ และมนุษย์ศาสตร์ สมคมสังคมศาสตร์แห่งประเทศไทย,",2514,0,https://libswu.on.worldcat.org/oclc/1465475720
1465479964,An introduction to philosophy of education /,"Woods, R. G.; Barrow, R. St. C.",370.1 Wo948I, Theory & Practice of Education,"Methuen,",1977,0,https://libswu.on.worldcat.org/oclc/1465479964
1465480760,Educational thought and practice /,"Taneja, Vidya Ratna.",370.1 Ta164E, Theory & Practice of Education,"Sterling,",1981,0,https://libswu.on.worldcat.org/oclc/1465480760
1465483111,Models of teaching /,"Joyce, Bruce; Weil, Marsha.",371.3 Jo89M, Theory & Practice of Education,"Prentice-Hall of India Private,",1980,0,https://libswu.on.worldcat.org/oclc/1465483111
1465483738,Planning learning resource centres in school and colleges /,"Raddon, Rosemary.",371.3078 Ra125P, Theory & Practice of Education,"Gower,",1984,0,https://libswu.on.worldcat.org/oclc/1465483738
1465485200,Simulation games in learning /,"Boocock, Sarane S.; Schild, E. O.Coleman, James S.",371.39 Bo724S 1968, Theory & Practice of Education,"Sage,",1968,0,https://libswu.on.worldcat.org/oclc/1465485200
1465486084,Theory and principles of education :philosophical and sociological bases of education /,"Aggarwal, J. C.",370.1 Ag266T 1994, Theory & Practice of Education,"Vikas,",1994,0,https://libswu.on.worldcat.org/oclc/1465486084
1465488926,53 interesting ways of helping your students to study /,"Habeshaw, Trevor.; Graham, Gibbs.Habeshaw, Sue.",371.3078 Ha115F, Theory & Practice of Education,"Technical & Educational Services,",1988,0,https://libswu.on.worldcat.org/oclc/1465488926
1465489257,"Information and communication technologies (ICTs) for community empowerment through non-formal education :experiences from Lao PDR, Sri Lanka, Thailand and Uzbekistan.",N/A,371.33 In43, Theory & Practice of Education,"UNESCO Bangkok,",2005,0,https://libswu.on.worldcat.org/oclc/1465489257
1465490175,A guide to student-centred learning /,"Brandes, Donna.; Ginnis, Paul.",371.3 Br817G, Theory & Practice of Education,"Basil Blackwell,",1988,0,https://libswu.on.worldcat.org/oclc/1465490175
1465497724,The educator's encyclopedia /,"Smith, Edward Williams.; Krouse, Stanley W.Atkinson, Mark M.",370 Sm646E  c.2, Theory & Practice of Education,"Prentice-Hall,",1961,0,https://libswu.on.worldcat.org/oclc/1465497724
1465501510,"The future of education and the education of the future :final report and documents of an IIEP Seminar, Paris, 23-26 October 1978 /","Avakov, R. M.; International Institute for Educational Planning.; International Institute for Educational Planning Seminar on Long-Term Prospects for the Development of Education",370 Fu996, Theory & Practice of Education,"International Institute for Educational Planning,",1978,0,https://libswu.on.worldcat.org/oclc/1465501510
1465502313,SciJeanence of education and the psychology of the child /,"Piaget, Jean.; Coltman, Derek.",371.3 Pi576S, Theory & Practice of Education,"Orion Press,",1970,0,https://libswu.on.worldcat.org/oclc/1465502313
1465505616,Education :Wellington square extra set /,"Gaines, Keith.",370 Ga142E 1996, Theory & Practice of Education,"Nelso,",1996,0,https://libswu.on.worldcat.org/oclc/1465505616
1465513763,World yearbook of education 1994 :the gender gap in higher education /,"Lie, Suzanne Stiver.Malik, Lynda.Harris, Duncan.",370 Wo927 1994, Theory & Practice of Education,"Kogan Page,",1996,0,https://libswu.on.worldcat.org/oclc/1465513763
1465513763,World yearbook of education 1994 :the gender gap in higher education /,"Lie, Suzanne Stiver.Malik, Lynda.Harris, Duncan.",370 Wo927 1994  c.2, Theory & Practice of Education,"Kogan Page,",1996,0,https://libswu.on.worldcat.org/oclc/1465513763
1465514897,"Empowering human capital through online learning technology :the proceeding of international e-learning conference, January 13-14, 2011 IMPACT, Muang Thong Thani, Thailand /",International E-Learning Conference; Thailand.,371.3344678 In61E, Theory & Practice of Education,"Thailand Cyber University,",2011,0,https://libswu.on.worldcat.org/oclc/1465514897
1465514897,"Empowering human capital through online learning technology :the proceeding of international e-learning conference, January 13-14, 2011 IMPACT, Muang Thong Thani, Thailand /",International E-Learning Conference; Thailand.,371.3344678 In61E  c.2, Theory & Practice of Education,"Thailand Cyber University,",2011,0,https://libswu.on.worldcat.org/oclc/1465514897
1465514897,"Empowering human capital through online learning technology :the proceeding of international e-learning conference, January 13-14, 2011 IMPACT, Muang Thong Thani, Thailand /",International E-Learning Conference; Thailand.,371.3344678 In61E  c.3, Theory & Practice of Education,"Thailand Cyber University,",2011,0,https://libswu.on.worldcat.org/oclc/1465514897
1465514897,"Empowering human capital through online learning technology :the proceeding of international e-learning conference, January 13-14, 2011 IMPACT, Muang Thong Thani, Thailand /",International E-Learning Conference; Thailand.,923.2593 น235ห, Theory & Practice of Education,"Thailand Cyber University,",2011,0,https://libswu.on.worldcat.org/oclc/1465514897
1465520494,ICT transforming education :a regional guide /,"Anderson, Jonathan.",371.33 An547I 2010, Theory & Practice of Education,"UNESCO Bangkok,",2010,0,https://libswu.on.worldcat.org/oclc/1465520494
1465521266,How to study /,"Maddox, Harry.",371.30281 Ma179H, Theory & Practice of Education,"Fawcett,",1968,0,https://libswu.on.worldcat.org/oclc/1465521266
1465536807,Fundamentals of educational leadership /,"Weber, C. A.; Weber, Mary E.",370.1 We373F, Theory & Practice of Education,"McGraw-Hill Book,",1955,0,https://libswu.on.worldcat.org/oclc/1465536807
1465537205,"The disciplined mind :beyond facts and standardized tests, the K - 12 education that every child deserves /","Gardner, Howard.",370.1 Ga227D, Theory & Practice of Education,"Penguin Books,",1999,0,https://libswu.on.worldcat.org/oclc/1465537205
1465540858,Simulation in the classroom /,"Taylor, John L.; Walford, Rex.",371.3 Ta243S 1974, Theory & Practice of Education,"Penguin,",1974,0,https://libswu.on.worldcat.org/oclc/1465540858
1465542292,"Dewey's pragmatist philosophy of education :an analytic, interpretative and appreciative study /",Thavansak Sattrupinas.,370.1 Th368D, Theory & Practice of Education,N/A,2004,0,https://libswu.on.worldcat.org/oclc/1465542292
1465545282,"Computer education and the use of computers in penang educational institutions :report of the computer in education pilot study, April-October, 1986 /","Reginal Seminar on Computers in Education Project; Pak, Leong Yong.Kittiporn Punyophol.",371.3078 Re335C, Theory & Practice of Education,"SEAMEO Regional Center for Education in Science and Mathematics,",1986,0,https://libswu.on.worldcat.org/oclc/1465545282
1465546013,Developing student autonomy in learning /,"Boud, David.",371.394 De489, Theory & Practice of Education,"Kogan Page :Nichols,",1993,0,https://libswu.on.worldcat.org/oclc/1465546013
1465547577,Philosophy and education :a total view /,"Dupuis, Adrian M.; Nordberg, Robert B.",370.1 Du944P, Theory & Practice of Education,"The Bruce,",1968,0,https://libswu.on.worldcat.org/oclc/1465547577
1465547577,Philosophy and education :a total view /,"Dupuis, Adrian M.; Nordberg, Robert B.",370.1 Du944P  c.2, Theory & Practice of Education,"The Bruce,",1968,0,https://libswu.on.worldcat.org/oclc/1465547577
1465547577,Philosophy and education :a total view /,"Dupuis, Adrian M.; Nordberg, Robert B.",370.1 Du944P  c.3, Theory & Practice of Education,"The Bruce,",1968,0,https://libswu.on.worldcat.org/oclc/1465547577
1465547577,Philosophy and education :a total view /,"Dupuis, Adrian M.; Nordberg, Robert B.",370.1 Du944P  c.4, Theory & Practice of Education,"The Bruce,",1968,0,https://libswu.on.worldcat.org/oclc/1465547577
1465547652,Asian Programme of Educational Innovation for Development :final report.,"United Nations Educational, Scientific and Cultural Organization.",371.39 As832, Theory & Practice of Education,"Unesco,",1984,0,https://libswu.on.worldcat.org/oclc/1465547652
1465549842,Theories of education :studies of significant innovation in western educational thought /,"Bowen, James.; Hobson, Peter R.",370.1 Bo786T, Theory & Practice of Education,"J. Wiley,",1980,0,https://libswu.on.worldcat.org/oclc/1465549842
1465550066,World education report ...,"United Nations Educational, Scientific and Cultural Organization.",370 Wo927, Theory & Practice of Education,"Unesco,",1991,0,https://libswu.on.worldcat.org/oclc/1465550066
1465550066,World education report ...,"United Nations Educational, Scientific and Cultural Organization.",370 Wo927(8), Theory & Practice of Education,"Unesco,",1991,0,https://libswu.on.worldcat.org/oclc/1465550066
1465550498,Producing teaching materials /,"Ellington, Henry.; Race, Phil.",371.3078 El46P, Theory & Practice of Education,"Kogan Page,",1994,0,https://libswu.on.worldcat.org/oclc/1465550498
1465552381,"Embracing diversity :toolkit for creaating inclusive, learning-friendly environmenrs.","United Nations Educational, Scientific and Cultural Organization.",371.3028 Em53  v.1, Theory & Practice of Education,N/A,2004,0,https://libswu.on.worldcat.org/oclc/1465552381
1465552381,"Embracing diversity :toolkit for creaating inclusive, learning-friendly environmenrs.","United Nations Educational, Scientific and Cultural Organization.",371.3028 Em53  v.2, Theory & Practice of Education,N/A,2004,0,https://libswu.on.worldcat.org/oclc/1465552381
1465552381,"Embracing diversity :toolkit for creaating inclusive, learning-friendly environmenrs.","United Nations Educational, Scientific and Cultural Organization.",371.3028 Em53  v.3, Theory & Practice of Education,N/A,2004,0,https://libswu.on.worldcat.org/oclc/1465552381
1465552381,"Embracing diversity :toolkit for creaating inclusive, learning-friendly environmenrs.","United Nations Educational, Scientific and Cultural Organization.",371.3028 Em53  v.4, Theory & Practice of Education,N/A,2004,0,https://libswu.on.worldcat.org/oclc/1465552381
1465552381,"Embracing diversity :toolkit for creaating inclusive, learning-friendly environmenrs.","United Nations Educational, Scientific and Cultural Organization.",371.3028 Em53  v.5, Theory & Practice of Education,N/A,2004,0,https://libswu.on.worldcat.org/oclc/1465552381
1465552381,"Embracing diversity :toolkit for creaating inclusive, learning-friendly environmenrs.","United Nations Educational, Scientific and Cultural Organization.",371.3028 Em53  v.6, Theory & Practice of Education,N/A,2004,0,https://libswu.on.worldcat.org/oclc/1465552381
1465552381,"Embracing diversity :toolkit for creaating inclusive, learning-friendly environmenrs.","United Nations Educational, Scientific and Cultural Organization.",371.3028 Em53  v.7, Theory & Practice of Education,N/A,2004,0,https://libswu.on.worldcat.org/oclc/1465552381
1465560410,"Educational innovation for sustainable development, 1-4 December 1997 :report of the Third UNESCO-ACEID International Conference /","UNESCO-ACEID International Conference; United Nations Educational, Scientific and Cultural Organization.",370 Un56E2, Theory & Practice of Education,"UNESCO,",1998,0,https://libswu.on.worldcat.org/oclc/1465560410
1465564254,Drama in education 2 :the annual survey /,"Hodgson, John.; Banham, Martin.",371.332 Ho691D, Theory & Practice of Education,"Pitman,",1976,0,https://libswu.on.worldcat.org/oclc/1465564254
1465565589,The art of teaching /,"Highet, Gilbert.",371.3 Hi638A, Theory & Practice of Education,"Pyramid Books,",1950,0,https://libswu.on.worldcat.org/oclc/1465565589
1465566111,"APEID/Asian Programme of Educational Innovation for Development :report of a study group meeting on applicability of advanced technologies to educational development Penang, Malaysia, 20-24 September 1982.",Unesco.Asian Programme of Educational Innovation for Development.,420.7 Di547P  c.3, Theory & Practice of Education,"Unesco Regional Office for Education in Asia and the Pacific,",1982,0,https://libswu.on.worldcat.org/oclc/1465566111
1465566621,Designing instructional strategies :the prevention of academic learning problems /,"Kameenui, Edward J.; Simmons, Deborah C.",371.3078 Ka15D, Theory & Practice of Education,"Merrill,",1991,0,https://libswu.on.worldcat.org/oclc/1465566621
1465567159,Programmed instruction for literary workers /,"Thiagarajan, Sivasailam.",371.312 Th422P, Theory & Practice of Education,"Hlton Education,",1976,0,https://libswu.on.worldcat.org/oclc/1465567159
1465567518,Regional guidelines on teacher development for pedagogy technology integration :working draft /,Unesco.,371.33 Re336, Theory & Practice of Education,"UNESCO Bangkok,",2005,0,https://libswu.on.worldcat.org/oclc/1465567518
1465567536,Out of the ordinary :teacher innovations changing student lives /,"Luz, Juan Miguel.",371.3 Lu979O 2017, Theory & Practice of Education,"Princess Maha Chakri Award Foundation,",2017,0,https://libswu.on.worldcat.org/oclc/1465567536
1465578941,Education in Thailand :a sector study /,"Gray, Audrey Ward.",370.1 Sa346P2, Theory & Practice of Education,"Ministry of Education Thailand,",1970,0,https://libswu.on.worldcat.org/oclc/1465578941
1465579511,Education for the 21th century /,"Sirindhorn,; Princess Maha Chakri Sirindhorn Foundation.",370.1 Si619E 2013, Theory & Practice of Education,"Princess Maha Chakri Sirindhorn Foundation,",2013,0,https://libswu.on.worldcat.org/oclc/1465579511
1465580442,Integrating educational technology into teaching /,"Roblyer, M. D.",371.33 Ro666I 2013, Theory & Practice of Education,"Pearson/Merrill Prentice Hall,",2013,0,https://libswu.on.worldcat.org/oclc/1465580442
1465584541,Service manual equivalency of qualifications formal basic education /,Thailand.,370.1 Se491 2010, Theory & Practice of Education,"The Bureau,",2010,0,https://libswu.on.worldcat.org/oclc/1465584541
1465590003,Designing instructional systems :decision making in course planning and curriculum design /,"Romiszowski, A. J.",371.3078 Ro765D, Theory & Practice of Education,"Kogan Page,",1987,0,https://libswu.on.worldcat.org/oclc/1465590003
1465592023,Improving efficiency in education and training /,"Trott, Andrew.Strongman, Harry.Trott, A. J.Giddins, Les.; Association for Educational and Training Technology (U.S.).",371.39 Im34, Theory & Practice of Education,"Kogan Page,",1982,0,https://libswu.on.worldcat.org/oclc/1465592023
1465594399,The great educators :readings for leaders in education /,"Black, Hugh C.; Lottich, Kenneth V.Seckinger, Donald S.",370.1 Bl627G, Theory & Practice of Education,"Nelson-Hall,",1972,0,https://libswu.on.worldcat.org/oclc/1465594399
1465605579,Methods and principles of teaching /,"Lardiabal, Amparo S.",371.3 La246M  c.2, Theory & Practice of Education,"Alemar-Phoenix,",1970,0,https://libswu.on.worldcat.org/oclc/1465605579
1465605579,Methods and principles of teaching /,"Lardiabal, Amparo S.",371.3 La246M  c.5, Theory & Practice of Education,"Alemar-Phoenix,",1970,0,https://libswu.on.worldcat.org/oclc/1465605579
1465605579,Methods and principles of teaching /,"Lardiabal, Amparo S.",371.3 La246M  c.6, Theory & Practice of Education,"Alemar-Phoenix,",1970,0,https://libswu.on.worldcat.org/oclc/1465605579
1465605579,Methods and principles of teaching /,"Lardiabal, Amparo S.",371.3 La246M  c.7, Theory & Practice of Education,"Alemar-Phoenix,",1970,0,https://libswu.on.worldcat.org/oclc/1465605579
1465608364,Greater expecta :children reading writing /,"Bearne, Eve.",371.3028 Gr786, Theory & Practice of Education,"Cassell,",1995,0,https://libswu.on.worldcat.org/oclc/1465608364
1465609286,Philosophical analysis and education /Reginald D. Archambault.,"Archambault, Reginald D.",370.1 Ar669R, Theory & Practice of Education,"Routledge & Kegan Paul,",1972,0,https://libswu.on.worldcat.org/oclc/1465609286
1465612748,The humanitarian :education /,"Hubbard, L. Ron.",370.1 Hu875H, Theory & Practice of Education,"L. Ron Hubbard Library],",1996,0,https://libswu.on.worldcat.org/oclc/1465612748
1465612748,The humanitarian :education /,"Hubbard, L. Ron.",370.1 Hu875H  c.2, Theory & Practice of Education,"L. Ron Hubbard Library],",1996,0,https://libswu.on.worldcat.org/oclc/1465612748
1465612957,Fasilitating the development of inquiry teaching skills through rating and practice /,Pollasanha Positong.,371.3 Po771F, Theory & Practice of Education,N/A,1980,0,https://libswu.on.worldcat.org/oclc/1465612957
1465613197,Guidelines for repackaging multi-media resources.,"United Nations Educational, Scientific and Cultural Organization.",371.33 Gu946, Theory & Practice of Education,"Unesco,",1982,0,https://libswu.on.worldcat.org/oclc/1465613197
1465613415,Innovations in teaching-learning process /,"Chauhan, S. S.",371.39 Ch496L, Theory & Practice of Education,"Vikas,",1983,0,https://libswu.on.worldcat.org/oclc/1465613415
1465616448,Reading and thinking in English.,N/A,428.43 Re287, Theory & Practice of Education,"Oxford University Press,",1985,0,https://libswu.on.worldcat.org/oclc/1465616448
1465619926,Improve your reading /,"Fry, Ronald W.",428.4 Fr947I 2012, Theory & Practice of Education,"Cengage Learning,",2012,0,https://libswu.on.worldcat.org/oclc/1465619926
1465625990,Educational data mining :applications and trends /,"Pena-Ayala, Alejandro.",370.285 Ed24 2014, Theory & Practice of Education,"Springer,",2014,0,https://libswu.on.worldcat.org/oclc/1465625990
1465632661,A comparison of instructional pamphlets and audiotape models on acquistion of questioning skills by Thai high school chemistry teachers /,Thongchai Chewprecha.,371.3 Th486C, Theory & Practice of Education,N/A,1977,0,https://libswu.on.worldcat.org/oclc/1465632661
1465633356,An introduction to the philosophy of education /,"O'Connor, D. J.",370.1 Oc18I, Theory & Practice of Education,"Universal Book Stall,",1992,0,https://libswu.on.worldcat.org/oclc/1465633356
1465633356,An introduction to the philosophy of education /,"O'Connor, D. J.",370.1 Oc18I  c.2, Theory & Practice of Education,"Universal Book Stall,",1992,0,https://libswu.on.worldcat.org/oclc/1465633356
1465634721,Mathematical Creativity and Mathematical Giftedness :Enhancing Creative Capacities in Mathematically Promising Students /,"Singer, Florence Mihaela.",370 Ma426 2018, Theory & Practice of Education,"Springer International :Imprint: Springer,",2018,0,https://libswu.on.worldcat.org/oclc/1465634721
1465642387,ITED instructor's guide book.,N/A,371.33 It88, Theory & Practice of Education,"Bangkok Center ITED Project (Thai-Japanese Technical Cooperation),",2003,0,https://libswu.on.worldcat.org/oclc/1465642387
1518481434,แนวทางการจัดการเรียนรู้วิชาชีพครู =Learning management guidelines teaching profession /,"คณาภรณ์ รัศมีมารีย์,",371.3 ค128น 2568, Theory & Practice of Education,"ศูนย์หนังสือจุฬาลงกรณ์มหาวิทยาลัย (จัดจำหน่าย),",2568,0,https://libswu.on.worldcat.org/oclc/1518481434
1518481434,แนวทางการจัดการเรียนรู้วิชาชีพครู =Learning management guidelines teaching profession /,"คณาภรณ์ รัศมีมารีย์,",371.3 ค128น 2568 ร.2, Theory & Practice of Education,"ศูนย์หนังสือจุฬาลงกรณ์มหาวิทยาลัย (จัดจำหน่าย),",2568,0,https://libswu.on.worldcat.org/oclc/1518481434
682971765,การศึกษาและอำนาจ =Education and power /,"แอปเปิล, ไมเคิล.; สำลี ทองลิว,",370 อ954ก, Unknown Classification,"โครงการตำราและเอกสารทางวิชาการ คณะครุศาสตร์ จุฬาลงกรณ์มหาวิทยาลัย,",1986,2,https://libswu.on.worldcat.org/oclc/682971765
682999101,พื้นฐานและหลักการพัฒนาหลักสูตร /,สงัด อุทรานันท์; จุฬาลงกรณ์มหาวิทยาลัย.,375 ส148พ 2532, Unknown Classification,"ภาควิชาบริหารการศึกษา คณะครุศาสตร์ จุฬาลงกรณ์มหาวิทยาลัย,",1989,1,https://libswu.on.worldcat.org/oclc/682999101
683022076,บทศึกษาจิตวิทยา :เพื่อการศึกษา-การแนะแนว-สุขภาพจิตในโรงเรียน = Psychology-Guidance-Mental Health in School /,สุโท เจริญสุข,370.15 ส244บ, Unknown Classification,"โอเดียนสโตร์,",1977,1,https://libswu.on.worldcat.org/oclc/683022076
683033344,การบริหารจัดการทีมงาน =Creating teams with an edge /,"ลุกซ์, ริชาร์ด; พอลเซอร์, เจฟฟ์; สุรีพร พึ่งพุทธคุณ,",658.402 ล599ก, Unknown Classification,"เอ็กซเปอร์เน็ท,",2006,0,https://libswu.on.worldcat.org/oclc/683033344
683039638,คุณลักษณะและกระบวนการปลูกฝังคุณธรรมและจริยธรรมของประเทศฟินแลนด์ /,"เฮคกีลา-ฮอร์น, มาร์จา-ลีนา; สำนักงานบริหารและพัฒนาองค์ความรู้ (องค์การมหาชน); ศูนย์ส่งเสริมและพัฒนาพลังแผ่นดินเชิงคุณธรรม (ศูนย์คุณธรรม); ศูนย์คุณธรรม",170.94897 ฮ972ค, Unknown Classification,"ศูนย์ส่งเสริมและพัฒนาพลังแผ่นดินเชิงคุณธรรม,",2005,2,https://libswu.on.worldcat.org/oclc/683039638
683047998,บูรณาการข้ามวิชา :การวางแผนและการจัดการเรียนในชั้นเรียน = Interdisciplinary curriculum : design and implementation /,"จิดาภา ฉันทานนท์,; จาคอบส์, ไฮดี เฮยส์,; กรมวิชาการ.",375 บ743, Unknown Classification,"สถาบันการแปลหนังสือ กรมวิชาการ,",2001,1,https://libswu.on.worldcat.org/oclc/683047998
683057893,การพัฒนาทักษะการรับสาร =Perception Skills Improvement /,ธัญญา สังขพันธานนท์,370.155 ธ461ก, Unknown Classification,"คณะมนุษยศาสตร์และสังคมศาสตร์มหหาวิทยาลัยมหาสารคาม,",2005,0,https://libswu.on.worldcat.org/oclc/683057893
683059235,การพัฒนาหลักสูตร :ตามแนวปฎิรูปการศึกษา = Curriculum development : education forum /,รุจิร์ ภู่สาระ.,375.001 ร659ก, Unknown Classification,"บุ๊ค พอยท์,",2002,0,https://libswu.on.worldcat.org/oclc/683059235
683070487,จิตวิทยาสร้างสรรค์การเรียนการสอน /,อารี พันธ์มณี,370.15 อ658จ1, Unknown Classification,"ใยไหม,",2003,2,https://libswu.on.worldcat.org/oclc/683070487
683076499,เทคนิคการวิจัยทางการศึกษา /,ล้วน สายยศ; อังคณา สายยศ,370.78 ล147ท 2538, Unknown Classification,"สุวีริยาสาส์น,",1995,2,https://libswu.on.worldcat.org/oclc/683076499
683081824,สอนศิษย์ให้คิดเก่ง =Teaching thinking /,"เดอ โบโน, เอ็ดเวิร์ด,; ทวี ลักษมีวัฒนา,; กานต์สุดา มาฆะศิรานนท์,",370.152 บ919ส, Unknown Classification,"เอ็กซเปอร์เน็ท,",2007,0,https://libswu.on.worldcat.org/oclc/683081824
683085174,การจัดการศึกษาไทยตามแผนการศึกษาแห่งชาติ :อดีต-ปัจจุบัน /,กระทรวงศึกษาธิการ.,370.9593 ก446, Unknown Classification,"กระทรวง,",1987,0,https://libswu.on.worldcat.org/oclc/683085174
683098784,การวิจัยปฏิบัติการในชั้นเรียน =Classroom action research/,สุวิมล ว่องวาณิช,370.78 ส882ก 2546, Unknown Classification,"สำนักพิมพ์แห่งจุฬาลงกรณ์มหาวิทยาลัย,",2003,0,https://libswu.on.worldcat.org/oclc/683098784
683098784,การวิจัยปฏิบัติการในชั้นเรียน =Classroom action research/,สุวิมล ว่องวาณิช,370.78 ส882ก 2547, Unknown Classification,"สำนักพิมพ์แห่งจุฬาลงกรณ์มหาวิทยาลัย,",2003,0,https://libswu.on.worldcat.org/oclc/683098784
683098784,การวิจัยปฏิบัติการในชั้นเรียน =Classroom action research/,สุวิมล ว่องวาณิช,370.78 ส882ก 2552, Unknown Classification,"สำนักพิมพ์แห่งจุฬาลงกรณ์มหาวิทยาลัย,",2003,0,https://libswu.on.worldcat.org/oclc/683098784
683103325,การให้การศึกษาเพื่อสร้างอัตลักษณ์ =Educating for character : how our schools can teach respect and responsibility /,"ลิคโคนา, โธมัส; สวัสดิ์ ประทุมราช,; สำนักงานคณะกรรมการวิจัยแห่งชาติ",370.115 ล411ก, Unknown Classification,โครงการวิจัยแม่บท : การวิจัยและพัฒนาระบบพฤติกรรมไทย กองส่งเสริมการวิจ,2002,1,https://libswu.on.worldcat.org/oclc/683103325
683114849,จิตวิทยาการศึกษา =Education psychology /,ปรียาพร วงศ์อนุตรโรจน์,370.15 ป474จ 2546, Unknown Classification,"ศูนย์สื่อเสริมกรุงเทพฯ,",2003,0,https://libswu.on.worldcat.org/oclc/683114849
683119214,วัฒนธรรมแห่งการเรียนรู้ของคนไทย :รวมบทความนำเสนอในการประชุมวิชาการประจำปี 2545 /,"การประชุมวิชาการประจำปีเรื่องวัฒนธรรมแห่งการเรียนรู้ของคนไทย; ดิเรก ปัทมสิริวัฒน์,; พัชรินทร์ สิรสุนทร,; มหาวิทยาลัยนเรศวร.",306.09593 ว394, Unknown Classification,"มหาวิทยาลัย,",2002,1,https://libswu.on.worldcat.org/oclc/683119214
683158981,การพัฒนาหลักสูตร =Curriculum development /,ชวลิต ชูกำแพง; มหาวิทยาลัยมหาสารคาม,375.001 ช281ก, Unknown Classification,"มหาวิทยาลัยมหาสารคาม,",2008,1,https://libswu.on.worldcat.org/oclc/683158981
683165681,"การชักนำให้เกิดการกลายพันธุ์ในไม้น้ำอนูเบียสใบกว้างโดยการฉายรังสีแกมม่า :Induced mutation in aquatic plant Anubias barteri var. barteri""broad leaf"" by gamma irradiation /",สุจิตรา เพชรคง; สถาบันวิจัยและพัฒนาพันธุกรรมสัตว์น้ำ,581.76 ก446, Unknown Classification,"สถาบันวิจัยและพัฒนาพันธุกรรมสัตว์น้ำ กรมประมง กระทรวงเกษตรและสหกรณ์,",2008,0,https://libswu.on.worldcat.org/oclc/683165681
683169028,การคิดวิเคราะห์ คิดอย่างมีวิจารณญาณและคิดสร้างสรรค์ /,วีระ สุดสังข์,370.152 ว842ก, Unknown Classification,"ชมรมเด็ก,",2007,1,https://libswu.on.worldcat.org/oclc/683169028
683174318,ความลับของสมอง :เรียนอย่างไรให้สมองมีความสุข = Nou wo ikasu benkyou-hou /,"โมงิ, เคนอิจิโร; บัณฑิต โรจน์อารยานนท์,; สมาคมส่งเสริมเทคโนโลยี (ไทย-ญี่ปุ่น)",370.1523 ม913ค, Unknown Classification,"สมาคมส่งเสริมเทคโนโลยี (ไทย-ญี่ปุ่น),",2009,0,https://libswu.on.worldcat.org/oclc/683174318
753198051,เรียนรู้ด้วยใจอย่างใคร่ครวญ :การศึกษาดั่งเส้นทางแสวงหาทางจิตวิญญาณ /,วิจักขณ์ พานิช,370.1523 ว513ร, Unknown Classification,"สวนเงินมีมา,",2007,2,https://libswu.on.worldcat.org/oclc/753198051
773428694,จิตวิทยาการปกครองชั้นเรียน /,"สมพร สุทัศนีย์,",370.15 ส265จ 2541, Unknown Classification,"สำนักพิมพ์แห่งจุฬาลงกรณ์มหาวิทยาลัย,",1998,1,https://libswu.on.worldcat.org/oclc/773428694
773437073,การทำวิจัยทางการศึกษา /,รวีวรรณ ชินะตระกูล,370.78 ร169ก, Unknown Classification,"บริษัท ที.พี. พริ้นติ้ง จำกัด,",1999,0,https://libswu.on.worldcat.org/oclc/773437073
773448123,การจัดการเครือข่าย :กลยุทธ์สำคัญสู่ความสำเร็จของการปฏิรูปการศึกษา /,เกรียงศักดิ์ เจริญวงศ์ศักดิ์.; สพิศ ́รุ่งเรืองวรทัศ.; ลดาวัลย์ ศาสตร์สกุล.; บุญเรือง ตังคะกาญจน์.,370.1 ก768ก, Unknown Classification,"บริษัท ซัคเซส มีเดีย จำกัด,",2000,1,https://libswu.on.worldcat.org/oclc/773448123
858482040,รายงานการสังเคราะห์งานวิจัยทางการศึกษาของบุคลากร กรมการฝึกหัดครู /,กฤชดา กรุดทอง.,370.78 ร451(15), Unknown Classification,"กรมการฝึกหัดครู กระทรวงศึกษาธิการ,",1992,0,https://libswu.on.worldcat.org/oclc/858482040
858482641,เอมิลศิษย์รุสโซ /,"รุสโซ่, จัง จ๊ากส์,; สุนทร โคตรบรรเทา,",370.1 ร699อ, Unknown Classification,"องค์การค้าของคุรุสภา,",1991,0,https://libswu.on.worldcat.org/oclc/858482641
860001310,ครูในสหัสวรรษใหม่ /,สุรศักดิ์ หลาบมาลา; สำนักงานโครงการพิเศษเพื่อการปฏิรูปการฝึกหัดครู พัฒนาครูและบุคลากรทางการศึกษา,370.71 ค167, Unknown Classification,สำนักงานโครงการพิเศษเพื่อการปฏิรูปการฝึกหัดครู พัฒนาครูและบุคลากรทา,1998,0,https://libswu.on.worldcat.org/oclc/860001310
860042340,หลักการพื้นฐานของหลักสูตรและการสอน /,"ไทเลอร์, ราล์ฟ ดับเบิลยู",370.1 ท973ห, Unknown Classification,"กรมวิชาการ กระทรวงศึกษาธิการ,",1991,3,https://libswu.on.worldcat.org/oclc/860042340
860079587,การวิจัยในชั้นเรียน /,วันทิพย์ สินสูงสุด,370.78 ว433ก, Unknown Classification,"ช้างศึกษาวิจัย,",2006,0,https://libswu.on.worldcat.org/oclc/860079587
860104794,การจัดการเรียนรู้โดยให้ผู้เรียนแสวงหาและค้นพบความรู้ด้วยตนเอง /,พจนา ทรัพย์สมาน,370.1529 พ172ก, Unknown Classification,"จุฬาลงกรณ์มหาวิทยาลัย,",2006,1,https://libswu.on.worldcat.org/oclc/860104794
860143588,เกมและกิจกรรมเพื่อพัฒนาพหุปัญญา (Ml) และลักษณะนิสัยที่ดี /,"บีเชเนอร์, ลินเน; พิคเก็ต, อโนลา",370.1523 บ352ก3, Unknown Classification,"เบรนเน็ท,",2007,0,https://libswu.on.worldcat.org/oclc/860143588
860164886,รากแก้วการศึกษา /,สาโรช บัวศรี,370 ส684ร, Unknown Classification,"ศูนย์สำนักพิมพ์มหาวิทยาลัยศรีนครินทรวิโรฒ,",2009,0,https://libswu.on.worldcat.org/oclc/860164886
860164886,รากแก้วการศึกษา /,สาโรช บัวศรี,มศว/14 ส684 2552, Unknown Classification,"ศูนย์สำนักพิมพ์มหาวิทยาลัยศรีนครินทรวิโรฒ,",2009,0,https://libswu.on.worldcat.org/oclc/860164886
860168634,เทคนิคการอ่านภาษาอังกฤษเพื่อความเข้าใจ /,สมุทร เซ็นเชาวนิช,428.4 ส839ท, Unknown Classification,"สำนักพิมพ์มหาวิทยาลัยธรรมศาสตร์,",2008,1,https://libswu.on.worldcat.org/oclc/860168634
860738746,ไขเคล็ดลับ เรียนดี เรียนเก่ง พิชิตเกรด A /,เปียร์ ศรีมาตย์,370.1523 ป799ข, Unknown Classification,"ไทยควอลิตี้บุ๊คส์(2006),",2012,0,https://libswu.on.worldcat.org/oclc/860738746
860768489,การพัฒนาการคิดของครูด้วยกิจกรรมทักษะกระบวนการทางวิทยาศาสตร์ /,วรรณทิพา รอดแรงค้า; พิมพันธ์ เดชะคุปต์,507 ว247ก3, Unknown Classification,"สถาบันพัฒนาคุณภาพวิชาการ,",1999,1,https://libswu.on.worldcat.org/oclc/860768489
860768578,เทคนิควิธีการเขียนหลักสูตร /,สำลี รักสุทธี,375 ส713ท, Unknown Classification,"พัฒนาศึกษา,",2001,1,https://libswu.on.worldcat.org/oclc/860768578
860775323,กระบวนการจัดทำหลักสูตรสถานศึกษา :แนวคิดสู่ปฏิบัติ /,เอกรินทร์ สี่มหาศาล,375 อ881ก, Unknown Classification,"บุ๊ค พอยท์,",2002,1,https://libswu.on.worldcat.org/oclc/860775323
860775831,หลักสูตรมาตรฐานแห่งชาติ...สู่ชั้นเรียน /,"แฮร์ริส, ดักลาส อี; รุ่งนภา นุตราวงศ์; กรมวิชาการ.",375 ฮ864ห, Unknown Classification,"สถาบันการแปลหนังสือ กรมวิชาการ,",2002,1,https://libswu.on.worldcat.org/oclc/860775831
860776304,เริ่มต้นง่าย ๆ กับวิจัยในชั้นเรียน /,ศรีอัมพร ประทุมนันท์,370.78 ศ281ร, Unknown Classification,"มูลนิธิสดศรี-สฤษดิ์วงศ์,",2001,0,https://libswu.on.worldcat.org/oclc/860776304
860776321,ชีวิต ความจริง การเรียนการสอน /,ชาตรี สำราญ; มูลนิธิสดศรี-สฤษดิ์วงศ์,371.3 ช514ช, Unknown Classification,"มูลนิธิสดศรี-สฤษดิ์วงศ์,",2001,0,https://libswu.on.worldcat.org/oclc/860776321
860784456,การเรียนรู้เพื่อชีวิต การเรียนรู้ตลอดชีวิต /,คณะกรรมการการศึกษาแห่งเขตบริหารพิเศษฮ่องกง สาธารณรัฐประชาชนจีน; สำนักงานคณะกรรมการการศึกษาแห่งชาติ.,370.1523 จ552ก, Unknown Classification,"กลุ่มงานรายงานการศึกษา สำนักงานคณะกรรมการการศึกษาแห่งชาติ,",2002,2,https://libswu.on.worldcat.org/oclc/860784456
860790484,การศึกษาเพื่อความเป็นไท /,"เคิล, อดัม.; วิศิษฐ์ วังวิญญู.",370.112 ค839ก 2546, Unknown Classification,"มูลนิธิเด็ก,",2003,0,https://libswu.on.worldcat.org/oclc/860790484
860799915,หลักสูตรการศึกษา /,ประสาท เนืองเฉลิม; มหาวิทยาลัยมหาสารคาม.,375 ป396ห, Unknown Classification,"ภาควิชาหลักสูตรและการสอน คณะศึกษาศาสตร์ มหาวิทยาลัยมหาสารคาม,",2010,1,https://libswu.on.worldcat.org/oclc/860799915
860800036,สัมมนา /,ผล ยาวิชัย,658.456 ผ191ส, Unknown Classification,"โอเดียนสโตร์,",2010,0,https://libswu.on.worldcat.org/oclc/860800036
860800106,การศึกษาตลอดชีวิตและการพัฒนาชุมชน /,จินตนา สุจจานันท์,374 จ483ก, Unknown Classification,"โอเดียนสโตร์,",2011,1,https://libswu.on.worldcat.org/oclc/860800106
860801998,Basic portrait /,ชัยณรงค์ แก้วเกิด,375 ว542ก 2551, Unknown Classification,"ไอดีซีฯ,",2010,1,https://libswu.on.worldcat.org/oclc/860801998
860802187,การพัฒนาหลักสูตรและการนำไปใช้ /,สุนทร โคตรบรรเทา,375.001 ส788ก, Unknown Classification,"ปัญญาชน,",2010,3,https://libswu.on.worldcat.org/oclc/860802187
880654426,รามคำแหง.,"สุจิตต์ วงษ์เทศ,",370.152 ช149ก, Unknown Classification,"การเวก,",1977,0,https://libswu.on.worldcat.org/oclc/880654426
880712931,แนวความคิดใหม่ทางการศึกษา.,"วิทยากร เชียงกูล,",370.11 ว234น, Unknown Classification,"ปุถุชน,",1975,0,https://libswu.on.worldcat.org/oclc/880712931
880737567,ความพร้อมในการเรียนรู้โดยการชี้นำตนเองและค่านิยมที่มีต่อองค์ประกอบของการเรียนการสอนของศึกษาธิการจังหวัด =Value upon the elements of teaching-learning process and the self-directed readiness perceived by the provincial education heads /,ชัยฤทธิ์ โพธิสุวรรณ.,370.1523 ช426ค, Unknown Classification,สาขาวิชาการศึกษาผู้ใหญ่ ภาควิชาอาชีวศึกษา คณะศึกษาศาสตร์ มหาวิทยาลัย,2003,2,https://libswu.on.worldcat.org/oclc/880737567
880798370,การคิด /,อรพรรณ พรสีมา.,370.157 อ332ก, Unknown Classification,"สถาบันพัฒนาทักษะการคิด,",2000,0,https://libswu.on.worldcat.org/oclc/880798370
882151569,การปรับเทียบคะแนนระหว่างแบบสอบ = Test Equating /,ศิริชัย กาญจนวาสี; จุฬาลงกรณ์มหาวิทยาลัย.,371.26 ศ452ก, Unknown Classification,"ศูนย์ตำราและเอกสารทางวิชาการ คณะครุศาสตร์ จุฬาลงกรณ์มหาวิทยาลัย,",1998,0,https://libswu.on.worldcat.org/oclc/882151569
882201635,จากหลักสูตรแกนกลางสู่หลักสูตรสถานศึกษา : กระบวนทัศน์ใหม่การพัฒนา /,"วิชัย วงษ์ใหญ่; มารุต พัฒผล,; มหาวิทยาลัยศรีนครินทรวิโรฒ.",375.001 ว542จ, Unknown Classification,"บัณฑิตวิทยาลัย มหาวิทยาลัยศรีนครินทรวิโรฒ,",2009,1,https://libswu.on.worldcat.org/oclc/882201635
882215027,การศึกษาสภาพแวดล้อมของโรงเรียน และวัฒนธรรมโรงเรียนที่ส่งผลต่อภาวะผู้นำวิสัยทัศน์ของผู้บริหารโรงเรียน ในโรงเรียนที่ตั้งอยู่ในเขตพื้นที่ภัยพิบัติสึนามิ = The Study of schools environment and school culture affecting visionary leadership of school administrators in the Tsunami Area school :รายงานการวิจัย /,"สมชาย เทพแสง; อภิธีร์ ทรงบัณฑิตย์,; สรภัคสรณ์ ฉัตรกมลทัศน์,; มหาวิทยาลัยศรีนครินทรวิโรฒ.",370.158 ส239ก, Unknown Classification,"ภาควิชาการบริหารการศึกษา คณะศึกษาศาสตร์ มหาวิทยาลัยศรีนครินทรวิโรฒ,",2010,0,https://libswu.on.worldcat.org/oclc/882215027
882220135,หลักสูตรการศึกษา /,ประสาท เนืองเฉลิม,375 ป396ห 2554, Unknown Classification,"สำนักพิมพ์มหาวิทยาลัยมหาสารคาม,",2011,0,https://libswu.on.worldcat.org/oclc/882220135
882251361,จิตวิทยาการศึกษา /,สุรางค์ โค้วตระกูล,370.15 ส858จ 2554, Unknown Classification,"สำนักพิมพ์แห่งจุฬาลงกรณ์มหาวิทยาลัย,",2011,1,https://libswu.on.worldcat.org/oclc/882251361
882252098,การพัฒนาหลักสูตร = Curriculum development /,บุญเลี้ยง ทุมทอง,375.001 บ565ก, Unknown Classification,"สำนักพิมพ์แห่งจุฬาลงกรณ์มหาวิทยาลัย,",2011,1,https://libswu.on.worldcat.org/oclc/882252098
882256067,"รายงาน ""การสังเคราะห์รูปแบบการจัดกระบวนการเรียนรู้ของครูต้นแบบ"" (ตามพระราชบัญญัติการศึกษาแห่งชาติ พ.ศ.2542) /",สำนักงานเลขาธิการสภาการศึกษา,370.1523 ส691ร, Unknown Classification,"สำนักงาน,",2004,3,https://libswu.on.worldcat.org/oclc/882256067
882257761,วิถีสร้างการเรียนรู้เพื่อศิษย์ ในศตวรรษที่ 21 /,วิจารณ์ พานิช; มูลนิธิสดศรี-สฤษดิ์วงศ์,370.1523 ว519ว 2555, Unknown Classification,"มูลนิธิสดศรี-สฤษดิ์วงศ์,",2012,0,https://libswu.on.worldcat.org/oclc/882257761
882261815,การพัฒนาหลักสูตรและการวิจัยเกี่ยวกับหลักสูตร /,บุญชม ศรีสะอาด,375 บ422ก, Unknown Classification,"สุวีริยาสาส์น,",2003,1,https://libswu.on.worldcat.org/oclc/882261815
882265078,การพัฒนาหลักสูตร : ตามแนวปฏิรูปการศึกษา = Curriculum development : education reform /,รุจิร์ ภู่สาระ,375.001 ร659ก 2546, Unknown Classification,"บุ๊ค พอยท์,",2003,1,https://libswu.on.worldcat.org/oclc/882265078
882267575,การบริหารหลักสูตร = Curriculum administration /,นิตยา เปลื้องนุช,375.001 น577ก 2555, Unknown Classification,"มหาวิทยาลัยขอนแก่น,",2012,0,https://libswu.on.worldcat.org/oclc/882267575
882416336,ทักษะการอ่าน คิดวิเคราะห์ และเขียน ตามหลักสูตรการศึกษาขั้นพื้นฐาน พุทธศักราช 2544 :แนวคิดการพัฒนาทักษะ รูปแบบการพัฒนาทักษะและการประเมินทักษะความสามารถของผู้เรียนทางการอ่าน คิดวิเคราะห์ และเขียน /,สุวัฒน์ วิวัฒนานนท์,370.1523 ท337, Unknown Classification,"ซี.ซี. นอลลิดจ์ลิงคส์,",2007,0,https://libswu.on.worldcat.org/oclc/882416336
903639186,อย่าเรียนหนังสือคนเดียว /,ประเสริฐ ผลิตผลการพิมพ์,370.1 ป421อ 2557, Unknown Classification,"มูลนิธิสดศรี-สฤษดิ์วงศ์ (มสส.),",2014,0,https://libswu.on.worldcat.org/oclc/903639186
914366233,การศึกษาพิเศษ :การจัดการศึกษาแบบเรียนร่วม /,สถาบันราชภัฏสวนดุสิต.,371.9 ก522, Unknown Classification,"ภาควิชา,",1994,0,https://libswu.on.worldcat.org/oclc/914366233
921149440,การสอนกระบวนการคิด :ทฤษฎีและการนำไปใช้ /,ชนาธิป พรกุล,370.152 ช149ก 2557, Unknown Classification,"สำนักพิมพ์แห่งจุฬาลงกรณ์มหาวิทยาลัย,",2014,0,https://libswu.on.worldcat.org/oclc/921149440
921334064,หลักการจัดสัมมนาการศึกษา /,สุทธนู ศรีไสย์; จุฬาลงกรณ์มหาวิทยาลัย.,378.177 ส771ห 2551, Unknown Classification,"คณะครุศาสตร์ จุฬาลงกรณ์มหาวิทยาลัย,",2008,0,https://libswu.on.worldcat.org/oclc/921334064
932152354,ชุดฝึกอบรมด้วยตนเองเรื่อง การวิจัยในชั้นเรียน /,กรมสามัญศึกษา.,370.784 ก169ช, Unknown Classification,"กรม,",1997,0,https://libswu.on.worldcat.org/oclc/932152354
932153843,นวัตกรรมหลักสูตรและการเรียนการสอน /,ชาญชัย อาจินสมาจาร,375 ช486น, Unknown Classification,"โอเดียนสโตร์,",1994,1,https://libswu.on.worldcat.org/oclc/932153843
934596550,คู่มือการจัดการความรู้ในองค์กรการศึกษา /,กุญชรี ค้าขาย.; ทัศนีย์ ไพฑูรย์พงษ์.; อุษา ชูชาติ.; สำนักงานเลขาธิการสภาการศึกษา.,371.2 ก711ค, Unknown Classification,สำนักนโยบายด้านประสิทธิภาพการบริหารจัดการและการมีส่วนร่วม สำนักงานเ,2010,1,https://libswu.on.worldcat.org/oclc/934596550
937403177,กระบวนการพัฒนาหลักสูตรและการเรียนการสอน ภาคปฏิบัติ /,วิชัย วงษ์ใหญ่,375 ว542ก, Unknown Classification,"สุวีริยาสาส์น,",1994,1,https://libswu.on.worldcat.org/oclc/937403177
953604632,การวิจัยทางการศึกษา /,ไพศาล วรคำ,370.72 พ997ก 2559, Unknown Classification,"ตักสิลาการพิมพ์,",2016,1,https://libswu.on.worldcat.org/oclc/953604632
953604681,การวิจัยทางการศึกษา /,สรชัย พิศาลบุตร,370.78 ส848ก 2559, Unknown Classification,"วิทยพัฒน์,",2016,1,https://libswu.on.worldcat.org/oclc/953604681
964690123,เทคนิคการวิจัยเพื่อพัฒนาการเรียนรู้ /,พิชิต ฤทธิ์จรูญ,370.1 ฟ624ก 2559, Unknown Classification,"สำนักพิมพ์แห่งจุฬาลงกรณ์มหาวิทยาลัย,",2016,4,https://libswu.on.worldcat.org/oclc/964690123
964690123,เทคนิคการวิจัยเพื่อพัฒนาการเรียนรู้ /,พิชิต ฤทธิ์จรูญ,370.78 พ647ท 2559, Unknown Classification,"สำนักพิมพ์แห่งจุฬาลงกรณ์มหาวิทยาลัย,",2016,4,https://libswu.on.worldcat.org/oclc/964690123
973202414,เจ้าชายขี่ม้าขาว เจ้าสาวกลัวฝน /,ร่มแก้ว,153.42 ท199ก 2559, Unknown Classification,"พิมพ์คำสำนักพิมพ์,",2016,1,https://libswu.on.worldcat.org/oclc/973202414
980861079,การวิจัยและพัฒนาหลักสูตร :แนวคิดและกระบวนการ /,ชวลิต ชูกำแพง,375.001 ช281ก2 2559, Unknown Classification,"สำนักพิมพ์แห่งจุฬาลงกรณ์มหาวิทยาลัย,",2016,2,https://libswu.on.worldcat.org/oclc/980861079
992249087,การพัฒนาหลักสูตร :หลักการและแนวปฏิบัติ,ใจทิพย์ เชื้อรัตนพงษ์.; จุฬาลงกรณ์มหาวิทยาลัย.,375 จ931ก, Unknown Classification,"ภาควิชาบริหารการศึกษา คณะครุศาสตร์ จุฬาลงกรณ์มหาวิทยาลัย,",1996,2,https://libswu.on.worldcat.org/oclc/992249087
992260025,รายงานการวิจัยเอกสารการจัดการเรียนรู้เพื่อพัฒนาผู้เรียนให้เป็นพลเมืองดี /,ศักดิ์ชัย นิรัญทวี.; กระทรวงศึกษาธิการ.,371.3 ศ324ก, Unknown Classification,"สำนักงานเลขาธิการสภาการศึกษา,",2005,0,https://libswu.on.worldcat.org/oclc/992260025
992282055,เสรีภาพไม่ใช่การตามใจ =Freedom not license /,"นีล, เอ.เอส.",370.1 น718ส, Unknown Classification,"มูลนิธิเด็ก,",1993,0,https://libswu.on.worldcat.org/oclc/992282055
992291599,พหุปัญญาในห้องเรียน :วิธีการสอนเพื่อพัฒนาปัญญาหลายด้าน = Multiple intelligence in the classroom,"อาร์มสตรอง, โธมัส.; อารี สัณหฉวี.",370.152 อ649พ, Unknown Classification,"ศูนย์พัฒนาหนังสือ กรมวิชาการ,",2000,1,https://libswu.on.worldcat.org/oclc/992291599
992393145,แผนการสอนที่เน้นผู้เรียนเป็นศูนย์กลาง,วัฒนาพร ระงับทุกข์.,371.3028 ว399ผ, Unknown Classification,"แอล ที เพรส,",1999,1,https://libswu.on.worldcat.org/oclc/992393145
992396007,การประยุกต์จิตวิทยาเพื่อการเรียนรู้.,มาลี จุฑา.,370.1523 ม511ก, Unknown Classification,"อักษราพิพัฒน์,",2001,1,https://libswu.on.worldcat.org/oclc/992396007
994199193,ระเบียบวิธีวิจัยทางหลักสูตรและการสอน /,บุญเลี้ยง ทุมทอง,370.7 บ565ร 2559  ร.2, Unknown Classification,"ทริปเพิ้ล เอ็ดดูเคชั่น,",2016,0,https://libswu.on.worldcat.org/oclc/994199193
1001847376,การสร้างเครื่องมือการวิจัยทางการศึกษา /,ณัฏฐภรณ์ หลาวทอง.,370.72 ณ311ก 2559, Unknown Classification,"สำนักพิมพ์แห่งจุฬาลงกรณ์มหาวิทยาลัย,",2016,0,https://libswu.on.worldcat.org/oclc/1001847376
1001930591,การสร้างการเรียนรู้สู่ศตวรรษที่ 21 /,วิจารณ์ พานิช.; มูลนิธิสยามกัมมาจล,370.1523 ว519ก 2557, Unknown Classification,"มูลนิธิสยามกัมมาจล,",2014,0,https://libswu.on.worldcat.org/oclc/1001930591
1039213363,แนวคิดและแนวทาง :การประเมินหลักสูตร /,สุรวีร์ เพียรเพชรเลิศ.,375.006 ส853น 2561, Unknown Classification,"ส. เพียรเพชรเลิศ,",2018,0,https://libswu.on.worldcat.org/oclc/1039213363
1039273802,การเรียนรู้เชิงรุกแบบรวมพลังกับ PLC เพื่อการพัฒนา /,พิมพันธ์ เดชะคุปต์.; พเยาว์ ยินดีสุข.,370.1523 พ721ก4 2561, Unknown Classification,"พ. เดชะคุปต์,",2018,2,https://libswu.on.worldcat.org/oclc/1039273802
1039291023,แผนการสอนจิตศึกษาเพื่อพัฒนาปัญญาภายใน /,พรรณทิพย์พา ทองมี.,370.15 ผ931 2560, Unknown Classification,"โรงเรียนลำปลายมาศพัฒนา,",2017,2,https://libswu.on.worldcat.org/oclc/1039291023
1465466093,การศึกษาชุมชน /,วิริยา สุขวงศ์.,370.193 ว694ก, Unknown Classification,"ภาควิชาสุขศึกษา มหาวิทยาลัยศรีนครินทรวิโรฒ ประสานมิตร,",1997,0,https://libswu.on.worldcat.org/oclc/1465466093
1465471957,ทฤษฎีหลักสูตร :การออกแบบและพัฒนา /,ธำรง บัวศรี.,375 ธ551ก, Unknown Classification,"[ม.ป.พ.],",1989,0,https://libswu.on.worldcat.org/oclc/1465471957
1465474296,การจัดการเรียนรู้เพื่อการเปลี่ยนแปลง /,ชัยวัฒน์ สุทธิรัตน์.,370.1523 ช432ก2 2564, Unknown Classification,"ศูนย์หนังสือจุฬาลงกรณ์มหาวิทยาลัย [ผู้จัดจำหน่าย],",2021,1,https://libswu.on.worldcat.org/oclc/1465474296
1465475045,การพัฒนาหลักสูตร :ทฤษฎีสู่การปฏิบัติ /,ชัยวัฒน์ สุทธิรัตน์.,375.001 ช432ก 2556, Unknown Classification,"ศูนย์หนังสือจุฬาลงกรณ์มหาวิทยาลัย [ผู้จัดจำหน่าย],",2013,6,https://libswu.on.worldcat.org/oclc/1465475045
1465476008,ครูเพื่อศิษย์สร้างห้องเรียนกลับทาง /,วิจารณ์ พานิช.,370.1 ว519ค 2557, Unknown Classification,"มูลนิธิสยามกัมมาจล,",2014,0,https://libswu.on.worldcat.org/oclc/1465476008
1465476212,วิทยาการการจัดการเรียนรู้ /,สิรินาถ จงกลกลาง.; มหาวิทยาลัยราชภัฏนครราชสีมา.,370.1523 ส731ว 2560, Unknown Classification,"มหาวิทยาลัยราชภัฏนครราชสีมา,",2017,2,https://libswu.on.worldcat.org/oclc/1465476212
1465476710,ปฏิบัติการวิจัยในชั้นเรียน ครูทุกคนทำได้ไม่ยาก /,พิชิต ฤทธิ์จรูญ.,370.78 พ647ป 2557, Unknown Classification,"ศูนย์หนังสือจุฬาลงกรณ์มหาวิทยาลัย [ผู้จัดจำหน่าย],",2014,1,https://libswu.on.worldcat.org/oclc/1465476710
1465479842,การจัดกิจกรรมการเรียนรู้ที่เน้นการคิด /,สุวิทย์ มูลคำ.,370.152 ก446, Unknown Classification,"อี เค บุ๊คส์,",2011,2,https://libswu.on.worldcat.org/oclc/1465479842
1465484778,การบริหารจัดการเรียนรู้ =Learning management /,ณิรดา เวชญาลักษณ์.,370.1523 ณ449ก 2564, Unknown Classification,"คณะครุศาสตร์ มหาวิทยาลัยราชภัฎพิบูลสงคราม (ส่วนวังจันทน์),",2021,0,https://libswu.on.worldcat.org/oclc/1465484778
1465485998,พัฒนศึกษาศาสตร์ :ประมวลบทความซึ่งเน้นการประยุกต์เพื่อพัฒนาประเทศ /,มหาวิทยาลัยศรีนครินทรวิโรฒ.,370.19 พ213, Unknown Classification,"มหาวิทยาลัย,",1984,1,https://libswu.on.worldcat.org/oclc/1465485998
1465489323,"หนังสือชุด "" 60 วิธีจัดการเรียนรู้ "" /",สุวิทย์ มูลคำ.; อรทัย มูลคำ.,370.11 ส881ห, Unknown Classification,"ดวงกมลสมัย [ผู้จัดจำหน่าย],",2002,0,https://libswu.on.worldcat.org/oclc/1465489323
1465489323,"หนังสือชุด "" 60 วิธีจัดการเรียนรู้ "" /",สุวิทย์ มูลคำ.; อรทัย มูลคำ.,370.11 ส881ห 2545, Unknown Classification,"ดวงกมลสมัย [ผู้จัดจำหน่าย],",2002,0,https://libswu.on.worldcat.org/oclc/1465489323
1465489323,"หนังสือชุด "" 60 วิธีจัดการเรียนรู้ "" /",สุวิทย์ มูลคำ.; อรทัย มูลคำ.,370.11 ส881ห 2553, Unknown Classification,"ดวงกมลสมัย [ผู้จัดจำหน่าย],",2002,0,https://libswu.on.worldcat.org/oclc/1465489323
1465489323,"หนังสือชุด "" 60 วิธีจัดการเรียนรู้ "" /",สุวิทย์ มูลคำ.; อรทัย มูลคำ.,370.11 ส881ห 2558, Unknown Classification,"ดวงกมลสมัย [ผู้จัดจำหน่าย],",2002,0,https://libswu.on.worldcat.org/oclc/1465489323
1465492181,การพัฒนาหลักสูตรจากแนวคิดสู่การปฏิบัติ /,ธวัชชัย ชัยจิรฉายากุล.,375 ธ394ก 2529, Unknown Classification,"อักษรบัณฑิต,",1986,1,https://libswu.on.worldcat.org/oclc/1465492181
1465492518,แนวการศึกษาจัดทำหลักสูตรสถานศึกษา :ฉบับครูทำได้ไม่ยากอย่างที่คิด /,สำลี รักสุทธี.,375 น927(1), Unknown Classification,"พ.ศ. พัฒนา,",2002,1,https://libswu.on.worldcat.org/oclc/1465492518
1465494704,เอกสารประกอบการเรียนวิชาการสร้างความสัมพันธ์ระหว่างโรงเรียนกับชุมชน =School and community relations /,สุพิชญา ธีระกุล.,370.1931 ส246อ, Unknown Classification,"ภาควิชาการบริหารการศึกษา มหวิทยาลัยศรีนครินทรวิโรฒ พิษณุโลก,",1979,0,https://libswu.on.worldcat.org/oclc/1465494704
1465496777,สังคมวิทยาการศึกษา =Sociology of education : SO 374 /,ฤดีมน ศรีสุพรรณ.,370.193 ฤ143ส 2555, Unknown Classification,"ภาควิชาสังคมวิทยาและมานุษยวิทยา มหาวิทยาลัยรามคำแหง,",2012,1,https://libswu.on.worldcat.org/oclc/1465496777
1465498735,"การศึกษาสมบัติทางเคมีของสารอนุพันธ์ 4,6-ไดเมทอกซิอินโดล :รายงานการวิจัยฉบับสมบูรณ์ = Chemistry of 4,6-dimethoxyindole derivatives /",ทินกร แก้วอินทร์.,370.15 Tu896E, Unknown Classification,"คณะวิทยาศาสตร์ มหาวิทยาลัยอุบลราชธานี,",2008,0,https://libswu.on.worldcat.org/oclc/1465498735
1465499232,การฝึกหัดครูแบบสมรรถฐาน =Competency-based teacher education /,ชมพันธุ์ กุญชร ณ อยุธยา.,370.7 ช171ก 2530, Unknown Classification,แผนกวิชาการอุดมศึกษาภาควิชาหลักสูตรและการสอน มหาวิทยาลัยศรีนครินทรว,1987,1,https://libswu.on.worldcat.org/oclc/1465499232
1465499603,หลักสูตรและการบริหารงานวิชาการของโรงเรียน /,อุทัย บุญประเสริฐ.,375 อ819ห, Unknown Classification,"ภาควิชาบริหารการศึกษา จุฬาลงกรณ์มหาวิทยาลัย,",1997,1,https://libswu.on.worldcat.org/oclc/1465499603
1465503797,ระเบียบวิธีวิจัยทางหลักสูตรและการสอน =Research methodology in curriculum and instruction /,บุญเลี้ยง ทุมทอง.,370.7 บ565ร 2555, Unknown Classification,"แหลมทอง,",2012,1,https://libswu.on.worldcat.org/oclc/1465503797
1465504741,เทคนิคการพัฒนาหลักสูตรสถานศึกษา /,สมนึก ธาตุทอง.,375 ส253ท, Unknown Classification,"ศูนย์หนังสือจุฬาลงกรณ์มหาวิทยาลัย [ผู้จัดจำหน่าย],",2005,1,https://libswu.on.worldcat.org/oclc/1465504741
1465505660,การสร้างความสัมพันธ์ระหว่างโรงเรียนกับชุมชน /,สุดา ทัพสุวรรณ.,370.1931 ส768ก, Unknown Classification,"โครงการตำราและคำสอน มหาวิทยาลัยศรีนครินทรวิโรฒ พลศึกษา,",1986,0,https://libswu.on.worldcat.org/oclc/1465505660
1465506226,ไปเรียนหนังสือที่เมืองมะกัน /,บลูเบิร์ด.,370.1160973 บ232ป, Unknown Classification,"อทิตตา,",1998,0,https://libswu.on.worldcat.org/oclc/1465506226
1465507685,เรียนรู้สู่ครูมืออาชีพ /,สุวิทย์ มูลคำ.; อรทัย มูลคำ.,370.1523 ส881ร, Unknown Classification,"ดวงกมลสมัย,",2000,1,https://libswu.on.worldcat.org/oclc/1465507685
1465509395,การออกแบบการสอนและบูรณาการ /,ฆนัท ธาตุทอง.,371.39 ฆ219ก, Unknown Classification,"ศูนย์หนังสือจุฬาลงกรณ์มหาวิทยาลัย [ผู้จัดจำหน่าย],",2008,1,https://libswu.on.worldcat.org/oclc/1465509395
1465510443,การวิจัยและพัฒนานวัตกรรมการศึกษา /,รัตนะ บัวสนธ์.,370.7 ร374ก 2562, Unknown Classification,"สำนักพิมพ์จุฬาลงกรณ์มหาวิทยาลัย,",2019,1,https://libswu.on.worldcat.org/oclc/1465510443
1465510465,หลักการวัดและการประเมิน =Principles of measurement and evaluation : MR 603 /,สุรศักดิ์ อมรรัตนศักดิ์.,371.26 ส854ห 2553, Unknown Classification,"ภาควิชาการประเมินและการวิจัย มหาวิทยาลัยรามคำแหง,",2010,0,https://libswu.on.worldcat.org/oclc/1465510465
1465511179,หลักการทำและการเขียนวิทยานิพนธ์และการวิจัย =Principles on conducting and writing thesis and research /,สุนทร โคตรบรรเทา.,808.06 ส788ห 2560, Unknown Classification,"ปัญญาชน,",2017,1,https://libswu.on.worldcat.org/oclc/1465511179
1465512030,การออกแบบหลักสูตรและการเรียนการสอน =Curriculum and instruction design /,ชาญชัย อาจินสมาจาร.,375.001 ช486ก1 2557, Unknown Classification,"สถาบันเพื่อความก้าวหน้าทางวิชาการ,",2014,0,https://libswu.on.worldcat.org/oclc/1465512030
1465513621,สารัตถทางสังคมวิทยาการศึกษา :เอกสารคำสอนวิชา 151513 /,ปราณี โพธิสุข.,370.19 ป446ส, Unknown Classification,"คณะศึกษาศาสตร์ มหาวิทยาลัยเกษตรศาสตร์,",2002,0,https://libswu.on.worldcat.org/oclc/1465513621
1465515579,เล่นให้รู้ =Happy life by learning /,อรรถภูมิ อองกุลนะ.; สำนักงานกองทุนสนับสนุนการสร้างเสริมสุขภาพ.,370.1523 อ358ล 2555, Unknown Classification,สำนักสร้างสรรค์โอกาสและนวัตกรรม (สำนัก 6) สำนักงานกองทุนสนับสนุนการสร้,2012,1,https://libswu.on.worldcat.org/oclc/1465515579
1465515667,มนุษย์เรียนรู้อย่างไร :สมอง จิต ประสบการณ์ โรงเรียน : ฉบับขยายเนื้อหา /,สลา สามิภักดิ์.,370.1523 ม173 2563, Unknown Classification,"มูลนิธิเพื่อการศึกษาประชาธิปไตยและการพัฒนา โครงการจัดพิมพ์คบไฟ,",2020,0,https://libswu.on.worldcat.org/oclc/1465515667
1465516191,การวิจัยเพื่อการเรียนการสอนภาษาไทย =Research studies for Thai language learning and teaching /,ณัฐกิตติ์ สิริวัฒนาทากุล.,370.72 ณ322ก 2560, Unknown Classification,สาขาวิชาการสอนภาษาไทย มหาวิทยาลัยศิลปากร วิทยาเขตพระราชวังสนามจันทร์,2017,0,https://libswu.on.worldcat.org/oclc/1465516191
1465517476,การพัฒนาหลักสูตร :ทฤษฎีสู่การปฏิบัติ /,ชัยวัฒน์ สุทธิรัตน์.,375.001 ช432ก 2564, Unknown Classification,"ศูนย์ฟนังสือจุฬาลงกรณ์มหาวิทยาลัย [ผู้จัดจำหน่าย],",2021,1,https://libswu.on.worldcat.org/oclc/1465517476
1465517547,จิตวิทยาการเรียนการสอน /,วีรพล แสงปัญญา.,370.15 ว831จ 2561, Unknown Classification,"สำนักพิมพ์แห่งจุฬาลงกรณ์มหาวิทยาลัย,",2018,0,https://libswu.on.worldcat.org/oclc/1465517547
1465517680,A mighty heartอะไมตี้ฮาร์ท แด่เธอ--ผู้เป็นรักนิรันดร์ /,"Pitt, Brad.Gardner, Dede.Eaton, Andrew.Orloff, John.Winterbottom, Michael.; Paramount Vantage.",375.001 ส771ก2 2551, Unknown Classification,"Paramount :Pacific Marketing Entertainment [distributor],",2007,0,https://libswu.on.worldcat.org/oclc/1465517680
1465519197,การจัดการเรียนรู้แบบบูรณาการ =Integrated learning management /,อรนุช ลิมตศิริ.,370.1523 อ329ก 2557, Unknown Classification,"ภาควิชาหลักสูตรและการสอน มหาวิทยาลัยรามคำแหง,",2014,0,https://libswu.on.worldcat.org/oclc/1465519197
1465519290,จิตวิทยาสำหรับครู =Psychology for teachers /,จินตนา ณ สงขลา.,370.15 จ482จ 2555, Unknown Classification,"Robert Book,",2012,0,https://libswu.on.worldcat.org/oclc/1465519290
1465520310,การบริหารหลักสูตรสถานศึกษา /,สมเกียรติ อินทสิงห์.,375 ส232ก 2563, Unknown Classification,"สาขาวิชาหลักสูตรและการสอน มหาวิทยาลัยเชียงใหม่,",2020,2,https://libswu.on.worldcat.org/oclc/1465520310
1465521198,การพัฒนารูปแบบการจัดการเรียนรู้เชิงสร้างสรรค์เพื่อส่งเสริมความคิดสร้างสรรค์ผลิตภัณฑ์ของนักเรียนชั้นประถมศึกษาปีที่ 4-6 /,"ยรรยงค์ ณ บางช้าง.; ประพันธ์ศิริ สุเสารัจ.,; รุ่งทิวา แย้มรุ่ง.,",370.1523 ย144ก 2562, Unknown Classification,N/A,2019,1,https://libswu.on.worldcat.org/oclc/1465521198
1465521651,"Active Learning ""สร้างคนดีแก่แผ่นดิน"" /",ครรชิต มนูญผล.,370.1523 ค153อ 2560, Unknown Classification,"อมรินทร์บุ๊คเซ็นเตอร์ [ผู้จัดจำหน่าย],",2017,4,https://libswu.on.worldcat.org/oclc/1465521651
1465522022,กระบวนการเรียนรู้พัฒนาทักษะศตวรรษที่ 21 STEAM design process /,มูลนิธิโรงเรียนสตาร์ฟิชคันทรีโฮม.,370.1523 ก218 2563, Unknown Classification,"มูลนิธิ,",2020,0,https://libswu.on.worldcat.org/oclc/1465522022
1465522241,การวิจัยเพื่อพัฒนาการเรียนการสอน /,สมถวิล วิจิตรวรรณา.,370.78 ก514 2556, Unknown Classification,"ม.ป.พ.],",2013,0,https://libswu.on.worldcat.org/oclc/1465522241
1465523476,Go graphic organizers :พัฒนากระบวนการคิดและทักษการคิด /,ฉัตรียา เลิศวิชา.,370.152 ฉ239ก 2557, Unknown Classification,"ธารปัญญา,",2014,0,https://libswu.on.worldcat.org/oclc/1465523476
1465527029,การศึกษาเพื่อการพัฒนาที่ยั่งยืน =Education for sustainable development /,ชื่นชนก โควินท์.,370 ช592ก 2561, Unknown Classification,"พริกหวานกราฟฟิค,",2018,0,https://libswu.on.worldcat.org/oclc/1465527029
1465528186,การจัดการหลักสูตรและการสอน /,ไพฑูรย์ สินลารัตน์.,375.001 พ976ก, Unknown Classification,"ศูนย์หนังสือแห่งจุฬาลงกรณ์มหาวิทยาลัย [ผู้จัดจำหน่าย],",2011,0,https://libswu.on.worldcat.org/oclc/1465528186
1465528350,[เอกสารประกอบหลักสูตรแกนกลางการศึกษาขั้นพื้นฐาน พุทธศักราช 2551] /,สำนักงานคณะกรรมการการศึกษาขั้นพื้นฐาน.,370.111 อ884(5) 2553, Unknown Classification,"สำนักงาน,",2010,0,https://libswu.on.worldcat.org/oclc/1465528350
1465529149,การฝึกประสบการณ์วิชาชีพครูระหว่างเรียน 1 :เอกสารประกอบการสอนรายวิชา ศษ 291 = ED 291 Practicum in profession of teaching 1 /,เรณูรัชต์ ประสิทธิเกตุ.,370.71 ร765ก 2556, Unknown Classification,"คณะศึกษาศาสตร์ มหาวิทยาลัยศรีนครินทรวิโรฒ,",2013,0,https://libswu.on.worldcat.org/oclc/1465529149
1465529969,การพัฒนาหลักสูตรฉบับฉับไว /,กุลิสรา จิตรชญาวณิช.,375.001 ก728ก 2565, Unknown Classification,"สำนักพิมพ์จุฬาลงกรณ์มหาวิทยาลัย,",2022,1,https://libswu.on.worldcat.org/oclc/1465529969
1465530241,วิธีการวิจัยทางการศึกษา =Research methods in education /,พรรณี ลีกิจวัฒนะ.; สถาบันเทคโนโลยีพระจอมเกล้าเจ้าคุณทหารลาดกระบัง.,370.72 พ273ว 2558, Unknown Classification,ภาควิชาครุศาสตร์อุตสาหกรรม สถาบันเทคโนโลยีพระจอมเกล้าเจ้าคุณทหารลาด,2015,1,https://libswu.on.worldcat.org/oclc/1465530241
1465530334,สังคมศึกษากับการพัฒนาทักษะการคิดขั้นสูง =Social studies and development of higher order thinking skills /,วิภาพรรณ พินลา.; วิภาดา พินลา.,370.157 ว651ส 2563, Unknown Classification,"สำนักพิมพ์มหาวิทยาลัยธรรมศาสตร์,",2020,0,https://libswu.on.worldcat.org/oclc/1465530334
1465530400,เทคนิคการเขียนผลงานเพื่อบูรณาการวิชาการสู่การเรียนการสอน :ประสบการณ์ผู้เขียน /,สิทธิกร ศักดิ์แสง.,808.066 ส721ท 2561, Unknown Classification,"ภีมปริ้นติง แอนด์ ดีไซน์,",2018,0,https://libswu.on.worldcat.org/oclc/1465530400
1465530418,วิทยาการวิจัยทางการศึกษา =Research science in education /,พัลลภ พิริยะสุรวงศ์.,370.72 พ581ว 2563, Unknown Classification,"แม็คเอ็ดดูเคชั่น,",2020,4,https://libswu.on.worldcat.org/oclc/1465530418
1465530527,เรียนแบบนี้แต่แรก ก็เก่งไปนานแล้ว =Learning how to learn /,"โอ๊คลีย์, บาร์บารา.; เซจโนวสกี้, เทอร์เรนซ์.; แมคคอนวิลล์, อลิสแตร์.; ชญานันท์ พูนพานิช.",370.15 อ965ร 2565, Unknown Classification,"บิงโก,",2022,0,https://libswu.on.worldcat.org/oclc/1465530527
1465530597,การพัฒนาหลักสูตร =Curriculum development /,ชาญชัย อาจินสมาจาร.,375.001 ช486ก 2557, Unknown Classification,"สถาบันเพื่อความก้าวหน้าทางวิชาการ,",2014,2,https://libswu.on.worldcat.org/oclc/1465530597
1465531187,การพัฒนาหลักสูตร :จากทฤษฎีสู่การปฏิบัติ /,วารีรัตน์ (ชนกนำชัย) แก้วอุไร.,375.001 ว485ก 2564, Unknown Classification,"สำนักพิมพ์มหาวิทยาลัยนเรศวร,",2021,1,https://libswu.on.worldcat.org/oclc/1465531187
1465531937,การพัฒนาหลักสูตร =Curriculum development /,ชลสิทธิ์ สิทธิ์สูงเนิน.,375.001 ช228ก 2564, Unknown Classification,"โรงพิมพ์มหาวิทยาลัยศิลปากร,",2021,2,https://libswu.on.worldcat.org/oclc/1465531937
1465532086,การวิจัยและพัฒนาทางการศึกษา =Research and development in education /,ทรงศักดิ์ ภูสีอ่อน.,370.72 ท151ก 2561, Unknown Classification,"ทรงศักดิ์ ภูสีอ่อน [ผู้จัดจำหน่าย],",2018,0,https://libswu.on.worldcat.org/oclc/1465532086
1465532173,กระบวนทัศน์พัฒนศึกษา /,ชนิตา รักษ์พลเมือง.,370 ช153ก 2557, Unknown Classification,"วิญญูชน,",2014,1,https://libswu.on.worldcat.org/oclc/1465532173
1465532911,ครูยุคใหม่กับการจัดการเรียนรู้สู่การศึกษา 4.0 /,สุคนธ์ สินธพานนท์.,371.1 ส748ค 2560, Unknown Classification,"ศูนย์หนังสือจุฬาลงกรณ์มหาวิทยาลัย [ผู้จัดจำหน่าย],",2017,1,https://libswu.on.worldcat.org/oclc/1465532911
1465533742,การคิดและการสอนให้ผู้เรียนรู้จักคิด :ความเข้าใจพื้นฐาน /,ไพฑูรย์ สินลารัตน์.,370.152 ก445 2558, Unknown Classification,"วิทยาลัยครุศาสตร์ มหาวิทยาลัยธุรกิจบัณฑิตย์,",2015,1,https://libswu.on.worldcat.org/oclc/1465533742
1465534357,การวิจัยทางการศึกษา :เอกสารประกอบการสอนและแบบฝึกปฏิบัติการ รายวิชา ศษ 471 (ED 471) = Educational research /,อิทธิพัทธ์ สุวทันพรกูล.; มหาวิทยาลัยศรีนครินทรวิโรฒ.,370.72 อ727ก 2561, Unknown Classification,"ภาควิชาการวัดผลและวิจัยการศึกษา มหาวิทยาลัยศรีนครินทรวิโรฒ,",2018,1,https://libswu.on.worldcat.org/oclc/1465534357
1465534903,การออกแบบและพัฒนาหลักสูตร /,ประสาท เนืองเฉลิม.; มหาวิทยาลัยมหาสารคาม.,375 ป396ก 2566, Unknown Classification,"คณะศึกษาศาสตร์ มหาวิทยาลัยมหาสารคาม,",2023,1,https://libswu.on.worldcat.org/oclc/1465534903
1465535267,นวัตกรรมการเรียนการสอน เพื่อพัฒนาทักษะของผู้เรียนในศตวรรษที่ 21 /,สุคนธ์ สินธพานนท์.,371.33 ส748น2 2561, Unknown Classification,"ศูนย์หนังสือจุฬาลงกรณ์มหาวิทยาลัย [ผู้จัดจำหน่าย],",2018,1,https://libswu.on.worldcat.org/oclc/1465535267
1465538092,Flash model :กลยุทธ์ในการพัฒนาการเรียนรู้ของบุคคลที่มีความต้องการพิเศษ = Flash model : strategies for learning development of persons with special needs /,ศรียา นิยมธรรม.,371.9 ศ239ฟ, Unknown Classification,"ไอ.คิว.บุ๊คเซ็นเตอร์,",2012,1,https://libswu.on.worldcat.org/oclc/1465538092
1465538359,การบริหารหลักสูตรสถานศึกษาเพื่อพัฒนาทักษะผู้เรียนในศตวรรษที่ 21 /,ณิรดา เวชญาลักษณ์.,375.001 ณ449ก 2565, Unknown Classification,"สำนักพิมพ์จุฬาลงกรณ์มหาวิทยาลัย,",2022,0,https://libswu.on.worldcat.org/oclc/1465538359
1465540005,การศึกษาไทย /,เจริญ ไวรวัจนกุล.,370 จ723ก, Unknown Classification,"ศูนย์ส่งเสริมวิชาการ,",1989,0,https://libswu.on.worldcat.org/oclc/1465540005
1465542740,ปรัชญาการศึกษาและหลักสูตร /,ชมพูนุท สุขหวาน.,370.1 ช172ป 2561, Unknown Classification,"คณะครุศาสตร์ มหาวิทยาลัยราชภัฏพระนครศรีอยุธยา,",2018,0,https://libswu.on.worldcat.org/oclc/1465542740
1465549036,จิตวิทยาการศึกษา /,สมชาย ธัญธนกุล.,370.15 ส16จ, Unknown Classification,ภาควิชาแนะแนวและจิตวิทยาการศึกษา คณะศึกษาศาสตร์ มหาวิทยาลัยศรีนครินท,1984,1,https://libswu.on.worldcat.org/oclc/1465549036
1465551498,การจัดการเรียนรู้แนวใหม่ :ทฤษฎี แนวปฏิบัติ และผลการวิจัย /,ชัยวัฒน์ สุทธิรัตน์.,370.1523 ช432ก, Unknown Classification,"ศูนย์หนังสือจุฬาลงกรณ์มหาวิทยาลัย [จัดจำหน่าย],",2010,2,https://libswu.on.worldcat.org/oclc/1465551498
1465553056,จิตวิทยาพัฒนาการประยุกต์ทางการศึกษา =Applied developmental psychology in education : PC 193 /,วงพักตร์ ภู่พันธ์ศรี.; ศิรินันท์ ดำรงผล.,370.15 ว117จ 2554, Unknown Classification,"ภาควิชาจิตวิทยา มหาวิทยาลัยรามคำแหง,",2011,1,https://libswu.on.worldcat.org/oclc/1465553056
1465556205,การวิจัยและสถิติทางการศึกษา :ประมวลสาระชุดวิชา 24701 = Educational research and statistics /,มหาวิทยาลัยสุโขทัยธรรมาธิราช.,370.72 ก514 2552, Unknown Classification,"สำนักพิมพ์ มหาวิทยาลัยสุโขทัยธรรมาธิราช,",2008,2,https://libswu.on.worldcat.org/oclc/1465556205
1465556205,การวิจัยและสถิติทางการศึกษา :ประมวลสาระชุดวิชา 24701 = Educational research and statistics /,มหาวิทยาลัยสุโขทัยธรรมาธิราช.,370.72 ก514(41) 2551, Unknown Classification,"สำนักพิมพ์ มหาวิทยาลัยสุโขทัยธรรมาธิราช,",2008,2,https://libswu.on.worldcat.org/oclc/1465556205
1465556331,จิตวิทยาการสื่อสารในชั้นเรียน /,รัญจวน คำวชิรพิทักษ์.,370.15 ร349จ, Unknown Classification,"สำนักพิมพ์มหาวิทยาลัยสุโขทัยธรรมาธิราช,",1995,1,https://libswu.on.worldcat.org/oclc/1465556331
1465556987,การศึกษาสำหรับผู้ถูกกดขี่ =Pedagogy of the oppressed /,"แฟร์, เปาโล.",370.11 ฟ687ก, Unknown Classification,"สหพันธ์นักศึกษาเสรีแห่งประเทศไทย, สารสยาม,",1974,2,https://libswu.on.worldcat.org/oclc/1465556987
1465558937,วิจัยทางการศึกษา /,พิสณุ ฟองศรี.,370.78 พ771ว 2552, Unknown Classification,"ม.ป.พ.],",2009,1,https://libswu.on.worldcat.org/oclc/1465558937
1465558937,วิจัยทางการศึกษา /,พิสณุ ฟองศรี.,370.78 พ771ว 2553, Unknown Classification,"ม.ป.พ.],",2009,1,https://libswu.on.worldcat.org/oclc/1465558937
1465559901,เอกสารการสอนชุดวิชาสถิติ วิจัยและการประเมินผลการศึกษา /,มหาวิทยาลัยสุโขทัยธรรมาธิราช.,370.78 ม246อ 2544, Unknown Classification,"สำนักพิมพ์มหาวิทยาลัยสุโขทัยธรรมาธิราช,",2001,1,https://libswu.on.worldcat.org/oclc/1465559901
1465564059,ภาษาเจ้า ภาษานาย :การเมืองเบื้องหลังการศึกษาภาษาอังกฤษ สมัยรัชกาลที่ 5 /,อาวุธ ธีระเอก.,370.9593 อ668ภ 2560, Unknown Classification,"มติชน,",2017,0,https://libswu.on.worldcat.org/oclc/1465564059
1465565142,การวิจัยทางการศึกษา :แนวคิดและการประยุกต์ใช้ = Educational research : concepts and application /,อิทธิพัทธ์ สุวทันพรกูล.,370.72 อ728ก 2562, Unknown Classification,ภาควิชาการวัดผลและวิจัยการศึกษา คณะศึกษาศาสตร์ มหาวิทยาลัยศรีนครินทร,2019,6,https://libswu.on.worldcat.org/oclc/1465565142
1465566122,ปฏิบัติการวิจัยในชั้นเรียน ครูทุกคนทำได้ไม่ยาก /,พิชิต ฤทธิ์จรูญ.,370.78 พ647ป 2556, Unknown Classification,"ศูนย์หนังสือจุฬาลงกรณ์มหาวิทยาลัย [ผู้จัดจำหน่าย],",2013,0,https://libswu.on.worldcat.org/oclc/1465566122
1465566442,การออกแบบการเรียนรู้ :แนวคิดและกระบวนการ = Learning design : concept and process /,ดนุลดา จามจุรี.; มหาวิทยาลัยศรีนครินทรวิโรฒ.,370.1523 ด124ก 2564, Unknown Classification,"บัณฑิตวิทยาลัย มหาวิทยาลัยศรีนครินทรวิโรฒ,",2021,4,https://libswu.on.worldcat.org/oclc/1465566442
1465568011,ระเบียบวิธีวิจัยทางการศึกษา /,นวลอนงค์ บุญฤทธิพงศ์.,001.4 น349ร, Unknown Classification,"ม.ป.พ.],",2009,0,https://libswu.on.worldcat.org/oclc/1465568011
1465572264,ทักษะสำคัญกว่าความรู้ /,สม สุจีรา.,370.1523 ส231ท 2558, Unknown Classification,"สุจีรา,",2015,0,https://libswu.on.worldcat.org/oclc/1465572264
1465572849,"เรียนรู้จากข้อเท็จจริงของเด็กและห้องเรียน การปฏิรูปโรงเรียนด้วย ""ชุมชนแห่งการเรียนรู้"" และการไตร่ตรอง /","ซาโต, มาซาอากิ.; ไซโต, เอสุเกะ.; มุทิตา พานิช.",371.2 ซ215ร 2561, Unknown Classification,"ปิโก (ไทยแลนด์),",2018,1,https://libswu.on.worldcat.org/oclc/1465572849
1465575552,การจัดการเรียนรู้ศิลปศึกษาโดยใช้พิพิธภัณฑ์เป็นฐานเพื่อส่งเสริมสังคมพหุวัฒนธรรมในโรงเรียนระดับประถมศึกษา :รายงานการวิจัยฉบับสมบูรณ์เรื่อง =Learning art education by using museums based to promote multiculturalism in elementary school /,ชัยวัฒน์ ผดุงพงษ์.,370.117 ช432ก 2563, Unknown Classification,"มหาวิทยาลัยสงขลานครินทร์ วิทยาเขตปัตตานี,",2020,0,https://libswu.on.worldcat.org/oclc/1465575552
1465575821,วิธีการจัดการเรียนรู้ในศตวรรษที่ 21 /,กุลิสรา จิตรชญาวณิช.; เกศราพรรณ พันธุ์ศรีเกตุ คงเจริญ.,370.1523 ก728ว 2563, Unknown Classification,"สำนักพิมพ์จุฬาลงกรณ์มหาวิทยาลัย,",2020,1,https://libswu.on.worldcat.org/oclc/1465575821
1465576007,ประสบการณ์การพัฒนาหลักสูตร =Experiences in the development of curriculum : CLM 7706 /,มาลินี บุณยรัตพันธุ์.,375.001 ป392 2559, Unknown Classification,"ภาควิชาหลักสูตรและการสอน มหาวิทยาลัยรามคำแหง,",2016,0,https://libswu.on.worldcat.org/oclc/1465576007
1465576482,ระบบการศึกษา /,คณะกรรมการกองทุนศาสตราจารย์ ดร.อุบล เรียงสุวรรณ.,370 ร228, Unknown Classification,"กองทุน,",1995,0,https://libswu.on.worldcat.org/oclc/1465576482
1465577419,การวิจัยเพื่อพัฒนาหลักสูตรและการสอน /,วารีรัตน์ (ชนกนำชัย) แก้วอุไร.,370.72 ว485ก 2565, Unknown Classification,"สำนักพิมพ์มหาวิทยาลัยนเรศวร,",2022,1,https://libswu.on.worldcat.org/oclc/1465577419
1465577425,เคล็ดลับการทำวิจัยในชั้นเรียน /,สุวิมล ว่องวาณิช.,370.7 ส881ค 2551, Unknown Classification,"พริกหวาน กราฟฟิค,",2008,0,https://libswu.on.worldcat.org/oclc/1465577425
1465578357,จิตวิทยาสำหรับครู /,อัชรา เอิบสุขสิริ.,370.15 อ522จ 2561, Unknown Classification,"สำนักพิมพ์แห่งจุฬาลงกรณ์มหาวิทยาลัย,",2018,0,https://libswu.on.worldcat.org/oclc/1465578357
1465580310,ปรัชญาการศึกษาสำหรับผู้บริหารการศึกษา /,สุนทร โคตรบรรเทา.,370.15 ส788ป, Unknown Classification,"ปัญญาชน,",2010,0,https://libswu.on.worldcat.org/oclc/1465580310
1465581130,การพัฒนารูปแบบการเสริมสร้างสมรรถนะการปฏิบัติการสอนสำหรับนักศึกษาครู /,"แพรวนภา เรียงริลา.; ดนุลดา จามจุรี.,",370.71 พ963ก 2563, Unknown Classification,N/A,2563,0,https://libswu.on.worldcat.org/oclc/1465581130
1465581518,การจัดการเรียนรู้ของครูยุคใหม่--เพื่อพัฒนาทักษะผู้เรียนในศตวรรษที่ 21 /,สุคนธ์ สินธพานนท์.,370.1523 ส748ก5 2558, Unknown Classification,"ศูนย์หนังสือจุฬาลงกรณ์มหาวิทยาลัย [ผู้จัดจำหน่าย],",2015,2,https://libswu.on.worldcat.org/oclc/1465581518
1465581991,การพัฒนาหลักสูตร /,สุรางค์ ธรรมโวหาร.,375.001 ส858ก 2564, Unknown Classification,"คณะศึกษาศาสตร์ มหาวิทยาลัยราชภัฏจันทรเกษม,",2021,2,https://libswu.on.worldcat.org/oclc/1465581991
1465582175,ทฤษฎีและการพัฒนารูปแบบการจัดการเรียนรู้ = / :Theories and development of instructional model /,บุญเลี้ยง ทุมทอง.,370.1523 บ565ท 2559, Unknown Classification,"ทริปเพิ้ล เอ็ดดูเคชั่น,",2016,5,https://libswu.on.worldcat.org/oclc/1465582175
1465582175,ทฤษฎีและการพัฒนารูปแบบการจัดการเรียนรู้ = / :Theories and development of instructional model /,บุญเลี้ยง ทุมทอง.,E He465G 1992, Unknown Classification,"ทริปเพิ้ล เอ็ดดูเคชั่น,",2016,5,https://libswu.on.worldcat.org/oclc/1465582175
1465583303,การวิจัยทางการศึกษา :แนวคิดและการประยุกต์ใช้ = Educational research : concepts and applications /,อิทธิพัทธ์ สุวทันพรกูล.,370.72 อ728ก 2561, Unknown Classification,ภาควิชาการวัดผลและวิจัยการศึกษา คณะศึกษาศาสตร์ มหาวิทยาลัยศรีนครินทร,2018,3,https://libswu.on.worldcat.org/oclc/1465583303
1465583898,การสร้างคนคุณภาพแบบญี่ปุ่น /,วรินทร วูวงศ์.,370.952 ก523 2562, Unknown Classification,"ศูนย์หนังสือมหาวิทยาลัยธรรมศาสตร์ [ผู้จัดจำหน่าย],",2019,0,https://libswu.on.worldcat.org/oclc/1465583898
1465584571,รู้เนื้อหาก่อนสอนเก่ง :การเปลี่ยนวัฒนธรรมคุณภาพในศตวรรษที่ 21 /,พิมพันธ์ เดชะคุปต์.; พเยาว์ ยินดีสุข.,371.3 พ721ร 2558, Unknown Classification,"ศูนย์หนังสือจุฬาลงกรณ์มหาวิทยาลัย [ผู้จัดจำหน่าย],",2015,1,https://libswu.on.worldcat.org/oclc/1465584571
1465585175,การวิจัยและสถิติทางการศึกษา :ประมวลสาระชุดวิชา 24725 = Educational research and statistics /,มหาวิทยาลัยสุโขทัยธรรมาธิราช.,370.72 ก514(42) 2554, Unknown Classification,"สำนักพิมพ์มหาวิทยาลัยสุโขทัยธรรมาธิราช,",2011,1,https://libswu.on.worldcat.org/oclc/1465585175
1465585819,การพัฒนาหลักสูตร =Curriculum development /,สิทธิพล อาจอินทร์.,375.001 ส723ก 2561, Unknown Classification,"คณะศึกษาศาสตร์ มหาวิทยาลัยขอนแก่น,",2018,1,https://libswu.on.worldcat.org/oclc/1465585819
1465586949,สร้างทักษะแห่งอนาคตด้วย Makerspace steam design process /,นรรธพร จันทร์เฉลี่ย เสริบุตร.,370.1523 น218ส 2565, Unknown Classification,"สตาร์ฟิช เอ็ดดูเคชั่น วิสาหกิจเพื่อสังคม :ซีเอ็ดยูเคชั่น [จัดจำหน่าย],",2022,0,https://libswu.on.worldcat.org/oclc/1465586949
1465587652,วิทยาการการจัดการเรียนรู้ :ประมวลสาระชุดวิชา 20503 = Learning management science 20503 /,มหาวิทยาลัยสุโขทัยธรรมาธิราช.,370.1523 ว582 2554, Unknown Classification,"สำนักพิมพ์ มหาวิทยาลัยสุโขทัยธรรมาธิราช,",2011,2,https://libswu.on.worldcat.org/oclc/1465587652
1465588792,การวิจัยเชิงปฏิบัติการในชั้นเรียนเพื่อสร้างความหมายใหม่ในการเรียนรู้ :เชื่อมโลกและห้องเรียนไว้ด้วยกัน = Real wordl & classroom /,วรรณดี สุทธินรากร.,370.72 ว247ก 2563, Unknown Classification,"ศยาม,",2020,0,https://libswu.on.worldcat.org/oclc/1465588792
1465589336,คู่มือออกแบบการเรียนรู้เพื่อสร้าง Growth mindset =The growth mindset coach : a teacher's month-by-month handbook for empowering students to achieve /,"บร็อก, แอนนี.; ฐานันดร วงศ์กิตติธร.; ฮันด์ลีย์, เฮเธอร์.",370.1523 บ199ค 2565, Unknown Classification,"บุ๊คสเคป,",2022,1,https://libswu.on.worldcat.org/oclc/1465589336
1465591137,การปฏิบัติการสอนและฝึกประสบการณ์ :เอกสารประกอบการสอนวิชา ศษ 592 = ED 592 Internship in education /,เพียงใจ พรหมทัศนานนท์.,370.71 พ944ก 2558, Unknown Classification,"ภาควิชาหลักสูตรและการสอน มหาวิทยาลัยศรีนครินทรวิโรฒ,",2015,0,https://libswu.on.worldcat.org/oclc/1465591137
1465592522,วิทยาการการจัดการเรียนรู้ :ประมวลสาระชุดวิชา = Learning management science /,มหาวิทยาลัยสุโขทัยธรรมาธิราช.,370.1523 ว582 2550, Unknown Classification,"สำนักพิมพ์ มหาวิทยาลัยสุโขทัยธรรมาธิราช,",2007,5,https://libswu.on.worldcat.org/oclc/1465592522
1465596091,จิตวิทยาการศึกษา =Educational psychology /,วรรณี ลิมอักษร.,370.15 ว272จ 2554, Unknown Classification,"ภาควิชาจิตวิทยาและการแนะแนว มหาวิทยาลัยทักษิณ,",2011,1,https://libswu.on.worldcat.org/oclc/1465596091
1465597015,หลักคิด :การจัดการหลักสูตรและการสอน /,ไพฑูรย์ สินลารัตน์.,375.001 พ976ห 2562, Unknown Classification,"สำนักพิมพ์แห่งจุฬาลงกรณ์มหาวิทยาลัย,",2019,2,https://libswu.on.worldcat.org/oclc/1465597015
1465598629,จิตวิทยาการเรียนการสอน /,วีรพล แสงปัญญา.,370.15 ว831จ 2566, Unknown Classification,"สำนักพิมพ์แห่งจุฬาลงกรณ์มหาวิทยาลัย,",2023,4,https://libswu.on.worldcat.org/oclc/1465598629
1465598934,กระบวนการาพัฒนาหลักสูตรสถานศึกษาฐานสมรรถนะของโรงเรียนนำร่องในพื้นที่นวัตกรรมการศึกษา :รายงานฉบับสมบูรณ์การวิจัย /,สำนักงานศูนย์วิจัยและให้คำปรึกษาแห่งมหาวิทยาลัยธรรมศาสตร์.,375.001 ก218 2565, Unknown Classification,"สำนัก,",2022,1,https://libswu.on.worldcat.org/oclc/1465598934
1465599366,วิธีวิจัยทางการศึกษา =Research Methodology in Educatioin /,มาเรียม นิลพันธุ์.,370.72 ม486ว 2558, Unknown Classification,"ศูนย์วิจัยและพัฒนาทางการศึกษา คณะศึกษาศาสตร์ มหาวิทยาลัยศิลปากร,",2015,1,https://libswu.on.worldcat.org/oclc/1465599366
1465599610,การเสริมสร้างแรงจูงใจสำหรับผู้เรียนในยุคดิจิทัล =Enhancing student motivation in digital era /,ปิยวรรณ วิเศษสุวรรณภูมิ.,370.154 ป619ก 2566, Unknown Classification,"สำนักพิมพ์จุฬาลงกรณ์มหาวิทยาลัย,",2023,1,https://libswu.on.worldcat.org/oclc/1465599610
1465599663,ศาสตร์และศิลป์ของการสอน /,วิจารณ์ พานิช.; วิมลศรี ศุษิลวรณ์.,371.102 ว519ศ 2560, Unknown Classification,"มูลนิธิสยามกัมมาจล,",2017,1,https://libswu.on.worldcat.org/oclc/1465599663
1465600689,หลักการจัดการเรียนรู้ /,ฆนัท ธาตุทอง.,370.1523 ฆ219ห 2559, Unknown Classification,"ศูนย์หนังสือจุฬาลงกรณ์มหาวิทยาลัย [ผู้จัดจำหน่าย],",2016,0,https://libswu.on.worldcat.org/oclc/1465600689
1465602510,ทักษะแห่งอนาคตใหม่ :การศึกษาเพื่อศตวรรษที่ 21 = 21st century skills : rethinking how students learn /,"เบลลันกา, เจมส์.; แบรนด์, รอน.; วรพจน์ วงศ์กิจรุ่งเรือง.; อธิป จิตตฤกษ์.",370.1523 ท337 2562, Unknown Classification,"บุ๊คสเคป,",2019,0,https://libswu.on.worldcat.org/oclc/1465602510
1465603043,รายงานการวิจัยแนวทางการดำเนินงานสร้างและพัฒนาศูนย์ข้อมูลเพื่อการพัฒนาหลักสูตร /,กรมวิชาการ.,375.000285 ร451, Unknown Classification,"กรม,",1992,1,https://libswu.on.worldcat.org/oclc/1465603043
1465604072,รายงานการวิจัยเพื่่อพัฒนานโยบายและแผนการปฏิรูปการผลิตและ การพัฒนาครู คณาจารย์ และบุคลากรทางการศึกษา /,พฤทธิ์ ศิริบรรณพิทักษ์.; สำนักงานคณะกรรมการการศึกษาแห่งชาติ.,370.71 พ435ร, Unknown Classification,"กลุ่่มงานพัฒนาวิชาชีพครู สำนักงานคณะกรรมการการศึกษาแห่งชาติ,",2003,0,https://libswu.on.worldcat.org/oclc/1465604072
1465608658,สอนคิด :การจัดการเรียนรู้เพื่อพัฒนาการคิด /,ฆนัท ธาตุทอง.,370.152 ฆ219ส, Unknown Classification,"ศูนย์หนังสือจุฬาลงกรณ์มหาวิทยาลัย [ผู้จัดจำหน่าย],",2011,1,https://libswu.on.worldcat.org/oclc/1465608658
1465609835,การวิจัยเพื่อพัฒนาการเรียนรู้ :ปฏิบัติการวิจัยในชั้นเรียน /,พิชิต ฤทธิ์จรูญ.,370.78 พ643ก 2553, Unknown Classification,"คณะครุศาสตร์ สถาบันราชภัฏพระนคร,",2010,1,https://libswu.on.worldcat.org/oclc/1465609835
1465609835,การวิจัยเพื่อพัฒนาการเรียนรู้ :ปฏิบัติการวิจัยในชั้นเรียน /,พิชิต ฤทธิ์จรูญ.,370.78 พ643ก 2553  ร.2, Unknown Classification,"คณะครุศาสตร์ สถาบันราชภัฏพระนคร,",2010,1,https://libswu.on.worldcat.org/oclc/1465609835
1465613029,การวิจัยในชั้นเรียน =Classroom research /,อาฟีฟี ลาเต๊ะ.,370.72 อ629ก 2564, Unknown Classification,"คณะศึกษาศาสตร์ มหาวิทยาลัยสงขลานครินทร์ วิทยาเขตปัตตานี,",2021,0,https://libswu.on.worldcat.org/oclc/1465613029
1465613916,เทคนิคการวิจัยในชั้นเรียน ปรับปรุงใหม่ /,พิชิต ฤทธิ์จรูญ.,370.78 พ647ท 2564, Unknown Classification,"ศูนย์หนังสือจุฬาลงกรณ์มหาวิทยาลัย [ผู้จัดจำหน่าย],",2021,1,https://libswu.on.worldcat.org/oclc/1465613916
1465619185,ปัญหาการเรียนและเทคนิคช่วยให้ลูกเรียนดี /,อุมาพร ตรังคสมบัติ.,370.1523 อ846ป 2561, Unknown Classification,"ปั้นใหม่,",2018,1,https://libswu.on.worldcat.org/oclc/1465619185
1465619812,คู่มือการวิจัย :การเขียนรายงาน การวิจัยและวิทยานิพนธ์ /,บุญธรรม กิจปรีดาบริสุทธิ์.,808.066 บ471ค, Unknown Classification,"ศูนย์หนังสือจุฬาลงกรณ์มหาวิทยาลัย [ผู้จัดจำหน่าย],",2008,1,https://libswu.on.worldcat.org/oclc/1465619812
1465620650,คู่มือการดำเนินงานเครือข่ายพ่อแม่ ผู้ปกครองเพื่อปฏิรูปการเรียนรู้ /,สำนักงานคณะกรรมการการศึกษาแห่งชาติ.,370.19312 ค695, Unknown Classification,"สำนักงาน,",2001,0,https://libswu.on.worldcat.org/oclc/1465620650
1465620709,การพัฒนาและการนำใช้หลักสูตร =Curriculum development and implementation /,"สุนทร โคตรบรรเทา.; ลูเนนเบิร์ก, เฟรดเดอริก ซี.; ออร์นสไตน์, เอลเลน ซี.",375.001 ส788ก, Unknown Classification,"บัณฑิตวิทยาลัย มหาวิทยาลัยอีเทิร์นเอเชีย,",2004,1,https://libswu.on.worldcat.org/oclc/1465620709
1465622532,จิตวิทยาและวิทยาการการเรียนรู้ :เอกสารการสอนชุดวิชา = Psychology and learning methodology /,มหาวิทยาลัยสุโขทัยธรรมาธิราช.,370.15 จ464(2) 2561, Unknown Classification,"สำนักพิมพ์มหาวิทยาลัยสุโขทัยธรรมาธิราช,",2018,1,https://libswu.on.worldcat.org/oclc/1465622532
1465622666,การพัฒนาหลักสูตร มโนทัศน์ และการประยุกต์ใช้ /,มนสิช สิทธิสมบูรณ์.; มหาวิทยาลัยนเรศวร.,375.001 ม161ก 2563, Unknown Classification,"มนสิช สิทธิสมบูรณ์,",2020,1,https://libswu.on.worldcat.org/oclc/1465622666
1465623587,วิธีวิทยาในการพัฒนาหลักสูตรสถานศึกษา :เอกสารคำสอน = Methodologies for school-based curriculum development /,สุขวสา ยอดกมล.; มหาวิทยาลัยศรีนครินทรวิโรฒ.,375.001 ส743ว, Unknown Classification,"ภาควิชาหลักสูตรและการสอน คณะศึกษาศาสตร์ มหาวิทยาลัยศรีนครินทรวิโรฒ,",2008,0,https://libswu.on.worldcat.org/oclc/1465623587
1465625825,การจัดการเรียนรู้ในศตวรรษที่ 21 /,พิมพันธ์ เดชะคุปต์.; พเยาว์ ยินดีสุข.,370.1523 พ721ก 2558, Unknown Classification,"ศูนย์หนังสือจุฬาลงกรณ์มหาวิทยาลัย [ผู้จัดจำหน่าย],",2015,6,https://libswu.on.worldcat.org/oclc/1465625825
1465626148,การจัดการเรียนรู้ /,กุลิสรา จิตรชญาวณิช.,370.1523 ก728ก 2562, Unknown Classification,"สำนักพิมพ์จุฬาลงกรณ์มหาวิทยาลัย,",2019,6,https://libswu.on.worldcat.org/oclc/1465626148
1465627861,ทักษะ 7C ของครู 4.0 /,พิมพันธ์ เดชะคุปต์.; พเยาว์ ยินดีสุข.,371.1 พ721ท 2560, Unknown Classification,"ศูนย์หนังสือจุฬาลงกรณ์มหาวิทยาลัย [ผู้จัดจำหน่าย],",2017,0,https://libswu.on.worldcat.org/oclc/1465627861
1465628424,นวัตกรรมการเรียนรู้แห่งอนาคตแบบฟินแลนด์ =Phenomenal learning form Finland /,"โลนกา, กิร์สติ.; สุนันทา วรรณสินธ์ เบล.; พยุงศักดิ์ แก่นจันทร์.",370.94897 ล964น 2563, Unknown Classification,"บุ๊คสเคป,",2020,3,https://libswu.on.worldcat.org/oclc/1465628424
1465629067,การวิจัยปฏิบัติการในชั้นเรียน =Classroom action research /,สุวิมล ว่องวาณิช.,370.78 ส882ก 2560, Unknown Classification,"สำนักพิมพ์แห่งจุฬาลงกรณ์มหาวิทยาลัย,",2017,0,https://libswu.on.worldcat.org/oclc/1465629067
1465631476,ทฤษฎีหลักสูตร /,ธำรง บัวศรี.,375 ธ, Unknown Classification,"โครงการพัฒนาการศึกษา กระทรวงศึกษาธิการ,",1961,0,https://libswu.on.worldcat.org/oclc/1465631476
1465631476,ทฤษฎีหลักสูตร /,ธำรง บัวศรี.,375 ธ551ท, Unknown Classification,"โครงการพัฒนาการศึกษา กระทรวงศึกษาธิการ,",1961,0,https://libswu.on.worldcat.org/oclc/1465631476
1465631671,วิถีการเรียนรู้ :คุณลักษณะที่คาดหวังในช่วงวัย /,สุมน อมรวิวัฒน์.; สำนักงานคณะกรรมการการศึกษาแห่งชาติ.,370.1523 ว577, Unknown Classification,"สำนักงาน,",2003,1,https://libswu.on.worldcat.org/oclc/1465631671
1465634819,แนวคิดพื้นฐานการสร้างและการพัฒนาหลักสูตร /,สุนีย์ ภู่พันธ์.,375 ส821น, Unknown Classification,"เดอะโนว์เลด เซ็นเตอร์,",2003,3,https://libswu.on.worldcat.org/oclc/1465634819
1465634888,อยากสอนศิษย์ให้คิดเป็น =Thinking teacher /,บรรจง อมรชีวิน.,370.152 บ147อ 2560, Unknown Classification,"อมรินทร์ บุ๊ค เซ็นเตอร์ [ผู้จัดจำหน่าย],",2017,0,https://libswu.on.worldcat.org/oclc/1465634888
1465638274,หลักสูตรและการสอน /,สุมิตร คุณานุกร.,375 ส843ห 2520, Unknown Classification,"แผนกวิชาอุดมศึกษา คณะครุศาสตร์ จุฬาลงกรณมหาวิทยาลัย,",1977,1,https://libswu.on.worldcat.org/oclc/1465638274
1465641053,รายงานการวิจัยเรื่องการสังเคราะห์งานวิจัยทางการศึกษาด้วยการวิเคราะห์อภิมานและการวิเคราะห์เนื้อหา =A synthesis of research in education using meta-analysis and content analysis /,นงลักษณ์ วิรัชชัย.; สุวิมล ว่องวาณิช.; สำนักงานคณะกรรมการการศึกษาแห่งชาติ.,370.78 น149ร, Unknown Classification,"สำนักงานคณะกรรมการการศึกษาแห่งชาติ,",1998,0,https://libswu.on.worldcat.org/oclc/1465641053
1465642398,พัฒนศึกษาศาสตร์ :ศาสตร์แห่งการเรียนรู้และถ่ายทอดการพัฒนา /,นภาภรณ์ หะวานนท์.; มหาวิทยาลัยศรีนครินทรวิโรฒ.,370.19 พ529, Unknown Classification,"บัณฑิตวิทยาลัยมหาวิทยาลัยศรีนครินทรวิโรฒ,",1996,1,https://libswu.on.worldcat.org/oclc/1465642398
1465644235,รายงานการวิจัยการประเมินผลการดำเนินงานตามโครงการคุรุทายาทของกระทรวงศึกษาธิการ (พ.ศ. 2535-2539) /,กรมวิชาการ.,370.71 ก169ร, Unknown Classification,"กรม,",1997,0,https://libswu.on.worldcat.org/oclc/1465644235
1465645653,การบูรณาการวิธีคิดแบบโยนิโสมนสิการกับปรัชญาสำหรับเด็ก :รายงานการวิจัยเรื่อง = Integration of Yonisomanasikara and philosophy for children /,วีรยุทธ เกิดในมงคล.,370.1523 ว833ก, Unknown Classification,"ภาควิชาปรัชญาและศาสนา มหาวิทยาลัยศรีนครินทรวิโรฒ,",2012,1,https://libswu.on.worldcat.org/oclc/1465645653
1465645941,วิธีวิทยาการวิจัยทางการศึกษา :จุดประกายความคิดใหม่ = Educational research methodology: inspiring new perspectives /,สุวิมล ว่องวาณิช.,370.72 ส882ว 2559, Unknown Classification,"ม.ป.พ.],",2016,0,https://libswu.on.worldcat.org/oclc/1465645941
1465647411,ทักษะแห่งอนาคตใหม่ :การศึกษาเพื่อศตวรรษที่ 21 = 21st century skills : rethinking how students learn /,"เบลลันกา, เจมส์.; แบรนด์, รอน.; วรพจน์ วงศ์กิจรุ่งเรือง.; อธิป จิตตฤกษ์.",370.1523 ท337 2556, Unknown Classification,"โอเพ่นเวิลด์ส :ซีเอ็ดยูเคชั่น [จัดจำหน่าย],",2013,0,https://libswu.on.worldcat.org/oclc/1465647411
1465648747,การประเมินอภิมาน :วิธีวิทยาและการประยุกต์ใช้ /,สุวิมล ว่องวาณิช.; จุฬาลงกรณ์มหาวิทยาลัย.,001.433 ก491, Unknown Classification,"ศูนย์เครือข่าย สมศ. คณะครุศาสตร์ จุฬาลงกรณ์มหาวิทยาลัย,",2006,1,https://libswu.on.worldcat.org/oclc/1465648747
1465648778,การวิจัยทางสังคมศึกษา =Social studies research /,ชนันภรณ์ อารีกุล.,300.72 ช148ก 2561, Unknown Classification,"นิติธรรมการพิมพ์,",2018,0,https://libswu.on.worldcat.org/oclc/1465648778
1465649626,การศึกษาและการเรียนรู้ตลอดชีวิต :แนวคิด หลักการ และสาระสำคัญ /,ชนันภรณ์ อารีกุล.,374 ช148ก 2563, Unknown Classification,"สำนักพิมพ์จุฬาลงกรณ์มหาวิทยาลัย,",2020,1,https://libswu.on.worldcat.org/oclc/1465649626
1465650091,มิติใหม่ทางการศึกษาเพื่อความเป็นมนุษย์ที่สมบูรณ์ =Krishnamurti on education /,"กฤษณมูรติ, จิฑฑุ.; พยับแดด.",370.1 ก281ม, Unknown Classification,"อมรินทร์พริ้นติ้งแอนด์พับลิชชิ่ง,",2006,1,https://libswu.on.worldcat.org/oclc/1465650091
1465652857,ประสบการณ์ทางวิชาชีพครู 1 :เอกสารประกอบการสอน วิชาศึกษา 163 = ED 163 Professional Experience I /,คณาภรณ์ รัศมีมารีย์.,370.71 ค128ป, Unknown Classification,โรงเรียนสาธิตมหาวิทยาลัยศรีนครินทรวิโรฒ ปทุมวัน มหาวิทยาลัยศรีนครินท,2004,0,https://libswu.on.worldcat.org/oclc/1465652857
1465654329,การวิจัยสถาบัน :เครื่องมือพัฒนาสถาบันสู่ความเป็นเลิศ = Institutional research: a crucial tool for achieving institutional excellence /,องอาจ นัยพัฒน์.,378.0072 อ117ก 2561, Unknown Classification,"ศูนย์หนังสือจุฬาลงกรณ์มหาวิทยาลัย [ผู้จัดจำหน่าย],",2018,0,https://libswu.on.worldcat.org/oclc/1465654329
1465654394,การจัดการเชิงยุทธศาสตร์สำหรับ CEO /,บุญเกียรติ ชีวะตระกูลกิจ.,370.1523 อ911ก 2559, Unknown Classification,"ศูนย์หนังสือจุฬาลงกรณ์มหาวิทยาลัย (จัดจำหน่าย),",2016,0,https://libswu.on.worldcat.org/oclc/1465654394
1465656515,การพัฒนาหลักสูตร :ทฤษฎีสู่การปฏิบัติ /,ชัยวัฒน์ สุทธิรัตน์.,375.001 ช432ก 2559, Unknown Classification,"ศูนย์ฟนังสือจุฬาลงกรณ์มหาวิทยาลัย [ผู้จัดจำหน่าย],",2016,1,https://libswu.on.worldcat.org/oclc/1465656515
1465658359,แก่นวิจัยในชั้นเรียน /,นพดล เจนอักษร.,370.78 น169ก, Unknown Classification,"ดวงกมลสมัย [ผู้จัดจำหน่าย],",2001,0,https://libswu.on.worldcat.org/oclc/1465658359
1465659149,ปฏิบัติการวิจัยในชั้นเรียน ครูทุกคนทำได้ไม่ยาก /,พิชิต ฤทธิ์จรูญ.,370.78 พ647ป 2561, Unknown Classification,"ศูนย์หนังสือจุฬาลงกรณ์มหาวิทยาลัย [ผู้จัดจำหน่าย],",2018,1,https://libswu.on.worldcat.org/oclc/1465659149
